productId,description,brand,price,size,inventory,fulfillment
"0074236520865","Horizon Organic Shelf Stable 1% Lowfat Strawberry Milk","Horizon Organic","1.5","8 fl oz","HIGH","inStore:true; curbside:true; delivery:true; shipToHome:false"
"0001111042861","Simple Truth Organic® 2% Reduced Fat Milk with DHA Omega-3 Half Gallon","Simple Truth Organic","4.99","1/2 gal","HIGH","inStore:true; curbside:true; delivery:true; shipToHome:false"
"0001111040601","Kroger® Vitamin D Whole Milk Half Gallon","Kroger","1.99","1/2 gal","HIGH","inStore:true; curbside:true; delivery:true; shipToHome:false"
"0001111042305","Kroger® Skim Milk Half Gallon","Kroger","1.99","1/2 gal","HIGH","inStore:true; curbside:true; delivery:true; shipToHome:false"
"0009396651300","Organic Valley® Whole Milk Half Gallon","Organic Valley","6.29","64 fl oz","LOW","inStore:true; curbside:true; delivery:true; shipToHome:false"
"0009396651500","Organic Valley® 2% Reduced Fat Milk Half Gallon","Organic Valley","6.29","1/2 gal","HIGH","inStore:true; curbside:true; delivery:true; shipToHome:false"
"0074236500421","Horizon Organic Shelf Stable 1% Lowfat Strawberry Milk","Horizon Organic","8.49","6 ct / 8 fl oz","LOW","inStore:true; curbside:true; delivery:true; shipToHome:false"
"0074236500420","Horizon Organic Shelf Stable 1% Lowfat Milk","Horizon Organic","8.49","6 ct / 8 fl oz","TEMPORARILY_OUT_OF_STOCK","inStore:true; curbside:true; delivery:true; shipToHome:false"
"0001111050438","Simple Truth Organic® Lactose Free 2% Reduced Fat Milk Half Gallon","Simple Truth Organic","4.99","1/2 gal","HIGH","inStore:true; curbside:true; delivery:true; shipToHome:false"
"0001111050434","Simple Truth Organic® Lactose Free Vitamin D Whole Milk Half Gallon","Simple Truth Organic","4.99","1/2 gal","HIGH","inStore:true; curbside:true; delivery:true; shipToHome:false"
"0001111042850","Simple Truth Organic® Vitamin D Whole Milk Half Gallon","Simple Truth Organic","4.69","1/2 gal","HIGH","inStore:true; curbside:true; delivery:true; shipToHome:false"
"0001111042852","Simple Truth Organic® 2% Reduced Fat Milk Half Gallon","Simple Truth Organic","4.69","1/2 gal","HIGH","inStore:true; curbside:true; delivery:true; shipToHome:false"
"0001111041600","Kroger® 2% Reduced Fat Milk Half Gallon","Kroger","1.99","1/2 gal","HIGH","inStore:true; curbside:true; delivery:true; shipToHome:false"
"0001111050277","Kroger® 2% Reduced Fat Milk 16 fl. oz. Bottle","Kroger","1.79","1 pt","HIGH","inStore:true; curbside:true; delivery:true; shipToHome:false"
"0001111001024","Simple Truth Organic® 2% Reduced Fat Milk Gallon","Simple Truth Organic","8.49","1 gal","HIGH","inStore:true; curbside:true; delivery:true; shipToHome:false"
"0001111042856","Simple Truth Organic® Skim Fat Free Milk Half Gallon","Simple Truth Organic","4.69","1/2 gal","LOW","inStore:true; curbside:true; delivery:true; shipToHome:false"
"0001111050274","Kroger® Vitamin D Whole Milk 16 fl. oz. Bottle","Kroger","1.79","1 pt","HIGH","inStore:true; curbside:true; delivery:true; shipToHome:false"
"0001111008019","Simple Truth Organic® Low Fat Chocolate Milk","Simple Truth Organic","14.99","12 ct / 8 fl oz","TEMPORARILY_OUT_OF_STOCK","inStore:true; curbside:true; delivery:true; shipToHome:false"
"0004138309036","Lactaid® Lactose Free Whole Milk Half Gallon","Lactaid","4.99","1/2 gallon","HIGH","inStore:true; curbside:true; delivery:true; shipToHome:false"
"0001111042858","Simple Truth Organic® Vitamin D Whole Milk with DHA Omega-3 Half Gallon","Simple Truth Organic","4.99","1/2 gal","HIGH","inStore:true; curbside:true; delivery:true; shipToHome:false"
"0001111050075","Simple Truth Organic® Whole Chocolate Milk Half Gallon","Simple Truth Organic","4.99","1/2 gal","HIGH","inStore:true; curbside:true; delivery:true; shipToHome:false"
"0074236526425","Horizon Organic Vitamin D 2 Percent Milk - Vitamin D Reduced Fat Milk","Horizon Organic","6.79","1/2 gal","LOW","inStore:true; curbside:true; delivery:true; shipToHome:false"
"0001111082556","Kroger® Lactose Free 2% Reduced Fat Milk Half Gallon","Kroger","3.49","1/2 gal","HIGH","inStore:true; curbside:true; delivery:true; shipToHome:false"
"0074236526501","Horizon Organic Growing Years 2% Milk for Kids","Horizon Organic","7.99","59 fl oz","HIGH","inStore:true; curbside:true; delivery:true; shipToHome:false"
"0085508800546","Maple Hill 100% Grassfed Organic Whole Milk","Maple Hill","8.49","59 fl oz","LOW","inStore:true; curbside:true; delivery:true; shipToHome:false"
"0074236500539","Horizon Organic Lactose Free Milk - Whole Milk","Horizon Organic","7.29","1/2 gal","TEMPORARILY_OUT_OF_STOCK","inStore:true; curbside:true; delivery:true; shipToHome:false"
"0074236500417","Horizon Organic Shelf Stable 1% Lowfat Vanilla Milk","Horizon Organic","8.49","6 ct / 8 fl oz","LOW","inStore:true; curbside:true; delivery:true; shipToHome:false"
"0074236500416","Horizon Organic Shelf Stable 1% Lowfat Chocolate Milk","Horizon Organic","8.49","6 ct / 8 fl oz","LOW","inStore:true; curbside:true; delivery:true; shipToHome:false"
"0074236520885","Horizon Organic Shelf Stable 1% Lowfat Chocolate Milk","Horizon Organic","1.5","8 fl oz","HIGH","inStore:true; curbside:true; delivery:true; shipToHome:false"
"0001111040101","Kroger® Vitamin D Whole Milk Gallon","Kroger","2.99","1 gal","HIGH","inStore:true; curbside:true; delivery:true; shipToHome:false"
"0001111008009","Simple Truth Organic® 1% Lowfat Milk Bottles","Simple Truth Organic","14.99","12 bottles / 8 fl oz","TEMPORARILY_OUT_OF_STOCK","inStore:true; curbside:true; delivery:true; shipToHome:false"
"0074236526435","Horizon Organic DHA Omega-3 Milk - DHA 2 Percent Milk","Horizon Organic","7.29","1/2 gal","LOW","inStore:true; curbside:true; delivery:true; shipToHome:false"
"0081162002016","fairlife Ultra-Filtered Milk, Lactose Free, High Protein, Whole Milk","Fairlife","5.99","52 fl oz","HIGH","inStore:true; curbside:true; delivery:true; shipToHome:false"
"0074236500708","Horizon Organic Grassfed 2 Percent Milk - Reduced Fat Milk","Horizon Organic","7.99","59 fl oz","LOW","inStore:true; curbside:true; delivery:true; shipToHome:false"
"0001111041660","Kroger® 1% Lowfat Milk Gallon","Kroger","2.99","1 gal","HIGH","inStore:true; curbside:true; delivery:true; shipToHome:false"
"0001111041661","Kroger® 1% Lowfat Milk Half Gallon","Kroger","1.99","1/2 gal","HIGH","inStore:true; curbside:true; delivery:true; shipToHome:false"
"0001111050573","Kroger® 1% Lowfat Chocolate Milk Gallon","Kroger","3.99","1 gal","HIGH","inStore:true; curbside:true; delivery:true; shipToHome:false"
"0001111042315","Kroger® Skim Milk Gallon","Kroger","2.99","1 gal","HIGH","inStore:true; curbside:true; delivery:true; shipToHome:false"
"0001111050574","Kroger 1% Lowfat Chocolate Milk Half Gallon","Kroger","2.79","1/2 gal","HIGH","inStore:true; curbside:true; delivery:true; shipToHome:false"
"0001111041700","Kroger® 2% Reduced Fat Milk Gallon","Kroger","2.99","1 gal","HIGH","inStore:true; curbside:true; delivery:true; shipToHome:false"
"0074236500270","Horizon Organic Shelf Stable 1% Lowfat Chocolate Milk","Horizon Organic","14.99","12 ct / 8 fl oz","","inStore:true; curbside:true; delivery:true; shipToHome:false"
"0074236500433","Horizon Organic Shelf Stable 1% Lowfat Strawberry Milk","Horizon Organic","14.99","12 ct / 8 fl oz","","inStore:false; curbside:false; delivery:false; shipToHome:false"
"0074236500432","Horizon Organic Shelf Stable 1% Lowfat DHA Omega-3 Chocolate Milk","Horizon Organic","9.99","6 ct / 8 fl oz","LOW","inStore:true; curbside:true; delivery:true; shipToHome:false"
"0074236526445","Horizon Organic Vitamin D Whole Milk - Vitamin D Milk","Horizon Organic","6.79","1/2 gal","HIGH","inStore:true; curbside:true; delivery:true; shipToHome:false"
"0009396600586","Organic Valley® Grassmilk® Organic Grassfed 2% Reduced Fat Milk","Organic Valley","7.49","59 fl oz","LOW","inStore:true; curbside:true; delivery:true; shipToHome:false"
"0074236526402","Horizon Organic Lactose Free Milk - 2% Reduced Fat Milk","Horizon Organic","7.29","1/2 gal","HIGH","inStore:true; curbside:true; delivery:true; shipToHome:false"
"0085508800568","Maple Hill 100% Grassfed Organic 2% Reduced Fat Milk","Maple Hill","8.49","59 fl oz","LOW","inStore:true; curbside:true; delivery:true; shipToHome:false"
"0074236526405","Horizon Organic Vitamin D Nonfat Milk - Vitamin D Milk","Horizon Organic","6.79","1/2 gal","TEMPORARILY_OUT_OF_STOCK","inStore:true; curbside:true; delivery:true; shipToHome:false"
"0074236500434","Horizon Organic Shelf Stable 1% Lowfat Milk","Horizon Organic","14.99","12 ct / 8 fl oz","","inStore:true; curbside:true; delivery:true; shipToHome:false"
"0074236500318","Horizon Organic Shelf Stable 1% Lowfat Vanilla Milk","Horizon Organic","14.99","12 ct / 8 fl oz","","inStore:true; curbside:true; delivery:true; shipToHome:false"
"0004138315547","Lactaid® Lactose Free Chocolate Whole Milk Half Gallon","Lactaid","4.99","64 oz","HIGH","inStore:true; curbside:true; delivery:true; shipToHome:false"
"0001111050326","Kroger 1% Lowfat Chocolate Milk Quart","Kroger","3.29","1 qt","HIGH","inStore:true; curbside:true; delivery:true; shipToHome:false"
"0007273023230","Prairie Farms Lactose Free 2% Reduced Fat Milk","Prairie Farms","5.99","1 gal","TEMPORARILY_OUT_OF_STOCK","inStore:false; curbside:false; delivery:false; shipToHome:false"
"0001111050324","Kroger® 1% Lowfat Milk 32 fl. oz. Bottle","Kroger","2.79","1 qt","HIGH","inStore:true; curbside:true; delivery:true; shipToHome:false"
"0001111050325","Kroger® Fat Free Skim Milk Quart","Kroger","2.79","1 qt","HIGH","inStore:true; curbside:true; delivery:true; shipToHome:false"
"0081326702007","a2 Milk 2% Reduced Fat Milk 59 fl oz","A2 Milk","4.99","59 fl oz","LOW","inStore:true; curbside:true; delivery:true; shipToHome:false"
"0001111050322","Kroger® Whole Vitamin D Milk 32 fl. oz. Bottle","Kroger","2.79","1 qt","HIGH","inStore:true; curbside:true; delivery:true; shipToHome:false"
"0001111050323","Kroger® 2% Reduced Fat Milk 32 fl. oz. Bottle","Kroger","2.59","1 qt","HIGH","inStore:true; curbside:true; delivery:true; shipToHome:false"
"0005200005818","Muscle Milk® Chocolate High Protein Shake Multipack","Muscle Milk","8.99","4 pk / 11 fl oz","LOW","inStore:true; curbside:true; delivery:true; shipToHome:false"
"0007273023117","Prairie Farms® Fat Free Milk","Prairie Farms","5.99","1 gal","TEMPORARILY_OUT_OF_STOCK","inStore:false; curbside:false; delivery:false; shipToHome:false"
"0081326702000","a2 Milk Whole Milk 59 fl oz","A2 Milk","4.99","59 fl oz","LOW","inStore:true; curbside:true; delivery:true; shipToHome:false"
"0005200006820","Muscle Milk® Pro Cookies ‘N Creme High Protein Shake Multipack","Muscle Milk","11.99","4 pk / 11 fl oz","LOW","inStore:true; curbside:true; delivery:true; shipToHome:false"
"0005200006701","Muscle Milk® Pro Strawberries ‘N Creme High Protein Shake Multipack","Muscle Milk","10.99","4 pk / 11 fl oz","HIGH","inStore:true; curbside:true; delivery:true; shipToHome:false"
"0007273022306","Prairie Farms 2% Reduced Fat Milk","Prairie Farms","2.89","1 qt","TEMPORARILY_OUT_OF_STOCK","inStore:false; curbside:false; delivery:false; shipToHome:false"
"0009396600998","Organic Valley® Grassmilk® Organic Grassfed Whole Milk","Organic Valley","7.49","59 fl oz","LOW","inStore:true; curbside:true; delivery:true; shipToHome:false"
"0001111016341","Kroger® CARBMaster® Lactose Free Vanilla Flavored Milk","Kroger Carbmaster","4.99","59 fl oz","LOW","inStore:true; curbside:true; delivery:true; shipToHome:false"
"0001111043266","Kroger® Whole Chocolate Milk Half Gallon","Kroger","3.09","1/2 gal","HIGH","inStore:true; curbside:true; delivery:true; shipToHome:false"
"0001111016340","Kroger® CARBMaster® Lactose Free Lowfat Chocolate Milk","Kroger Carbmaster","4.99","59 fl oz","HIGH","inStore:true; curbside:true; delivery:true; shipToHome:false"
"0001111050278","Kroger® Skim Fat Free Milk 16 fl. oz. Bottle","Kroger","1.79","1 pt","HIGH","inStore:true; curbside:true; delivery:true; shipToHome:false"
"0004138309073","Lactaid® Lactose-Free Whole Milk","Lactaid","6.99","96 fl oz","HIGH","inStore:true; curbside:true; delivery:true; shipToHome:false"
"0007273021202","Prairie Farms® Whole Vitamin D Milk","Prairie Farms","4.19","0.5 gal","TEMPORARILY_OUT_OF_STOCK","inStore:false; curbside:false; delivery:false; shipToHome:false"
"0007273023229","Prairie Farms Lactose Free Whole Milk","Prairie Farms","5.99","1 gal","TEMPORARILY_OUT_OF_STOCK","inStore:false; curbside:false; delivery:false; shipToHome:false"
"0007290400015","Meyenberg Low fat Goat Milk","Meyenberg","6.99","1 quart","TEMPORARILY_OUT_OF_STOCK","inStore:true; curbside:true; delivery:true; shipToHome:false"
"0001111006991","Kroger® Whole Vitamin D Ultra Pasteurized Milk","Kroger","3.79","59 oz","HIGH","inStore:true; curbside:true; delivery:true; shipToHome:false"
"0081547301504","LaLa® Lactose Free 2% Reduced Fat Shelf Stable Milk","LaLa","3.99","1 qt","HIGH","inStore:true; curbside:true; delivery:true; shipToHome:false"
"0074236526502","Horizon Organic Growing Years Whole Milk for Kids","Horizon Organic","7.99","59 fl oz","HIGH","inStore:true; curbside:true; delivery:true; shipToHome:false"
"0081547301503","LaLa® Whole Milk","LaLa","3.99","1 qt","LOW","inStore:true; curbside:true; delivery:true; shipToHome:false"
"0001111006988","Kroger® 2% Reduced Fat Milk Bottle","Kroger","3.79","59 oz","HIGH","inStore:true; curbside:true; delivery:true; shipToHome:false"
"0007273021312","Prairie Farms Whole Vitamin D Milk","Prairie Farms","2.89","1 qt","TEMPORARILY_OUT_OF_STOCK","inStore:false; curbside:false; delivery:false; shipToHome:false"
"0007290400003","Meyenberg Fresh Whole Goat Milk, Quart, Certified Humane, Kosher, Gluten Free, Easy to Digest","Meyenberg","6.99","32 fl oz","LOW","inStore:true; curbside:true; delivery:true; shipToHome:false"
"0007273023216","Prairie Farms® Fat Free Milk","Prairie Farms","3.79","0.5 gal","TEMPORARILY_OUT_OF_STOCK","inStore:false; curbside:false; delivery:false; shipToHome:false"
"0007273021110","Prairie Farms® Whole Vitamin D Milk","Prairie Farms","5.99","1 gal","TEMPORARILY_OUT_OF_STOCK","inStore:false; curbside:false; delivery:false; shipToHome:false"
"0007273022202","Prairie Farms® 2% Reduced Fat Milk","Prairie Farms","3.99","0.5 gal","TEMPORARILY_OUT_OF_STOCK","inStore:false; curbside:false; delivery:false; shipToHome:false"
"0081326702023","Hershey's A2 2% Reduced Fat Chocolate Milk 12 - 8 fl oz Boxes","Hershey's","13.99","12 ct / 8 fl oz","TEMPORARILY_OUT_OF_STOCK","inStore:true; curbside:true; delivery:true; shipToHome:false"
"0085631200275","fairlife Ultra-Filtered Milk, Lactose Free, High Protein, Fat Free Milk","Fairlife","5.99","52 fl oz","HIGH","inStore:true; curbside:true; delivery:true; shipToHome:false"
"0005200006688","Muscle Milk® Cookies ‘N Creme High Protein Shake Multipack","Muscle Milk","8.99","4 pk / 11 fl oz","TEMPORARILY_OUT_OF_STOCK","inStore:true; curbside:true; delivery:true; shipToHome:false"
"0085631200277","fairlife Ultra-Filtered Milk, Lactose Free, High Protein, 2% Reduced Fat Milk","Fairlife","5.99","52 fl oz","HIGH","inStore:true; curbside:true; delivery:true; shipToHome:false"
"0001111008243","Kroger® Lactose Free 1% Low Fat Milk Half Gallon","Kroger","3.49","1/2 gal","HIGH","inStore:true; curbside:true; delivery:true; shipToHome:false"
"0074236500767","Horizon Organic Shelf Stable Whole Milk","Horizon Organic","8.49","6 ct / 8 fl oz","HIGH","inStore:true; curbside:true; delivery:true; shipToHome:false"
"0001111008163","Kroger® Lactose Free Skim Milk Half Gallon","Kroger","3.49","1/2 gal","HIGH","inStore:true; curbside:true; delivery:true; shipToHome:false"
"0001111085333","Kroger® Lactose Free Vitamin D Milk Half Gallon","Kroger","3.49","1/2 gal","HIGH","inStore:true; curbside:true; delivery:true; shipToHome:false"
"0007273022110","Prairie Farms® 2% Reduced Fat Milk","Prairie Farms","5.99","1 gal","TEMPORARILY_OUT_OF_STOCK","inStore:false; curbside:false; delivery:false; shipToHome:false"
"0074236500707","Horizon Organic Grassfed Vitamin D Whole Milk","Horizon Organic","7.99","59 fl oz","HIGH","inStore:true; curbside:true; delivery:true; shipToHome:false"
"0001111042712","Kroger® Cultured Whole Milk Buttermilk Half Gallon","Kroger","4.99","1/2 gal","HIGH","inStore:true; curbside:true; delivery:true; shipToHome:false"
"0001111001129","Simple Truth Organic® Vitamin D Whole Milk Gallon","Simple Truth Organic","8.49","1 gal","HIGH","inStore:true; curbside:true; delivery:true; shipToHome:false"
"0002640041757","Darigold FIT Whole Milk Ultra-Filtered","Darigold","5.29","59 fl oz","LOW","inStore:true; curbside:true; delivery:true; shipToHome:false"
"0005200006698","Muscle Milk® Pro Vanilla Creme High Protein Shake Multipack","Muscle Milk","10.99","4 pk / 11 fl oz","TEMPORARILY_OUT_OF_STOCK","inStore:true; curbside:true; delivery:true; shipToHome:false"
"0074236526447","Horizon Organic DHA Omega-3 Milk - DHA Whole Milk","Horizon Organic","7.29","1/2 gal","LOW","inStore:true; curbside:true; delivery:true; shipToHome:false"
"0007273023208","Prairie Farms 1% Lowfat Milk","Prairie Farms","3.99","1/2 gal","TEMPORARILY_OUT_OF_STOCK","inStore:false; curbside:false; delivery:false; shipToHome:false"
"0002640041756","Darigold FIT 2% Milk Ultra-Filtered","Darigold","5.29","59 fl oz","HIGH","inStore:true; curbside:true; delivery:true; shipToHome:false"
"0086102900012","MALK Organic Vanilla Almond Milk - Dairy Free","Malk","6.99","28 fl oz","LOW","inStore:true; curbside:true; delivery:true; shipToHome:false"
"0002529300119","Silk Dark Chocolate Dairy Free Vegan Almond Milk","Silk","3.69","1/2 gal","HIGH","inStore:true; curbside:true; delivery:true; shipToHome:false"
"0001111014430","Kroger® Reduced Calorieˆ Milk Chocolate Flavored Hot Cocoa Mix","Kroger","2.99","8 ct / 3.10 oz","HIGH","inStore:true; curbside:true; delivery:true; shipToHome:false"
"0001111013265","Simple Truth® Dairy Free Vanilla Almond Milk Half Gallon","Simple Truth","2.79","1/2 gal","TEMPORARILY_OUT_OF_STOCK","inStore:true; curbside:true; delivery:true; shipToHome:false"
"0004157005670","Almond Breeze Dairy Free Unsweetened Original Almond Milk Half Gallon","Almond Breeze","3.79","1/2 gal","HIGH","inStore:true; curbside:true; delivery:true; shipToHome:false"
"0001111013268","Simple Truth® Dairy Free Unsweetened Vanilla Almond Milk Half Gallon","Simple Truth","2.79","1/2 gal","HIGH","inStore:true; curbside:true; delivery:true; shipToHome:false"
"0001111013266","Simple Truth® Dairy Free Chocolate Almond Milk Half Gallon","Simple Truth","2.79","1/2 gal","TEMPORARILY_OUT_OF_STOCK","inStore:true; curbside:true; delivery:true; shipToHome:false"
"0002800051575","Nesquik Strawberry Milk Ready to Drink Low-fat Milk","Nesquik","1.69","14 fl oz","HIGH","inStore:true; curbside:true; delivery:true; shipToHome:false"
"0007273026454","Prairie Farms® Vitamin D Salted Caramel Flavored Milk","Prairie Farms","2.19","14 fl oz","TEMPORARILY_OUT_OF_STOCK","inStore:false; curbside:false; delivery:false; shipToHome:false"
"0007273026453","Prairie Farms Chocolate & P.B. Flavored Milk","Prairie Farms","2.19","14 fl oz","TEMPORARILY_OUT_OF_STOCK","inStore:false; curbside:false; delivery:false; shipToHome:false"
"0007273026210","Prairie Farms 2% Reduced Fat Chocolate Milk","Prairie Farms","4.49","1/2 gal","TEMPORARILY_OUT_OF_STOCK","inStore:false; curbside:false; delivery:false; shipToHome:false"
"0004410015620","Planet Oat® Dairy Free Dark Chocolate Oat Milk","Planet Oat","3.69","52 fl oz","LOW","inStore:true; curbside:true; delivery:true; shipToHome:false"
"0085804500451","Milkadamia® Unsweetened Vanilla Macadamia Milk","Milkadamia","4.99","32 fl oz","LOW","inStore:true; curbside:true; delivery:true; shipToHome:false"
"0001111050279","Kroger® 1% Lowfat Chocolate Milk Pint","Kroger","1.79","1 pt","HIGH","inStore:true; curbside:true; delivery:true; shipToHome:false"
"0085004588703","Spylt Max Caffeinated Chocolate Milk","Spylt","39.99","12 cans / 11 fl oz","","inStore:false; curbside:false; delivery:false; shipToHome:false"
"0085004588706","Spylt Caffeinated Strawberry Milk Protein Drink Can","Spylt","3.79","11 fl oz","HIGH","inStore:true; curbside:true; delivery:true; shipToHome:false"
"0002529300099","Silk Vanilla Shelf Stable Dairy Free Almond Milk","Silk","3.69","1/2 gal","HIGH","inStore:true; curbside:true; delivery:true; shipToHome:false"
"0085004588700","Spylt Max Caffeinated Protein Chocolate Milk Can","Spylt","3.79","11 fl oz","HIGH","inStore:true; curbside:true; delivery:true; shipToHome:false"
"0076982894269","Binggrae® Strawberry Flavored Milk Drink Multipack","Binggrae","11.19","6 ct / 6.8 fl oz","LOW","inStore:true; curbside:true; delivery:true; shipToHome:false"
"0085004588701","Spylt Caffeinated Chocolate Milk Protein Drink Can","Spylt","3.79","11 fl oz","HIGH","inStore:true; curbside:true; delivery:true; shipToHome:false"
"0076352830603","Promised Land® Midnight Chocolate Flavored Whole Milk","Promised Land","5.79","1 quart","HIGH","inStore:true; curbside:true; delivery:true; shipToHome:false"
"0076982822160","Binggrae® Banana Flavored Milk Drink","Binggrae","11.19","6 pk / 41 fl oz","TEMPORARILY_OUT_OF_STOCK","inStore:true; curbside:true; delivery:true; shipToHome:false"
"0004157011008","Blue Diamond® Almond Breeze® Dairy Free Unsweetened Vanilla Almond Milk","Blue Diamond","4.99","96 fl oz","LOW","inStore:true; curbside:true; delivery:true; shipToHome:false"
"0004410015621","Planet Oat Dairy Free Vanilla Oat Milk 52 fl oz","Planet Oat","3.69","52 fl oz","HIGH","inStore:true; curbside:true; delivery:true; shipToHome:false"
"0081829001699","Chobani® Dairy Free Vanilla Oat Milk","Chobani","4.59","52 fl oz","HIGH","inStore:true; curbside:true; delivery:true; shipToHome:false"
"0002529360027","Silk Vanilla Dairy Free Vegan Soy Milk Half Gallon","Silk","4.29","1/2 gal","TEMPORARILY_OUT_OF_STOCK","inStore:true; curbside:true; delivery:true; shipToHome:false"
"0004157010993","Almond Breeze® Dairy-Free Hint of Honey Vanilla Almond Milk","Almond Breeze","3.79","1/2 gal","HIGH","inStore:true; curbside:true; delivery:true; shipToHome:false"
"0002529300136","Silk Unsweet Vanilla Dairy Free Vegan Almond Milk","Silk","3.69","1/2 gal","HIGH","inStore:true; curbside:true; delivery:true; shipToHome:false"
"0002800077212","Nesquik Chocolate Low-fat Milk Ready to Drink Low-fat Milk Breakfast Drink Bottle","Nesquik","1.69","14 fl oz","HIGH","inStore:true; curbside:true; delivery:true; shipToHome:false"
"0002800067893","Nesquik Chocolate Milk Ready to Drink Low-fat Milk 12 Bulk Pack 8 fl oz Bottles","Nestle","13.49","12 packs / 8 fl oz","HIGH","inStore:true; curbside:true; delivery:true; shipToHome:false"
"0074447391202","So Delicious Dairy Free Organic Unsweetened Vanilla Coconut Milk Half Gallon","SO Delicious","7.29","64 fl oz","LOW","inStore:true; curbside:true; delivery:true; shipToHome:false"
"0004157005772","Blue Diamond® Almond Breeze® Vanilla Almond Milk","Almond Breeze","4.99","96 fl oz","HIGH","inStore:true; curbside:true; delivery:true; shipToHome:false"
"0085002621271","nutpods® Non Dairy Half & Half Alternative made with Almonds and Coconuts","nutpods","5.99","32 fl oz","HIGH","inStore:true; curbside:true; delivery:true; shipToHome:false"
"0004157005416","Almond Breeze® Dairy Free Shelf Stable Unsweetened Vanilla Almond Milk","Blue Diamond","2.29","32 fl oz","TEMPORARILY_OUT_OF_STOCK","inStore:true; curbside:true; delivery:true; shipToHome:false"
"0004157005418","Almond Breeze Dairy Free Shelf Stable Unsweetened Chocolate Almond Milk Quart","Almond Breeze","2.29","32 fl oz","HIGH","inStore:true; curbside:true; delivery:true; shipToHome:false"
"0085004588710","Spylt Caffeinated Peanut Butter Chocolate Milk Protein Drink","Spylt","3.79","11 fl oz","TEMPORARILY_OUT_OF_STOCK","inStore:true; curbside:true; delivery:true; shipToHome:false"
"0085004588712","Spylt Caffeinated Cookies & Cream Milk Protein Drink Can","Spylt","3.79","11 fl oz","HIGH","inStore:true; curbside:true; delivery:true; shipToHome:false"
"0004157005618","Almond Breeze Dairy Free Unsweetened Vanilla Almond Milk Half Gallon","Almond Breeze","3.79","1/2 gal","HIGH","inStore:true; curbside:true; delivery:true; shipToHome:false"
"0002529300149","Silk Unsweet Dairy Free Vegan Almond Milk Half Gallon","Silk","3.69","1/2 gal","TEMPORARILY_OUT_OF_STOCK","inStore:true; curbside:true; delivery:true; shipToHome:false"
"0007273026312","Prairie Farms® Premium Chocolate Milk 32 oz","Prairie Farms","2.29","32 oz","TEMPORARILY_OUT_OF_STOCK","inStore:false; curbside:false; delivery:false; shipToHome:false"
"0019064663008","Oatly Dairy Free Full Fat Oat Milk Half Gallon","Oatly","5.99","64 fl oz","HIGH","inStore:true; curbside:true; delivery:true; shipToHome:false"
"0004157005621","Almond Breeze Dairy Free Vanilla Almond Milk Half Gallon","Almond Breeze","3.79","1/2 gal","HIGH","inStore:true; curbside:true; delivery:true; shipToHome:false"
"0002529300272","Silk Dark Chocolate Shelf Stable Dairy Free Vegan Almond Milk Half Pint","Silk","8.49","6 ct / 8 fl oz","LOW","inStore:true; curbside:true; delivery:true; shipToHome:false"
"0002529300273","Silk Vanilla Shelf Stable Dairy Free Vegan Almond Milk Half Pint","Silk","8.49","6 ct / 8 fl oz","TEMPORARILY_OUT_OF_STOCK","inStore:true; curbside:true; delivery:true; shipToHome:false"
"0004157006837","Almond Breeze Dairy Free Shelf Stable Chocolate Almond Milk Quart","Almond Breeze","2.29","32 fl oz","HIGH","inStore:true; curbside:true; delivery:true; shipToHome:false"
"0004157006836","Almond Breeze Dairy Free Shelf Stable Vanilla Almond Milk Quart","Almond Breeze","2.29","32 fl oz","HIGH","inStore:true; curbside:true; delivery:true; shipToHome:false"
"0002529300270","Silk Chocolate Shelf Stable Dairy Free Vegan Soy Milk","Silk","8.49","6 ct / 8 fl oz","LOW","inStore:true; curbside:true; delivery:true; shipToHome:false"
"0002529300271","Silk Very Vanilla Shelf Stable Dairy Free Vegan Soy Milk Half Pint","Silk","8.49","6 ct / 8 fl oz","TEMPORARILY_OUT_OF_STOCK","inStore:false; curbside:false; delivery:false; shipToHome:false"
"0085804500429","Milkadamia® Unsweetened Macadamia Milk","Milkadamia","4.99","32 fl oz","LOW","inStore:true; curbside:true; delivery:true; shipToHome:false"
"0076352830703","Promised Land® Very Berry Strawberry Flavored Whole Milk","Promised Land","5.79","32 fl oz","LOW","inStore:true; curbside:true; delivery:true; shipToHome:false"
"0086102900011","MALK Organic Unsweetened Almond Milk - Dairy Free","Malk","6.99","28 fl oz","LOW","inStore:true; curbside:true; delivery:true; shipToHome:false"
"0001111015482","Kroger® Premium Coconut Milk","Kroger","3.49","13.5 fl oz","HIGH","inStore:true; curbside:true; delivery:true; shipToHome:false"
"0002529360023","Silk Organic Unsweet Dairy Free Vegan Soy Milk","Silk","4.69","1/2 gal","HIGH","inStore:true; curbside:true; delivery:true; shipToHome:false"
"0001111013264","Simple Truth® Plant Based Dairy Free Original Almond Milk Half Gallon","Simple Truth","2.79","1/2 gal","HIGH","inStore:true; curbside:true; delivery:true; shipToHome:false"
"0001111003850","Simple Truth™ Dairy Free Shelf Stable Original Oat Milk Quart","Simple Truth","1.99","1 qt","HIGH","inStore:true; curbside:true; delivery:true; shipToHome:false"
"0004410019092","Planet Oat Dairy Free Barista Oat Milk 52 fl oz","Planet Oat","3.69","52 fl oz","HIGH","inStore:true; curbside:true; delivery:true; shipToHome:false"
"0003663208129","Silk® Original Soy Milk","Silk","6.49","96 fl oz","LOW","inStore:true; curbside:true; delivery:true; shipToHome:false"
"0004410015619","Planet Oat® Dairy Free Extra Creamy Original Oat Milk","Planet Oat","3.69","52 fl oz","HIGH","inStore:true; curbside:true; delivery:true; shipToHome:false"
"0004410015618","Planet Oat Dairy Free Original Oat Milk 52 fl oz","Planet Oat","3.69","52 fl oz","LOW","inStore:true; curbside:true; delivery:true; shipToHome:false"
"0001111013269","Simple Truth® Dairy Free Original Coconut Milk Half Gallon","Simple Truth","3.59","1/2 gal","LOW","inStore:true; curbside:true; delivery:true; shipToHome:false"
"0008425322230","DREAM™ Original Rice Milk Drink","Dream","5.99","64 fl oz","HIGH","inStore:true; curbside:true; delivery:true; shipToHome:false"
"0001111090415","Kroger® Lite Coconut Milk","Kroger","3.49","13.5 fl oz","HIGH","inStore:true; curbside:true; delivery:true; shipToHome:false"
"0001111084185","Simple Truth® Dairy Free Shelf Stable Unsweetened Plain Coconut Milk Quart","Simple Truth","1.99","1 qt","HIGH","inStore:true; curbside:true; delivery:true; shipToHome:false"
"0002529300122","Silk Original Dairy Free Vegan Coconut Milk","Silk","5.29","1/2 gal","TEMPORARILY_OUT_OF_STOCK","inStore:true; curbside:true; delivery:true; shipToHome:false"
"0081363602335","Califia Farms Organic Unsweetened Almond Milk","Califia Farms","6.99","48 fl oz","HIGH","inStore:true; curbside:true; delivery:true; shipToHome:false"
"0086574300034","MALK Organic Dairy Free Original Oat Milk","Malk","6.99","28 fl oz","TEMPORARILY_OUT_OF_STOCK","inStore:true; curbside:true; delivery:true; shipToHome:false"
"0081363602334","Califia Farms Organic Oat Milk","Califia Farms","6.99","48 fl oz","TEMPORARILY_OUT_OF_STOCK","inStore:true; curbside:true; delivery:true; shipToHome:false"
"0085290900330","Califia Farms Unsweetened Almond Milk","Califia Farms","4.99","48 fl oz","LOW","inStore:true; curbside:true; delivery:true; shipToHome:false"
"0001111078505","Simple Truth™ Dairy Free Shelf Stable Unsweetened Plain Almond Milk Quart","Simple Truth","1.99","1 qt","LOW","inStore:true; curbside:true; delivery:true; shipToHome:false"
"0003663208136","Silk Protein Chocolate Complete Plant Protein Milk","Silk","5.69","48 fl oz","HIGH","inStore:true; curbside:true; delivery:true; shipToHome:false"
"0003663208137","Silk Protein Original Complete Plant Protein Milk","Silk","5.69","48 fl oz","LOW","inStore:true; curbside:true; delivery:true; shipToHome:false"
"0004133102164","Goya® Gluten Free Coconut Milk","GOYA","3.29","13.5 fl oz","HIGH","inStore:true; curbside:true; delivery:true; shipToHome:false"
"0085564300604","Ripple® Original Unsweetened Plant-Based Milk","Ripple","5.29","48 fl oz","HIGH","inStore:true; curbside:true; delivery:true; shipToHome:false"
"0002529300098","Silk Original Dairy Free Vegan Almond Milk Half Gallon","Silk","3.69","1/2 gal","HIGH","inStore:true; curbside:true; delivery:true; shipToHome:false"
"0081363602374","Califia Farms Unsweetened Organic Soy Milk 48 fl oz","Califia Farms","6.99","48 fl oz","HIGH","inStore:true; curbside:true; delivery:true; shipToHome:false"
"0081829001698","Chobani® Dairy Free Original Oat Milk","Chobani","4.59","52 fl oz","HIGH","inStore:true; curbside:true; delivery:true; shipToHome:false"
"0085290900342","Califia Farms Toasted Coconut Almond Milk","Califia Farms","4.99","48 fl oz","LOW","inStore:true; curbside:true; delivery:true; shipToHome:false"
"0081363602188","Califia Farms Extra Creamy Oat Milk","Califia Farms","4.99","48 fl oz","LOW","inStore:true; curbside:true; delivery:true; shipToHome:false"
"0004157005770","Blue Diamond® Almond Breeze® Original Almond Milk","Almond Breeze","4.99","96 fl oz","TEMPORARILY_OUT_OF_STOCK","inStore:true; curbside:true; delivery:true; shipToHome:false"
"0019064664001","Oatly Dairy-Free Shelf-Stable Barista Edition Original Oat Milk","Oatly","4.49","32 fl oz","LOW","inStore:true; curbside:true; delivery:true; shipToHome:false"
"0074447391205","So Delicious Dairy Free Organic Unsweetened Plain Coconut Milk Half Gallon","SO Delicious","7.29","64 fl oz","LOW","inStore:true; curbside:true; delivery:true; shipToHome:false"
"0004157005413","Almond Breeze Dairy Free Shelf Stable Unsweetened Original Almond Milk Quart","Almond Breeze","2.29","32 fl oz","HIGH","inStore:true; curbside:true; delivery:true; shipToHome:false"
"0001111088806","Simple Truth Organic™ Dairy Free Organic Shelf Stable Unsweetened Plain Soy Milk Quart","Simple Truth Organic","2.19","1 qt","HIGH","inStore:true; curbside:true; delivery:true; shipToHome:false"
"0004410019080","Planet Oat® Dairy Free Unsweeted Original Oat Milk","Planet Oat","3.69","52 oz","HIGH","inStore:true; curbside:true; delivery:true; shipToHome:false"
"0073762801150","Thai Kitchen Unsweetened Coconut Milk","Thai Kitchen","4.29","13.66 fl oz","HIGH","inStore:true; curbside:true; delivery:true; shipToHome:false"
"0004157005617","Almond Breeze® Dairy Free Original Almond Milk","Almond Breeze","3.79","1/2 gal","HIGH","inStore:true; curbside:true; delivery:true; shipToHome:false"
"0004157006827","Almond Breeze Dairy Free Shelf Stable Original Almond Milk Quart","Almond Breeze","2.29","32 fl oz","HIGH","inStore:true; curbside:true; delivery:true; shipToHome:false"
"0085564300694","Ripple® Kids Unsweetened Original Plant-Based Milk","Ripple","5.29","48 oz","HIGH","inStore:true; curbside:true; delivery:true; shipToHome:false"
"0004157011019","Blue Diamond® Almond Breeze® Unsweetened Original Almond Milk","Blue Diamond","4.99","96 fl oz","TEMPORARILY_OUT_OF_STOCK","inStore:true; curbside:true; delivery:true; shipToHome:false"
"0002529360039","Silk Original Dairy Free Vegan Soy Milk Half Gallon","Silk","4.29","1/2 gal","TEMPORARILY_OUT_OF_STOCK","inStore:true; curbside:true; delivery:true; shipToHome:false"
"0002529300228","Silk Unsweet Dairy Free Vegan Coconut Milk","Silk","5.29","1/2 gal","LOW","inStore:true; curbside:true; delivery:true; shipToHome:false"
"0004410015874","Planet Oat® Dairy Free Original Oat Milk","Planet Oat","5.49","86 fl oz","HIGH","inStore:true; curbside:true; delivery:true; shipToHome:false"
"0081829001703","Chobani® Dairy Free Extra Creamy Oat Milk","Chobani","4.59","52 fl oz","LOW","inStore:true; curbside:true; delivery:true; shipToHome:false"
"0001111003070","Simple Truth Organic® Dairy Free Organic Shelf Stable Original Coconut Milk","Simple Truth Organic","2.99","33.8 fl oz","LOW","inStore:true; curbside:true; delivery:true; shipToHome:false"
"0081002977017","Ripple® Kids Original Plant-Based Milk","Ripple","5.29","48 fl oz","LOW","inStore:true; curbside:true; delivery:true; shipToHome:false"
"0073762801160","Thai Kitchen® Lite Coconut Milk","Thai Kitchen","4.29","13.66 fl oz","HIGH","inStore:true; curbside:true; delivery:true; shipToHome:false"
"0002529300275","Silk Unsweet Dairy Free Vegan Cashew Milk","Silk","5.29","1/2 gal","LOW","inStore:true; curbside:true; delivery:true; shipToHome:false"
"0081363602395","Califia Farms Dairy Free Organic Vanilla Almond Milk","Califia Farms","6.99","48 fl oz","LOW","inStore:true; curbside:true; delivery:true; shipToHome:false"
"0001111015952","Simple Truth® Protein Original Almond Milk","Simple Truth","2.79","59 fl oz","LOW","inStore:true; curbside:true; delivery:true; shipToHome:false"
"0081363602391","Califia Farms® Dairy-Free Organic Unsweetened Original Coconut Milk","Califia Farms","6.99","48 fl oz","LOW","inStore:true; curbside:true; delivery:true; shipToHome:false"
"0004138309022","Lactaid® Lactose Free 1% Lowfat Milk Half Gallon","Lactaid","4.99","0.5 gal","LOW","inStore:true; curbside:true; delivery:true; shipToHome:false"
"0007235000018","Yoo-hoo Strawberry Drink Boxes","Yoo-hoo","4.99","10 pk / 6.5 fl oz","HIGH","inStore:true; curbside:true; delivery:true; shipToHome:false"
"0001111042701","Kroger® Cultured 1% Lowfat Buttermilk Half Gallon","Kroger","4.99","1/2 gal","HIGH","inStore:true; curbside:true; delivery:true; shipToHome:false"
"0019064664101","Oatly Dairy Free Original Oatmilk","Oatly","5.99","64 fl oz","HIGH","inStore:true; curbside:true; delivery:true; shipToHome:false"
"0004410019093","Planet Oat Unsweetened Extra Creamy Oatmilk, 52 oz","Planet Oat","3.69","52 fl oz","LOW","inStore:true; curbside:true; delivery:true; shipToHome:false"
"0089899901379","Vita Coco Treats Orange and Creme 16.9 Fl Oz","Vita Coco","3.29","1 ct / 16.9 fl oz","","inStore:true; curbside:true; delivery:true; shipToHome:false"
"0001111042705","Kroger® Cultured 1% Lowfat Buttermilk Quart","Kroger","2.49","1 qt","HIGH","inStore:true; curbside:true; delivery:true; shipToHome:false"
"0004157050001","Almond Breeze Almondmilk Blended with Real Bananas, 64 oz","Almond Breeze","3.79","1/2 gal","TEMPORARILY_OUT_OF_STOCK","inStore:true; curbside:true; delivery:true; shipToHome:false"
"0001111009431","Simple Truth Organic® Original Soymilk Half Gallon","Simple Truth Organic","2.59","1/2 gal","HIGH","inStore:true; curbside:true; delivery:true; shipToHome:false"
"0001111013267","Simple Truth® Plant Based Non Dairy Unsweetened Almondmilk Half Gallon","Simple Truth","2.79","1/2 gal","HIGH","inStore:true; curbside:true; delivery:true; shipToHome:false"
"0005527095359","Grace® Classic Coconut Milk","Grace","3.29","13.5 fl oz","","inStore:true; curbside:true; delivery:true; shipToHome:false"
"0001111009433","Simple Truth Organic® Vanilla Soymilk Half Gallon","Simple Truth Organic","2.59","1/2 gal","HIGH","inStore:true; curbside:true; delivery:true; shipToHome:false"
"0004138309070","Lactaid® Lactose Free Skim Milk Half Gallon","Lactaid","6.99","96 fl oz","LOW","inStore:true; curbside:true; delivery:true; shipToHome:false"
"0001111016338","Kroger® CARBMaster® Original Lactose Free Skim Milk","Kroger Carbmaster","4.99","59 fl oz","HIGH","inStore:true; curbside:true; delivery:true; shipToHome:false"
"0004157016533","Blue Diamond® Sweetened Simple Almondmilk","Blue Diamond","4.99","48 fl oz","TEMPORARILY_OUT_OF_STOCK","inStore:true; curbside:true; delivery:true; shipToHome:false"
"0085290900377","Califia Farms® Barista Blend Almond Milk","Califia Farms","4.99","32 fl oz","HIGH","inStore:true; curbside:true; delivery:true; shipToHome:false"
"0004157016532","Blue Diamond™ Unsweetened Simple Almondmilk","Blue Diamond","4.99","48 fl oz","LOW","inStore:true; curbside:true; delivery:true; shipToHome:false"
"0004138309072","Lactaid® Lactose Free 2% Reduced Fat Milk","Lactaid","6.99","96 fl oz","HIGH","inStore:true; curbside:true; delivery:true; shipToHome:false"
"0004138309071","Lactaid® Lactose-Free 1% Low-Fat Milk","Lactaid","6.99","96 fl oz","TEMPORARILY_OUT_OF_STOCK","inStore:false; curbside:false; delivery:false; shipToHome:false"
"0004138309074","Lactaid® Lactose Free Calcium Fortified 2% Reduced Fat Milk Half Gallon","Lactaid","4.99","1/2 gal","HIGH","inStore:true; curbside:true; delivery:true; shipToHome:false"
"0001111042854","Simple Truth Organic® 1% Lowfat Milk Half Gallon","Simple Truth Organic","4.69","1/2 gal","HIGH","inStore:true; curbside:true; delivery:true; shipToHome:false"
"0074447391235","So Delicious Dairy Free Shelf Stable Vegan and Gluten Free Unsweetened Organic Coconut Milk Carton","SO Delicious","3.29","32 fl oz","LOW","inStore:true; curbside:true; delivery:true; shipToHome:false"
"0073762801140","Thai Kitchen Unsweetened Coconut Milk","Thai Kitchen","7.79","25.36 fl oz","HIGH","inStore:true; curbside:true; delivery:true; shipToHome:false"
"0009810010009","Starbucks® Strawberry Acai Pink Carton","Starbucks","3.99","14 fl oz","","inStore:true; curbside:true; delivery:true; shipToHome:false"
"0073762801141","Thai Kitchen Lite Coconut Milk","Thai Kitchen","7.29","25.36 fl oz","HIGH","inStore:true; curbside:true; delivery:true; shipToHome:false"
"0004157016535","Blue Diamond™ Chocolate Almondmilk","Blue Diamond","4.99","48 fl oz","LOW","inStore:true; curbside:true; delivery:true; shipToHome:false"
"0004157016534","Blue Diamond™ Signature Creamy Almondmilk","Blue Diamond","4.99","48 fl oz","LOW","inStore:true; curbside:true; delivery:true; shipToHome:false"
"0002529360089","Silk Organic Dairy Free Vegan Shelf Stable Soy Milk Quart","Silk","3.29","32 fl oz","TEMPORARILY_OUT_OF_STOCK","inStore:true; curbside:true; delivery:true; shipToHome:false"
"0002830086412","Shamrock Farms® Rockin' Protein™ Builder Chocolate Shake Bottles","Shamrock Farms","9.99","4 pk / 12 fl oz","LOW","inStore:true; curbside:true; delivery:true; shipToHome:false"
"0019064664002","Oatly Dairy-Free Shelf-Stable Original Oat Milk","Oatly","4.49","32 fl oz","LOW","inStore:true; curbside:true; delivery:true; shipToHome:false"
"0019064663199","Oatly Dairy Free Sweet & Creamy Oatmilk Coffee Creamer","Oatly","6.29","32 fl oz","HIGH","inStore:true; curbside:true; delivery:true; shipToHome:false"
"0019064663152","Oatly 4 Ingredient Oatmilk","Oatly","5.99","64 fl oz","LOW","inStore:true; curbside:true; delivery:true; shipToHome:false"
"0082946260010","Good Karma Flax Milk + Protein Unsweetened Flaxmilk","Good Karma","4.99","32 fl oz","","inStore:true; curbside:true; delivery:true; shipToHome:false"
"0085004588714","Spylt Caffeinated Vanilla Milkshake Protein Drink Can","Spylt","3.79","11 fl oz","HIGH","inStore:true; curbside:true; delivery:true; shipToHome:false"
"0081363602462","Califia Farms® Coconut & Mango Refresher","Califia Farms","5.99","48 fl oz","TEMPORARILY_OUT_OF_STOCK","inStore:false; curbside:false; delivery:false; shipToHome:false"
"0085788200801","BetterBody Foods Oatsome™ Organic Original Oat Milk","BetterBody Foods","4.79","1 l","LOW","inStore:true; curbside:true; delivery:true; shipToHome:false"
"0004157010964","Almond Breeze Dairy Free Reduced Sugar Vanilla Almondmilk Half Gallon","Almond Breeze","3.79","1/2 gal","LOW","inStore:true; curbside:true; delivery:true; shipToHome:false"
"0081000687139","Viloe Coconut Milk Original W Nata de Coco","Viloe","2.99","290 ml","","inStore:true; curbside:true; delivery:true; shipToHome:false"
"0085631200279","fairlife Ultra-Filtered Milk, Lactose Free, High Protein, 2% Reduced Fat Chocolate Milk","Fairlife","5.99","52 fl oz","HIGH","inStore:true; curbside:true; delivery:true; shipToHome:false"
"0007235002056","Yoo-hoo® Chocolate Drink","Yoo-hoo","11.99","12 pk / 11 fl oz","HIGH","inStore:true; curbside:true; delivery:true; shipToHome:false"
"0004138309010","Lactaid® Lactose Free 2% Reduced Fat Milk Half Gallon","Lactaid","4.99","0.5 gal","HIGH","inStore:true; curbside:true; delivery:true; shipToHome:false"
"0007235002027","Yoo-hoo Chocolate Drink Boxes","Yoo-hoo","13.49","32 pk / 6.5 fl oz","HIGH","inStore:true; curbside:true; delivery:true; shipToHome:false"
"0004157005260","Almond Breeze® Dairy Free Shelf Stable Unsweetened Original Almond Milk Half Gallon","Almond Breeze","4.49","64 fl oz","LOW","inStore:true; curbside:true; delivery:true; shipToHome:false"
"0005260306600","Pacific Foods Original Hemp Milk 32 oz Carton","Pacific Foods","5.49","32 fl oz","HIGH","inStore:true; curbside:true; delivery:true; shipToHome:false"
"0074965045002","Caribbean Dreams Coconut Milk","Caribbean Dreams","2.99","1.76 oz","HIGH","inStore:true; curbside:true; delivery:true; shipToHome:false"
"0081363602438","Califia Farms Horchata Almond Milk","Califia Farms","6.79","48 fl oz","","inStore:false; curbside:false; delivery:false; shipToHome:false"
"0085006637800","Thai Coco Coconut Flavor Coconut Milk Drink","Thai Coco","2.79","9.8 fl oz","HIGH","inStore:true; curbside:true; delivery:true; shipToHome:false"
"0001111042707","Kroger® Cultured 1% Lowfat Buttermilk Pint","Kroger","1.29","1 pt","HIGH","inStore:true; curbside:true; delivery:true; shipToHome:false"
"0004949400055","Marburger Farm Dairy Gourmet Buttermilk","Marburger Farm Dairy","3.29","1 qt","","inStore:true; curbside:true; delivery:true; shipToHome:false"
"0007235000001","Yoo-hoo Chocolate Drink, 6.5 fl oz boxes, 10 pack","Yoo-hoo","4.99","10 pk","HIGH","inStore:true; curbside:true; delivery:true; shipToHome:false"
"0004000000031","M&M'S Milk Chocolate Candy, Full Size, 1.69 oz Bag","M&M's","1.99","1.69 oz","HIGH","inStore:true; curbside:true; delivery:true; shipToHome:false"
"0019785444925","Rockin' Protein 30G Strawberry Protein Shake","Shamrock Farms","9.99","12 fl oz","TEMPORARILY_OUT_OF_STOCK","inStore:true; curbside:true; delivery:true; shipToHome:false"
"0000980000055","Kinder Bueno Milk Chocolate Bars with Crispy Wafer and Hazelnut Cream, 30 Packs, 2 Bars Each, 1.5 oz","Kinder","1.79","1.4 oz","TEMPORARILY_OUT_OF_STOCK","inStore:true; curbside:true; delivery:true; shipToHome:false"
"0019064663214","Oatly Dairy Free Vanilla Oatmilk","Oatly","5.99","64 fl oz","TEMPORARILY_OUT_OF_STOCK","inStore:true; curbside:true; delivery:true; shipToHome:false"
"0003400000229","KIT KAT® Milk Chocolate Wafer King Size Candy Bar","Kit Kat","3.49","3 oz","HIGH","inStore:true; curbside:true; delivery:true; shipToHome:false"
"0007487397095","West Life™ Organic Unsweetened Plain Soymilk","WESTSOY","5.99","64 fl oz","HIGH","inStore:true; curbside:true; delivery:true; shipToHome:false"
"0003400045813","REESE'S OREO® Milk Chocolate and White Creme Peanut Butter Cups Candy Pack","Reese's","1.99","1.4 oz","HIGH","inStore:true; curbside:true; delivery:true; shipToHome:false"
"0001111081557","Simple Truth Organic™ Dairy Free Organic Shelf Stable Unsweetened Almondmilk Quart","Simple Truth","2.19","32 fl oz","HIGH","inStore:true; curbside:true; delivery:true; shipToHome:false"
"0001111088301","Kroger® Regular Evaporated Milk","Kroger","1.29","12 fl oz","HIGH","inStore:true; curbside:true; delivery:true; shipToHome:false"
"0005000001011","Nestlé Carnation Evaporated Milk Vitamin D Added Shelf Milk Evaporated Milk Canned","Carnation","2.19","12 fl oz","HIGH","inStore:true; curbside:true; delivery:true; shipToHome:false"
"0004000000435","TWIX Caramel Cookie Milk Chocolate Candy Full Size Bars","Twix","1.99","1.79 oz","HIGH","inStore:true; curbside:true; delivery:true; shipToHome:false"
"0004000058016","M&M'S Minis Milk Chocolate Summer Candy Sharing Size Bag","M&M's","6.29","9.40 oz","HIGH","inStore:true; curbside:true; delivery:true; shipToHome:false"
"0003400029005","HERSHEY'S Milk Chocolate S'mores Candy Bars","Hershey's","8.99","6 ct / 1.55 oz","HIGH","inStore:true; curbside:true; delivery:true; shipToHome:false"
"0004000055115","M&M'S Peanut Milk Chocolate Candy Party Size Bag","M&M's","16.99","38 oz","HIGH","inStore:true; curbside:true; delivery:true; shipToHome:false"
"0004000057977","M&M'S Peanut Milk Chocolate Candy Sharing Size Bag","M&M's","6.29","10.05 oz","HIGH","inStore:true; curbside:true; delivery:true; shipToHome:false"
"0004000057979","M&m's Milk Chocolate Stand up Pouch 10 Ounces","M&M's","6.29","10 oz","HIGH","inStore:true; curbside:true; delivery:true; shipToHome:false"
"0004000049754","M&M'S Peanut Milk Chocolate Candy Theater Box","M&M's","1.5","3.1 oz","HIGH","inStore:true; curbside:true; delivery:true; shipToHome:false"
"0003400094632","REESE'S Milk Chocolate Snack Size Peanut Butter Cups Candy Packs","Reese's","1.99",".55 oz","HIGH","inStore:true; curbside:true; delivery:true; shipToHome:false"
"0004000049752","M&M'S Milk Chocolate Candy Theater Box","M&M's","1.5","3.1 oz","HIGH","inStore:true; curbside:true; delivery:true; shipToHome:false"
"0019785446197","Rockin' Protein 30G Vanilla Protein Shake","Shamrock Farms","9.99","12 fl oz","HIGH","inStore:false; curbside:false; delivery:false; shipToHome:false"
"0004000058027","M&M'S Peanut Milk Chocolate Candy Family Size Bag","M&M's","10.49","18.08 oz","HIGH","inStore:true; curbside:true; delivery:true; shipToHome:false"
"0004000000405","Twix Milk Chocolate Caramel Cookie Candy Share Size Bar","Twix","2.99","3.02 oz","HIGH","inStore:true; curbside:true; delivery:true; shipToHome:false"
"0004410016514","Planet Oat® Unsweetened Original Oatmilk","Planet Oat","3.79","32 fl oz","HIGH","inStore:true; curbside:true; delivery:true; shipToHome:false"
"0003400000241","HERSHEY'S Milk Chocolate with Whole Almonds Candy Bar","Hershey's","1.99","1.45 oz","HIGH","inStore:true; curbside:true; delivery:true; shipToHome:false"
"0003400000440","REESE'S Milk Chocolate Peanut Butter Cups Candy Pack","Reese's","1.99","1.5 oz","HIGH","inStore:true; curbside:true; delivery:true; shipToHome:false"
"0003400043095","REESE'S Big Cup Milk Chocolate King Size Peanut Butter Cups Candy Pack","Reese's","3.49","2.8 oz","HIGH","inStore:true; curbside:true; delivery:true; shipToHome:false"
"0003400000246","KIT KAT® Milk Chocolate Wafer Candy Bar","Hershey's","1.99","1.5 oz","HIGH","inStore:true; curbside:true; delivery:true; shipToHome:false"
"0001070002152","MILK DUDS Chocolate and Caramel Candy Box","Milk Duds","1.5","5 oz","HIGH","inStore:true; curbside:true; delivery:true; shipToHome:false"
"0003400045558","HERSHEY'S Milk Chocolate with Caramel Candy Bars","Hershey's","8.99","1.4 oz","HIGH","inStore:true; curbside:true; delivery:true; shipToHome:false"
"0081000687211","Viloe Strawberry W Nata de Coco","Viloe","2.99","290 ml","","inStore:true; curbside:true; delivery:true; shipToHome:false"
"0081000687212","Viloe Banana with Nata de Coco","Viloe","2.99","290 ml","","inStore:true; curbside:true; delivery:true; shipToHome:false"
"0001111085735","Simple Truth Organic® Unsweetened Coconut Milk","Simple Truth Organic","1.99","13.5 fl oz","HIGH","inStore:true; curbside:true; delivery:true; shipToHome:false"
"0001070053100","MILK DUDS Chocolate and Caramel Candy Box","Milk Duds","3.59","10 oz","HIGH","inStore:true; curbside:true; delivery:true; shipToHome:false"
"0000980012301","Ferrero Rocher Gourmet Hazelnut Milk Chocolate Individually Wrapped Chocolates","Ferrero","2.29","3 ct / 1.3 oz","HIGH","inStore:true; curbside:true; delivery:true; shipToHome:false"
"0081363602383","Califia Farms® Organic Almondmilk","Califia Farms","4.99","32 fl oz","TEMPORARILY_OUT_OF_STOCK","inStore:true; curbside:true; delivery:true; shipToHome:false"
"0003400000480","REESE'S Milk Chocolate King Size Peanut Butter Cups Candy Pack","Reese's","3.49","2.8 oz","HIGH","inStore:true; curbside:true; delivery:true; shipToHome:false"
"0085788200849","BetterBody Foods Oatsome® Organic Barista Oat Drink","BetterBody Foods","4.79","33.8 fl oz","HIGH","inStore:true; curbside:true; delivery:true; shipToHome:false"
"0004000057981","M&M'S Peanut Butter Milk Chocolate Summer Candy Sharing Size Bag","M&M's","6.29","9 oz","HIGH","inStore:true; curbside:true; delivery:true; shipToHome:false"
"0003400000240","HERSHEY'S Milk Chocolate Candy Bar","Hershey's","1.99","1.55 oz","HIGH","inStore:true; curbside:true; delivery:true; shipToHome:false"
"0086001059122","Whole Moon™ Pistachio Plant Beverage Whole Protein™","WholeMoon","5.99","42 fl oz","","inStore:false; curbside:false; delivery:false; shipToHome:false"
"0004000000263","Snickers Original Milk Chocolate Candy Share Size Bar","Snickers","2.99","3.29 oz","HIGH","inStore:true; curbside:true; delivery:true; shipToHome:false"
"0009990072273","Raisinets Milk Chocolate Covered Raisins Gluten-free California Movie Theater Candy Box","Raisinets","1.5","3.1 oz","HIGH","inStore:true; curbside:true; delivery:true; shipToHome:false"
"0001070002440","WHOPPERS Malted Milk Balls Candy Box","Hershey's","1.5","5 oz","HIGH","inStore:true; curbside:true; delivery:true; shipToHome:false"
"0004000050527","Milky Way Milk Chocolate Caramel Fun Size Candy Bars Bag","Milky Way","6.79","10.65 oz","HIGH","inStore:true; curbside:true; delivery:true; shipToHome:false"
"0002800051780","Nestlé La Lechera Sweetened Condensed Milk Canned","Nestle","3.29","14 oz","HIGH","inStore:true; curbside:true; delivery:true; shipToHome:false"
"0007487396015","West Life Organic Unsweetened Plain Soymilk","West Life","3.49","32 fl oz","TEMPORARILY_OUT_OF_STOCK","inStore:true; curbside:true; delivery:true; shipToHome:false"
"0003400049005","REESE'S Milk Chocolate Peanut Butter Cups Candy Packs","Reese's","8.99","1.5 oz","HIGH","inStore:true; curbside:true; delivery:true; shipToHome:false"
"0065272910113","Eagle Brand® Sweetened Condensed Milk","Eagle Brand","3.49","14 oz","HIGH","inStore:true; curbside:true; delivery:true; shipToHome:false"
"0086001059121","Whole Moon™ Oat Plant Beverage Whole Protein™","WholeMoon","5.99","42 fl oz","","inStore:true; curbside:true; delivery:true; shipToHome:false"
"0001111088310","Kroger® Sweetened Condensed Milk","Kroger","2.39","14 oz","HIGH","inStore:true; curbside:true; delivery:true; shipToHome:false"
"0001111008504","Private Selection® Sourdough Bread Wide Pan","Private Selection","3.49","24 oz","HIGH","inStore:true; curbside:true; delivery:true; shipToHome:false"
"0001376402814","Dave's Killer Bread Rockin' Grains English Muffins Organic Whole Grain English Muffins","Dave's Killer Bread","6.99","6 ct","","inStore:true; curbside:true; delivery:true; shipToHome:false"
"0007341095553","Brownberry Organic Seeds & 22 Multigrain Bread","Brownberry","6.49","27 oz","","inStore:true; curbside:true; delivery:true; shipToHome:false"
"0007294570544","Sara Lee White made with Whole Grain Bread","Sara Lee","3.79","20 oz","","inStore:true; curbside:true; delivery:true; shipToHome:false"
"0007882110008","Nickles Toastmaster® Giant White Bread","Nickles","2.99","20 oz","","inStore:false; curbside:false; delivery:false; shipToHome:false"
"0007225002074","Nature's Own Perfectly Crafted White Bread, Thick Sliced Non-GMO Sandwich Bread, 22 oz Loaf","Nature's Own","4.79","22 oz","","inStore:true; curbside:true; delivery:true; shipToHome:false"
"0007347200101","Food for Life® 7 Sprouted Frozen Bread","Food for Life","7.29","24 oz","TEMPORARILY_OUT_OF_STOCK","inStore:true; curbside:true; delivery:true; shipToHome:false"
"0007225003712","Nature's Own 100% Whole Wheat Bread","Nature's Own","4.29","20 oz","","inStore:true; curbside:true; delivery:true; shipToHome:false"
"0001111013550","Simple Truth Organic® Thin Sliced 100% Whole Wheat Bread","Simple Truth Organic","3.99","20 oz","TEMPORARILY_OUT_OF_STOCK","inStore:true; curbside:true; delivery:true; shipToHome:false"
"0001111008415","Private Selection® White Bread Rustic Wide Pan","Private Selection","3.49","24 oz","LOW","inStore:true; curbside:true; delivery:true; shipToHome:false"
"0001376402705","Dave's Killer Bread 21 Whole Grains and Seeds, Organic, 27 oz Loaf","Dave's Killer Bread","6.99","27 oz","","inStore:true; curbside:true; delivery:true; shipToHome:false"
"0001376402703","Dave's Killer Bread Good Seed, Seeded Organic Bread, 27 oz Loaf","Dave's Killer Bread","6.99","27 oz","","inStore:true; curbside:true; delivery:true; shipToHome:false"
"0001111008495","Private Selection® Honey Oat Bread Wide Pan","Private Selection","3.49","24 oz","HIGH","inStore:true; curbside:true; delivery:true; shipToHome:false"
"0001111088657","Simple Truth Organic® Sprouted Thin Sliced Seeded Bread","Simple Truth Organic","3.79","20.5 oz","LOW","inStore:true; curbside:true; delivery:true; shipToHome:false"
"0001111001020","Private Selection® Sugar Free 100% Whole Wheat Bread Wide Pan","Private Selection","3.49","24 oz","HIGH","inStore:true; curbside:true; delivery:true; shipToHome:false"
"0001111008450","Kroger® Soft Wheat Bread","Kroger","1.99","20 oz","HIGH","inStore:true; curbside:true; delivery:true; shipToHome:false"
"0007225001137","Wonder Classic White Bread","Wonder","3.49","20 oz","","inStore:true; curbside:true; delivery:true; shipToHome:false"
"0007347200131","Food for Life® Ezekiel 4:9® Cinnamon Raisin Frozen Bread","Food for Life","10.99","24 oz","HIGH","inStore:true; curbside:true; delivery:true; shipToHome:false"
"0001376402719","Dave's Killer Bread Organic Thin Sliced Powerseed and Whole Grain Bread","Dave's Killer Bread","6.29","20.5 oz","","inStore:true; curbside:true; delivery:true; shipToHome:false"
"0002412601027","Bunny Soft White Bread","Bunny","2.99","16.0 ounce","TEMPORARILY_OUT_OF_STOCK","inStore:false; curbside:false; delivery:false; shipToHome:false"
"0007225003706","Nature's Own Honey Wheat Bread, Non-GMO Sandwich Bread, 20 oz Loaf","Nature's Own","4.29","20 oz","","inStore:true; curbside:true; delivery:true; shipToHome:false"
"0001376402712","Dave's Killer Bread Organic Thin Sliced Good Seed Whole Grain Bread","Dave's Killer Bread","6.29","20.5 oz","","inStore:true; curbside:true; delivery:true; shipToHome:false"
"0007225004919","Nature's Own Butterbread Bread","Nature's Own","4.29","20 oz","","inStore:true; curbside:true; delivery:true; shipToHome:false"
"0001111008449","Kroger® Honey Wheat Bread","Kroger","2.49","20 oz","HIGH","inStore:true; curbside:true; delivery:true; shipToHome:false"
"0001376402713","Dave's Killer Bread 21 Whole Grains and Seeds Thin-Sliced Organic Bread, 20.5 oz","Dave's Killer Bread","6.29","20.5 oz","","inStore:true; curbside:true; delivery:true; shipToHome:false"
"0001111008486","Kroger® White Sandwich Bread","Kroger","1.99","20 oz","HIGH","inStore:true; curbside:true; delivery:true; shipToHome:false"
"0001111008485","Kroger® White Bread","Kroger","1.99","20 oz","HIGH","inStore:true; curbside:true; delivery:true; shipToHome:false"
"0001111008489","Private Selection® 100% Whole Wheat Bread Wide Pan","Private Selection","3.49","24 oz","HIGH","inStore:true; curbside:true; delivery:true; shipToHome:false"
"0007313203111","The Rustik Oven Artisan Style Sourdough Bread","The Rustik Oven","5.29","16 oz","","inStore:true; curbside:true; delivery:true; shipToHome:false"
"0002412601025","Bunny Thin Sliced White Bread","Bunny","2.99","24.0 ounce","TEMPORARILY_OUT_OF_STOCK","inStore:false; curbside:false; delivery:false; shipToHome:false"
"0001111008480","Kroger® 100% Whole Wheat Bread","Kroger","2.49","24 oz","HIGH","inStore:true; curbside:true; delivery:true; shipToHome:false"
"0001376402808","Dave's Killer Bread Organic Thin Sliced White Bread Done Right Artisan Style Bread","Dave's Killer Bread","6.29","20.5 oz","","inStore:true; curbside:true; delivery:true; shipToHome:false"
"0007347200120","Food for Life® Whole Grain Frozen Bread","Food for Life","7.29","24 oz","LOW","inStore:true; curbside:true; delivery:true; shipToHome:false"
"0001376402807","Dave's Killer Bread Organic Thin Sliced Sprouted and Whole Grain Bread","Dave's Killer Bread","6.29","20.5 oz","","inStore:true; curbside:true; delivery:true; shipToHome:false"
"0001376402806","Dave's Killer Bread Organic Raisin The Roof Cinnamon Raisin Bread","Dave's Killer Bread","6.99","18 oz","","inStore:true; curbside:true; delivery:true; shipToHome:false"
"0007347200123","Food for Life® Ezekiel 4:9® Sprouted Grain Frozen Bread","Food for Life","7.29","24 oz","LOW","inStore:true; curbside:true; delivery:true; shipToHome:false"
"0001410007083","Pepperidge Farm Farmhouse Hearty White Bread","Pepperidge Farm","4.69","24 oz","","inStore:true; curbside:true; delivery:true; shipToHome:false"
"0007294560136","Sara Lee Honey Wheat Bread","Sara Lee","3.99","20 oz","","inStore:true; curbside:true; delivery:true; shipToHome:false"
"0007294560133","Sara Lee Classic Bread","Sara Lee","3.19","20 oz","","inStore:true; curbside:true; delivery:true; shipToHome:false"
"0089049700030","ACE Bakery® Sourdough Bistro Sliced Bread, 21 Oz, 12 Slices","ACE Bakery","4.99","21 oz","","inStore:true; curbside:true; delivery:true; shipToHome:false"
"0007016295870","Artesano® White Bread","Artesano","4.99","20 oz","","inStore:true; curbside:true; delivery:true; shipToHome:false"
"0007294560134","Sara Lee 100% Whole Wheat Bread","Sara Lee","4.49","20 oz","","inStore:true; curbside:true; delivery:true; shipToHome:false"
"0001111005326","Simple Truth Organic® Oats & Honey Bread Thin Sliced","Simple Truth Organic","3.99","20 oz","TEMPORARILY_OUT_OF_STOCK","inStore:true; curbside:true; delivery:true; shipToHome:false"
"0001376402722","Dave's Killer Bread White Bread Done Right, Artisan-Style Organic White Bread, 24 oz Loaf","Dave's Killer Bread","6.99","24 oz","","inStore:true; curbside:true; delivery:true; shipToHome:false"
"0085355200301","Brazi Bites® Cheddar & Parmesan Brazilian Frozen Bread","Brazi Bites","6.99","11.5 oz","TEMPORARILY_OUT_OF_STOCK","inStore:true; curbside:true; delivery:true; shipToHome:false"
"0007130104737","Sunbeam Giant White Bread","Sunbeam","2.59","22 oz","","inStore:true; curbside:true; delivery:true; shipToHome:false"
"0007294561190","Sara Lee Butter Bread","Sara Lee","4.29","20 oz","","inStore:true; curbside:true; delivery:true; shipToHome:false"
"0007131410200","Aunt Millie's Country Buttermilk Bread","Aunt Millie's","4.29","22 oz","","inStore:true; curbside:true; delivery:true; shipToHome:false"
"0001111000908","Simple Truth Organic® White Bread","Simple Truth Organic","4.29","26 oz","LOW","inStore:true; curbside:true; delivery:true; shipToHome:false"
"0007225001116","Butternut Large White Bread","Butternut","2.99","20 oz","","inStore:true; curbside:true; delivery:true; shipToHome:false"
"0007347200153","Food for Life® Ezekiel 4:9® Flourless Sprouted Grain Frozen Bread","Food for Life","7.29","24 oz","LOW","inStore:true; curbside:true; delivery:true; shipToHome:false"
"0085675000200","Rudi's Frozen Bread","Rudi's","7.29","18 oz","LOW","inStore:true; curbside:true; delivery:true; shipToHome:false"
"0085253700541","Base Culture Keto Frozen Bread","Base Culture","10.49","16 oz","LOW","inStore:true; curbside:true; delivery:true; shipToHome:false"
"0001111015289","Smart Way™ Wheat Bread","Smart Way","1.19","16 oz","HIGH","inStore:true; curbside:true; delivery:true; shipToHome:false"
"0007131404972","Aunt Millie's Live Carb Smart White Bread","Aunt Millie's","5.99","14 oz","","inStore:true; curbside:true; delivery:true; shipToHome:false"
"0001410007114","Pepperidge Farm White Sandwich Bread","Pepperidge Farm","4.79","16 oz","","inStore:true; curbside:true; delivery:true; shipToHome:false"
"0007341095598","Brownberry Country Style Plain Bread","Brownberry","4.49","24 oz","","inStore:true; curbside:true; delivery:true; shipToHome:false"
"0007341000345","Brownberry Country Style Buttermilk Bread","Brownberry","4.49","24 oz","","inStore:true; curbside:true; delivery:true; shipToHome:false"
"0001111008502","Private Selection® Sweet Hawaiian Bread Wide Pan","Private Selection","3.49","24 oz","LOW","inStore:true; curbside:true; delivery:true; shipToHome:false"
"0001111011685","Kroger® Gluten Free White Bread","Kroger","5.99","18 oz","TEMPORARILY_OUT_OF_STOCK","inStore:true; curbside:true; delivery:true; shipToHome:false"
"0007225000813","Nature's Own Homestyle White, Non-GMO Small Loaf Bread, Sandwich Bread","Nature's Own","2.99","12 oz","","inStore:true; curbside:true; delivery:true; shipToHome:false"
"0081075701323","Schar Gluten Free Artisan Baker White Bread","Schar","7.49","14.1 oz","TEMPORARILY_OUT_OF_STOCK","inStore:false; curbside:false; delivery:false; shipToHome:false"
"0007343500004","KING'S HAWAIIAN Original Hawaiian Sweet Rolls 12 Count","King's Hawaiian","5","12 oz","","inStore:true; curbside:true; delivery:true; shipToHome:false"
"0001111009072","Kroger® CARBmaster® White Bread","Kroger","5.99","20 oz","TEMPORARILY_OUT_OF_STOCK","inStore:true; curbside:true; delivery:true; shipToHome:false"
"0002412601715","Lewis Bake Shop Butter Half Loaf White Bread","Lewis Bake Shop","2.79","12 oz","TEMPORARILY_OUT_OF_STOCK","inStore:false; curbside:false; delivery:false; shipToHome:false"
"0002412601718","Lewis Bake Shop Sweet Hawaiian Half Loaf Bread","Lewis Bake Shop","2.79","12 oz","TEMPORARILY_OUT_OF_STOCK","inStore:false; curbside:false; delivery:false; shipToHome:false"
"0007294595836","Sara Lee Hawaiian Bread, Half Loaf","Sara Lee","2.99","12 oz","","inStore:true; curbside:true; delivery:true; shipToHome:false"
"0007131404344","Aunt Millie's Half Loaf Hawaiian Bread","Aunt Millie's","2.49","12 oz","","inStore:true; curbside:true; delivery:true; shipToHome:false"
"0007131900014","Schwebel's Giant White Bread","Schwebel's","2.99","22 oz","","inStore:false; curbside:false; delivery:false; shipToHome:false"
"0001111015290","Smart Way™ Enriched White Bread","Smart Way","1.19","16 oz","HIGH","inStore:true; curbside:true; delivery:true; shipToHome:false"
"0007432309103","Bimbo Pan Tostado Classic Toasted Bread","Bimbo","3.19","14 ct / 7.41 oz","","inStore:false; curbside:false; delivery:false; shipToHome:false"
"0007131404346","Aunt Millie's Half Loaf Country White Bread","Aunt Millie's","2.49","12 oz","","inStore:true; curbside:true; delivery:true; shipToHome:false"
"0001410005166","Pepperidge Farm Farmhouse Honey White Bread","Pepperidge Farm","4.69","22 oz","","inStore:true; curbside:true; delivery:true; shipToHome:false"
"0005172100713","Klosterman Round Top Big White Bread","Klosterman","3.29","24 oz","","inStore:true; curbside:true; delivery:true; shipToHome:false"
"0001111013238","Private Selection® White Bread Thick Cut","Private Selection","3.49","20 oz","LOW","inStore:true; curbside:true; delivery:true; shipToHome:false"
"0001410004955","Pepperidge Farm Farmhouse Butter Bread","Pepperidge Farm","4.69","22 oz","","inStore:true; curbside:true; delivery:true; shipToHome:false"
"0007294576610","Sara Lee Half Loaf White Bread","Sara Lee","2.99","12 oz","","inStore:true; curbside:true; delivery:true; shipToHome:false"
"0007130204331","Sunbeam White Bread","Sunbeam","2.99","16 oz","TEMPORARILY_OUT_OF_STOCK","inStore:false; curbside:false; delivery:false; shipToHome:false"
"0007518500401","Martin's Old-Fashioned Real Butter Bread","Martin's","4.59","18 oz","","inStore:true; curbside:true; delivery:true; shipToHome:false"
"0007131404959","Aunt Millie's Bakehouse Artisan Style White Bread","Aunt Millie's","4.29","20 oz","","inStore:false; curbside:false; delivery:false; shipToHome:false"
"0007131900025","Schwebel's® Italiano® Bread","Schwebel's","3.49","18 oz","","inStore:false; curbside:false; delivery:false; shipToHome:false"
"0001111008729","Kroger® Texas Toast Bread","Kroger","2.99","20 oz","TEMPORARILY_OUT_OF_STOCK","inStore:true; curbside:true; delivery:true; shipToHome:false"
"0007016295867","Artesano® Hawaiian Bread","Artesano","4.99","20 oz","","inStore:true; curbside:true; delivery:true; shipToHome:false"
"0007261000101","Heiner's Giant Bread","Heiner's","3.79","24 oz","","inStore:false; curbside:false; delivery:false; shipToHome:false"
"0007225000678","Nature's Own Life Keto Soft White Bread, Net 1 Carb Sliced White Non-GMO Keto Bread","Nature's Own","7.99","16 oz","","inStore:true; curbside:true; delivery:true; shipToHome:false"
"0001111012838","Simple Truth Organic® Sprouted Honey Oat Bread","Simple Truth Organic","3.79","27 oz","HIGH","inStore:true; curbside:true; delivery:true; shipToHome:false"
"0002412600892","Lewis Bake Shop Healthy Life Low Calorie White Bread","Healthy Life","3.19","16 oz","TEMPORARILY_OUT_OF_STOCK","inStore:false; curbside:false; delivery:false; shipToHome:false"
"0001111008481","Kroger® Buttermilk Bread","Kroger","2.49","20 oz","HIGH","inStore:true; curbside:true; delivery:true; shipToHome:false"
"0007294561305","Sara Lee Half Loaf Honey Butter Bread","Sara Lee","2.99","12 oz","","inStore:true; curbside:true; delivery:true; shipToHome:false"
"0007294561306","Sara Lee Half Loaf 9 Grain Bread","Sara Lee","2.99","12 oz","","inStore:true; curbside:true; delivery:true; shipToHome:false"
"0007131400121","Soft 'N Good Giant White Bread","Soft 'N Good","2.59","22 oz","","inStore:false; curbside:false; delivery:false; shipToHome:false"
"0085597100225","Julian's® Recipe Butter Garlic Baguette Frozen Bread","Julian's Recipe","5.79","2 ct / 12.35 oz","TEMPORARILY_OUT_OF_STOCK","inStore:false; curbside:false; delivery:false; shipToHome:false"
"0085597100226","Julian's® Recipe Butter & Sea Salt Pretzel Baguette Frozen Bread","Julian's Recipe","5.79","12.35 oz","TEMPORARILY_OUT_OF_STOCK","inStore:false; curbside:false; delivery:false; shipToHome:false"
"0085355200303","Brazi Bites® Gluten Free Frozen Garlic Asiago Cheese Bread","Brazi Bites","6.99","18 ct / 11.5 oz","HIGH","inStore:true; curbside:true; delivery:true; shipToHome:false"
"0002412601815","Lewis Bake Shop Half Loaf Artisan Style Bread","Lewis Bake Shop","2.49","12.0 ounce","TEMPORARILY_OUT_OF_STOCK","inStore:false; curbside:false; delivery:false; shipToHome:false"
"0007882110211","Nickles Light 45 White Bread","Nickles","3.79","16 oz","","inStore:false; curbside:false; delivery:false; shipToHome:false"
"0001111012808","Simple Truth® Gluten Free White Sandwich Bread","Simple Truth","6.29","20 oz","LOW","inStore:true; curbside:true; delivery:true; shipToHome:false"
"0007225001117","Butternut® White Sandwich Bread","Butternut","3.79","24 oz","","inStore:true; curbside:true; delivery:true; shipToHome:false"
"0007347200124","Food For Life® Ezekiel 4:9® Organic Sprouted Grain Frozen Bread","Food for Life","7.29","24 oz","LOW","inStore:true; curbside:true; delivery:true; shipToHome:false"
"0007432309090","Bimbo Soft White Bread","Bimbo","2.99","20 oz","","inStore:true; curbside:true; delivery:true; shipToHome:false"
"0002412601724","Healthy Life High Fiber Honey Wheat Bread","Healthy Life","3.19","16.0 ounce","TEMPORARILY_OUT_OF_STOCK","inStore:false; curbside:false; delivery:false; shipToHome:false"
"0007131404970","Aunt Millie's Live Carb Smart Wheat Bread","Aunt Millie's","5.99","14 oz","","inStore:true; curbside:true; delivery:true; shipToHome:false"
"0007341095597","Brownberry 12 Whole Grain Bread","Brownberry","4.99","24 oz","","inStore:true; curbside:true; delivery:true; shipToHome:false"
"0007225000812","Nature's Own Ancient Grain, Non-GMO Small Loaf Bread, Sandwich Bread","Nature's Own","2.99","12 oz","","inStore:false; curbside:false; delivery:false; shipToHome:false"
"0007131410336","Aunt Millie's 100% Whole Wheat Bread","Aunt Millie's","4.29","22 oz","","inStore:true; curbside:true; delivery:true; shipToHome:false"
"0002412601831","Lewis Bake Shop Healthy Life Hawaiian Keto Bread","Lewis Bake Shop","6.49","16.0 ounce","TEMPORARILY_OUT_OF_STOCK","inStore:false; curbside:false; delivery:false; shipToHome:false"
"0002412601435","Bunny Honey Wheat Bread","Bunny","2.99","20.0 ounce","TEMPORARILY_OUT_OF_STOCK","inStore:false; curbside:false; delivery:false; shipToHome:false"
"0007131405911","Aunt Millie's Live Light! Honey Wheat Bread 20 oz","Aunt Millie's","3.79","20 oz","","inStore:true; curbside:true; delivery:true; shipToHome:false"
"0007131400185","Aunt Millie's Live Light! Whole Grain Bread","Aunt Millie's","3.79","20 oz","","inStore:true; curbside:true; delivery:true; shipToHome:false"
"0007341095927","Oroweat® High Protein Honey Oat Bread","Oroweat","7.29","24 oz","","inStore:true; curbside:true; delivery:true; shipToHome:false"
"0007341095608","Brownberry 100% Whole Grain Wheat Bread","Brownberry","4.99","24 oz","","inStore:true; curbside:true; delivery:true; shipToHome:false"
"0007341095729","Brownberry Small 100% Whole Wheat Bread","Brownberry","4.69","18 oz","","inStore:true; curbside:true; delivery:true; shipToHome:false"
"0007341095605","Brownberry Oatnut Whole Grain Bread","Brownberry","4.99","24 oz","","inStore:true; curbside:true; delivery:true; shipToHome:false"
"0002412601712","Lewis Bake Shop Honey Wheat Half Loaf Bread","Lewis Bake Shop","2.49","12 oz","TEMPORARILY_OUT_OF_STOCK","inStore:false; curbside:false; delivery:false; shipToHome:false"
"0002412600822","Bunny Whole Wheat Bread","Bunny","1.99","16.0 ounce","TEMPORARILY_OUT_OF_STOCK","inStore:false; curbside:false; delivery:false; shipToHome:false"
"0001376402701","Dave's Killer Bread Organic Oats & Blues Bread, Organic Oats & Blue Cornmeal Topped, 25 oz Loaf","Dave's Killer Bread","6.99","25 oz","","inStore:true; curbside:true; delivery:true; shipToHome:false"
"0001111005544","Kroger® CARBmaster® Wheat Bread","Kroger","5.99","20 oz","TEMPORARILY_OUT_OF_STOCK","inStore:true; curbside:true; delivery:true; shipToHome:false"
"0002412601716","Lewis Bake Shop Half Loaf Whole Wheat Bread","Lewis Bake Shop","2.49","12 oz","TEMPORARILY_OUT_OF_STOCK","inStore:false; curbside:false; delivery:false; shipToHome:false"
"0007130104717","Sunbeam Giant White Bread with Whole Grain","Sunbeam","2.59","22 oz","","inStore:true; curbside:true; delivery:true; shipToHome:false"
"0007131404347","Aunt Millie's Half Loaf Honey Wheat Bread","Aunt Millie's","2.49","12 oz","","inStore:true; curbside:true; delivery:true; shipToHome:false"
"0007432309149","Bimbo Wheat Bread","Bimbo","2.99","20 oz","","inStore:true; curbside:true; delivery:true; shipToHome:false"
"0005172100714","Klosterman Split Wheat Bread","Klosterman","3.29","24 oz","","inStore:true; curbside:true; delivery:true; shipToHome:false"
"0007341001722","Brownberry Wheat Bread","Brownberry","5.29","24 oz","","inStore:true; curbside:true; delivery:true; shipToHome:false"
"0007131410221","Aunt Millie's Cracked Wheat with Whole Grain Bread","Aunt Millie's","4.29","22 oz","","inStore:true; curbside:true; delivery:true; shipToHome:false"
"0007294576615","Sara Lee 100% Whole Wheat Bread, Half Loaf","Sara Lee","2.99","12 oz","","inStore:true; curbside:true; delivery:true; shipToHome:false"
"0001111013235","Private Selection® Golden Honey Wheat Bread Thick Cut","Private Selection","3.49","20 oz","TEMPORARILY_OUT_OF_STOCK","inStore:true; curbside:true; delivery:true; shipToHome:false"
"0001111013234","Private Selection® 100% Whole Wheat Bread Thick Cut","Private Selection","3.49","20 oz","LOW","inStore:true; curbside:true; delivery:true; shipToHome:false"
"0001111013552","Simple Truth Organic® 100% Whole Wheat Bread","Simple Truth Organic","4.29","26 oz","TEMPORARILY_OUT_OF_STOCK","inStore:true; curbside:true; delivery:true; shipToHome:false"
"0007225001136","Wonder Bread Small 100% Whole Wheat Bread, Small Loaf, 13g of Whole Grains per Slice, 16 oz Loaf","Wonder","3.29","16 oz","TEMPORARILY_OUT_OF_STOCK","inStore:false; curbside:false; delivery:false; shipToHome:false"
"0007294561297","Sara Lee Delightful Keto Whole Grain White Bread","Sara Lee","4.29","15 oz","","inStore:true; curbside:true; delivery:true; shipToHome:false"
"0001410007132","Pepperidge Farm Very Thin 100% Whole Wheat Bread","Pepperidge Farm","4.79","16 oz","","inStore:true; curbside:true; delivery:true; shipToHome:false"
"0007882110022","Nickles Split Top Wheat Bread","Nickles","2.99","20 oz","","inStore:false; curbside:false; delivery:false; shipToHome:false"
"0002412601826","Lewis Bake Shop Healthy Life White Keto Bread","Lewis Bake Shop","6.49","16.0 ounce","TEMPORARILY_OUT_OF_STOCK","inStore:false; curbside:false; delivery:false; shipToHome:false"
"0005172100401","Klosterman 100% Whole Wheat Bread","Klosterman","3.29","24 oz","","inStore:true; curbside:true; delivery:true; shipToHome:false"
"0001410005593","Pepperidge Farm Swirl® Caramel Brioche Flavored Bread","Pepperidge Farm","4.69","14 oz","","inStore:false; curbside:false; delivery:false; shipToHome:false"
"0007131404799","Aunt Millie's Honey Wheat Bread","Aunt Millie's","4.29","22 oz","","inStore:true; curbside:true; delivery:true; shipToHome:false"
"0001111008529","Kroger® 100% Whole Wheat Bread","Kroger","2.29","16 oz","TEMPORARILY_OUT_OF_STOCK","inStore:true; curbside:true; delivery:true; shipToHome:false"
"0007131900030","Schwebel's® Sweet Wheat Bread","Schwebel's","2.99","20 oz","","inStore:false; curbside:false; delivery:false; shipToHome:false"
"0002412600893","Healthy Life Whole Wheat Bread","Healthy Life","3.19","16.0 ounce","TEMPORARILY_OUT_OF_STOCK","inStore:false; curbside:false; delivery:false; shipToHome:false"
"0007225001232","Nature's Own 100% Whole Wheat, Non-GMO Small Loaf Bread, Sandwich Bread, 12 oz Loaf","Nature's Own","2.99","12 oz","","inStore:true; curbside:true; delivery:true; shipToHome:false"
"0007294561103","Sara Lee Whole Wheat Bread","Sara Lee","4.49","16 oz","","inStore:true; curbside:true; delivery:true; shipToHome:false"
"0007131404969","Aunt Millie's Live Carb Smart Honey Wheat Bread","Aunt Millie's","5.99","14 oz","","inStore:true; curbside:true; delivery:true; shipToHome:false"
"0007882110095","Nickles Split Top Honey Wheat Bread","Nickles","3.29","20 oz","","inStore:false; curbside:false; delivery:false; shipToHome:false"
"0001111013251","Private Selection® Steakhouse Bread Thick Cut","Private Selection","3.49","20 oz","TEMPORARILY_OUT_OF_STOCK","inStore:true; curbside:true; delivery:true; shipToHome:false"
"0007882110212","Nickles Bakery Light 45 Calorie Wheat Bread Loaf","Nickles","3.79","16 oz","","inStore:false; curbside:false; delivery:false; shipToHome:false"
"0007294571589","Sara Lee Delightful Honey Whole Wheat Bread","Sara Lee","4.99","20 oz","","inStore:true; curbside:true; delivery:true; shipToHome:false"
"0001111008478","Kroger® Soft Wheat Sandwich Bread","Kroger","1.99","20 oz","TEMPORARILY_OUT_OF_STOCK","inStore:false; curbside:false; delivery:false; shipToHome:false"
"0001111016523","Kroger Classic Garlic Bread,16oz","Kroger","2.19","kroger garlic bread 16oz","HIGH","inStore:true; curbside:true; delivery:true; shipToHome:false"
"0007225001118","Home Pride Butter Top Wheat Bread","Home Pride","4.29","20 oz","","inStore:true; curbside:true; delivery:true; shipToHome:false"
"0001111015513","Simple Truth® Protein Cream Cheese Biscuits","Simple Truth","6.99","6 ct","HIGH","inStore:true; curbside:true; delivery:true; shipToHome:false"
"0007131404971","Aunt Millie's Live Carb Smart 5 Seed Bread 14 oz","Aunt Millie's","5.99","14 oz","","inStore:true; curbside:true; delivery:true; shipToHome:false"
"0004157322506","Bakery Fresh Crisp & Soft French Bread","Bakery Fresh","2.49","16 oz","","inStore:true; curbside:true; delivery:true; shipToHome:false"
"0001410007111","Pepperidge Farm Swirl Raisin Cinnamon Breakfast Bread","Pepperidge Farm","4.69","16 oz","","inStore:true; curbside:true; delivery:true; shipToHome:false"
"0007341000026","Arnold 12 Whole Grain Bread","Arnold","","24 oz","","inStore:false; curbside:false; delivery:false; shipToHome:false"
"0007341001355","Arnold Oatnut Whole Grain Bread","Arnold","4.99","24 oz","","inStore:false; curbside:false; delivery:false; shipToHome:false"
"0089049700029","ACE Bakery® Sourdough Bistro Sliced Bread, 21 oz, 12 Slices","ACE Bakery","4.99","21 oz","","inStore:true; curbside:true; delivery:true; shipToHome:false"
"0007347200117","Food for Life® Cinnamon Raisin Frozen English Muffins","Food for Life","8.49","16 oz","LOW","inStore:true; curbside:true; delivery:true; shipToHome:false"
"0007225002075","Nature's Own Perfectly Crafted Non GMO Multigrain Bread","Nature's Own","4.79","22 oz","","inStore:true; curbside:true; delivery:true; shipToHome:false"
"0007347200119","Food For Life® Ezekiel 4:9® Frozen English Muffins","Food for Life","8.49","16 oz","HIGH","inStore:true; curbside:true; delivery:true; shipToHome:false"
"0007225001303","Nature's Own Sourdough, Small Loaf Size, Sliced Sourdough Sandwich Bread","Nature's Own","2.99","12 oz","","inStore:true; curbside:true; delivery:true; shipToHome:false"
"0069899780913","Udi's Gluten Free Frozen Classic Hamburger Buns","Udi's","7.99","10.4 oz","LOW","inStore:true; curbside:true; delivery:true; shipToHome:false"
"0069843300112","O'Doughs® Bakery Origional Sandwich Buns Vegan","O'Doughs","6.49","18 oz","LOW","inStore:true; curbside:true; delivery:true; shipToHome:false"
"0007341095809","Brownberry 22 Grains & Seeds Wheat Small Slice Bread","Brownberry","4.69","18 oz","","inStore:false; curbside:false; delivery:false; shipToHome:false"
"0001111019013","Italian Bread","","2.49","16 oz","","inStore:true; curbside:true; delivery:true; shipToHome:false"
"0069899780932","Udi's Gluten Free Frozen Classic Hot Dog Buns","Udi's","7.99","14.300 oz","TEMPORARILY_OUT_OF_STOCK","inStore:true; curbside:true; delivery:true; shipToHome:false"
"0007341095607","Brownberry Nut Whole Grain Bread","Brownberry","4.99","24 oz","","inStore:true; curbside:true; delivery:true; shipToHome:false"
"0085358400232","Canyon Bakehouse Gluten Free Sweet Hawaiian Bread","Canyon Bakehouse","8.49","15 oz","","inStore:true; curbside:true; delivery:true; shipToHome:false"
"0007016295978","Artesano Sourdough Bread","Artesano","4.99","20 oz","","inStore:false; curbside:false; delivery:false; shipToHome:false"
"0001410007467","Pepperidge Farm® Farmhouse Sourdough Bread","Pepperidge Farm","4.69","24 oz","","inStore:true; curbside:true; delivery:true; shipToHome:false"
"0007294576614","Sara Lee Sourdough Bread, Half Loaf","Sara Lee","2.99","12 oz","","inStore:true; curbside:true; delivery:true; shipToHome:false"
"0081075701037","Schar Gluten Free Sourdough Bread","Schar","6.49","8.5 oz","TEMPORARILY_OUT_OF_STOCK","inStore:true; curbside:true; delivery:true; shipToHome:false"
"0069843300123","O'Doughs® Vegan Everything Bagel Thins","O'Doughs","4.99","6 ct / 10.6 oz","LOW","inStore:true; curbside:true; delivery:true; shipToHome:false"
"0007131404955","Aunt Millie's Bakehouse Artisan Style Sourdough Bread","Aunt Millie's","4.29","20 oz","","inStore:true; curbside:false; delivery:true; shipToHome:false"
"0002412601741","Lewis Bake Shop Sourdough Bread","Lewis Bake Shop","2.79","12 oz","TEMPORARILY_OUT_OF_STOCK","inStore:false; curbside:false; delivery:false; shipToHome:false"
"0069843300091","O'Dough's® Gluten Free Frozen Bagel Thins","O'Doughs","4.99","10.6 oz","LOW","inStore:true; curbside:true; delivery:true; shipToHome:false"
"0003967707112","California Goldminer® Sourdough Square Bread","California Goldminer","5.49","24 oz","","inStore:true; curbside:true; delivery:true; shipToHome:false"
"0069843300093","O'Doughs® Thins Sprouted Whole Grain Flax Bagel Vegan","O'Doughs","4.99","10.6 oz","TEMPORARILY_OUT_OF_STOCK","inStore:true; curbside:true; delivery:true; shipToHome:false"
"0085358400224","Canyon Bakehouse Heritage Style Whole Grain Gluten Free Bread Large-Sliced Frozen","Canyon Bakehouse","9.99","24 oz","TEMPORARILY_OUT_OF_STOCK","inStore:false; curbside:false; delivery:false; shipToHome:false"
"0007341095731","Brownberry Oatnut Whole Grain Bread","Brownberry","4.69","18 oz","","inStore:true; curbside:true; delivery:true; shipToHome:false"
"0085358400228","Canyon Bakehouse Gluten Free Country White 100% Whole Grain Bread","Canyon Bakehouse","8.49","15 oz","","inStore:false; curbside:false; delivery:false; shipToHome:false"
"0085358400229","Canyon Bakehouse Ancient Grain Gluten Free Bread, 100% Whole Grain Sandwich Bread, Fresh, 15 oz","Canyon Bakehouse","8.49","15 oz","","inStore:true; curbside:true; delivery:true; shipToHome:false"
"0001111081655","Kroger® Parmesan Garlic Frozen Bread","Kroger","2.49","8 oz","HIGH","inStore:true; curbside:true; delivery:true; shipToHome:false"
"0007341001375","Arnold 100% Whole Grain Wheat Bread","Arnold","4.99","24 oz","","inStore:false; curbside:false; delivery:false; shipToHome:false"
"0067852337548","Glutino Gluten Free Original English Muffins","Glutino","6.49","16.9 oz","TEMPORARILY_OUT_OF_STOCK","inStore:true; curbside:true; delivery:true; shipToHome:false"
"0007432304704","Bimbo Pan Tostado Doble Fibra Toasted Bread","Bimbo","3.19","14 ct / 8.82 oz","","inStore:false; curbside:false; delivery:false; shipToHome:false"
"0007225001767","Nature's Own Life Sugar Free 100% Whole Grain Bread","Nature's Own","5.29","16 oz","","inStore:true; curbside:true; delivery:true; shipToHome:false"
"0001111065202","Bakery Fresh Frozen Garlic Bread","Bakery Fresh","3.99","16 oz","","inStore:true; curbside:true; delivery:true; shipToHome:false"
"0001111008482","Kroger® Whole Grain Bread High Fiber","Kroger","2.49","24 oz","HIGH","inStore:true; curbside:true; delivery:true; shipToHome:false"
"0007313203113","The Rustik Oven Hearty Grains & Seeds Bread","The Rustik Oven","5.29","16 oz","","inStore:true; curbside:true; delivery:true; shipToHome:false"
"0007131404968","Aunt Millie's Live Carb Smart Sourdough Bread","Aunt Millie's","5.99","14 oz","","inStore:true; curbside:true; delivery:true; shipToHome:false"
"0004812122905","Thomas' Cinnamon Swirl Bread","Thomas'","3.99","16 oz","","inStore:true; curbside:true; delivery:true; shipToHome:false"
"0004812122903","Thomas' Cinnamon Raisin Swirl Bread","Thomas'","3.99","16 oz","","inStore:true; curbside:true; delivery:true; shipToHome:false"
"0007131400523","Aunt Millie's 100% White Whole Grain Bread","Aunt Millie's","3.79","16 oz","","inStore:true; curbside:true; delivery:true; shipToHome:false"
"0007294571588","Sara Lee Delightful Multi-Grain Bread","Sara Lee","4.99","20 oz","","inStore:true; curbside:true; delivery:true; shipToHome:false"
"0001111011238","Kroger® Classic Frozen Garlic Bread","Kroger","2.19","16 oz","TEMPORARILY_OUT_OF_STOCK","inStore:true; curbside:true; delivery:true; shipToHome:false"
"0001111011397","Private Selection® Multigrain Bread Wide Pan","Private Selection","3.49","24 oz","HIGH","inStore:true; curbside:true; delivery:true; shipToHome:false"
"0001111013211","Private Selection® 12 Grain Wide Pan Bread","Private Selection","3.49","24 oz","HIGH","inStore:true; curbside:true; delivery:true; shipToHome:false"
"0089245300101","Against The Grain® Gourmet Gluten-Free Frozen Rolls","Against the Grain Gourmet","9.99","4 ct / 12 oz","TEMPORARILY_OUT_OF_STOCK","inStore:false; curbside:false; delivery:false; shipToHome:false"
"0089245300103","Against The Grain® Gluten and Grain-Free Gourmet Baguette","Against the Grain Gourmet","9.99","2 ct / 15 oz","TEMPORARILY_OUT_OF_STOCK","inStore:false; curbside:false; delivery:false; shipToHome:false"
"0007225001399","Canyon Bakehouse Gluten Free Sourdough-Style Bread, Whole Grain Gluten Free Bread, Fresh,15 oz Loaf","Canyon Bakehouse","8.49","15 oz","","inStore:true; curbside:true; delivery:true; shipToHome:false"
"0007225001101","Nature's Own Life Keto Soft White Hotdog Buns, Non-GMO Keto Hotdog Buns, Keto Bread Buns, 8 Count","Nature's Own","8.49","8 ct","","inStore:false; curbside:false; delivery:false; shipToHome:false"
"0007518500700","Martin's Potato Bread","Martin's","4.59","18 oz","","inStore:true; curbside:true; delivery:true; shipToHome:false"
"0004157322507","Bakery Fresh Goodness Sliced French Bread","Bakery Fresh Goodness","2.49","16 oz","","inStore:true; curbside:true; delivery:true; shipToHome:false"
"0004157322508","Bakery Fresh Goodness Garlic Bread Half Loaf","Bakery Fresh Goodness","1.99","10 oz","","inStore:true; curbside:true; delivery:true; shipToHome:false"
"0003967734596","Just Bake It French Batard White Bread","Just Bake It","2.49","10 oz","","inStore:true; curbside:true; delivery:true; shipToHome:false"
"0001111008503","Private Selection® Potato Bread Wide Pan","Private Selection","3.49","24 oz","HIGH","inStore:true; curbside:true; delivery:true; shipToHome:false"
"0001111081079","Kroger® Garlic Frozen Bread","Kroger","2.19","6 ct / 10.5 oz","HIGH","inStore:true; curbside:true; delivery:true; shipToHome:false"
"0001111013548","Simple Truth Organic® Thin Sliced 21 Grains and Seeds Multigrain Bread","Simple Truth Organic","3.99","20 oz","TEMPORARILY_OUT_OF_STOCK","inStore:true; curbside:true; delivery:true; shipToHome:false"
"0001410007119","Pepperidge Farm Jewish Rye Pumpernickel Bread","Pepperidge Farm","4.99","16 oz","","inStore:true; curbside:true; delivery:true; shipToHome:false"
"0005100013865","Pepperidge Farm® Texas Toast Frozen 5 Cheese Bread 6 Slices","Pepperidge Farm","3.99","9.5 oz","HIGH","inStore:true; curbside:true; delivery:true; shipToHome:false"
"0077403419832","Backerhaus Veit Signature Tuscan White Sliced Bread Loaf","Backerhaus Veit","3.99","17.6 oz","","inStore:true; curbside:true; delivery:true; shipToHome:false"
"0007225001301","Nature's Own Life Keto Multigrain Bread, Net 1 Carb Non-GMO Sliced Multigrain Keto Bread, 16 oz Loaf","Nature's Own","7.99","16 oz","","inStore:true; curbside:true; delivery:true; shipToHome:false"
"0001111013549","Simple Truth Organic® Thin Sliced Multiseed Bread","Simple Truth Organic","3.99","20 oz","TEMPORARILY_OUT_OF_STOCK","inStore:true; curbside:true; delivery:true; shipToHome:false"
"0002412601711","Lewis Bake Shop Half Loaf 12 Grain Bread","Lewis Bake Shop","2.79","12 oz","TEMPORARILY_OUT_OF_STOCK","inStore:false; curbside:false; delivery:false; shipToHome:false"
"0007341095609","Brownberry Multi Whole Grain Bread","Brownberry","4.99","24 oz","","inStore:true; curbside:true; delivery:true; shipToHome:false"
"0001410007061","Pepperidge Farm Swirl Cinnamon Breakfast Bread","Pepperidge Farm","4.69","16 oz","","inStore:true; curbside:true; delivery:true; shipToHome:false"
"0089049700096","ACE Bakery® Multigrain Protein Sourdough Bistro Sliced Bread, 22.6 oz, 11 Slices","ACE Bakery","5.99","22.6 oz","","inStore:true; curbside:true; delivery:true; shipToHome:false"
"0001111013551","Simple Truth Organic® Thin Sliced Ancient Grain Bread","Simple Truth Organic","3.99","20 oz","LOW","inStore:true; curbside:true; delivery:true; shipToHome:false"
"0003967737710","The Cheesecake Factory At Home™ Brown Bread Wheat Sandwich Loaf","The Cheesecake Factory","5.49","18.7 oz","","inStore:false; curbside:false; delivery:false; shipToHome:false"
"0007222001018","Franz Gluten Free Sourdough Deli Style Bread","Franz","6.49","14 oz","HIGH","inStore:true; curbside:true; delivery:true; shipToHome:false"
"0001111013237","Private Selection® Artisan Brioche Bread","Private Selection","3.49","20 oz","LOW","inStore:true; curbside:true; delivery:true; shipToHome:false"
"0001111013554","Simple Truth Organic® Multiseed Bread","Simple Truth Organic","4.29","26 oz","TEMPORARILY_OUT_OF_STOCK","inStore:true; curbside:true; delivery:true; shipToHome:false"
"0005100007546","Pepperidge Farm Frozen Garlic Bread","Pepperidge Farm","3.69","10 oz","HIGH","inStore:true; curbside:true; delivery:true; shipToHome:false"
"0005100012767","Pepperidge Farm® Texas Toast Frozen Garlic Bread 8 Slices","Pepperidge Farm","3.99","11.25 oz","LOW","inStore:true; curbside:true; delivery:true; shipToHome:false"
"0001111013553","Simple Truth Organic® Seeds and 21 Multigrain Bread","Simple Truth Organic","4.29","26 oz","LOW","inStore:true; curbside:true; delivery:true; shipToHome:false"
"0002412601700","Lewis Bake Shop Half Loaf Nutty Oat Bread","Lewis Bake Shop","2.79","12 oz","TEMPORARILY_OUT_OF_STOCK","inStore:false; curbside:false; delivery:false; shipToHome:false"
"0007045900930","New York Bakery Frozen Garlic Bread Knots","New York Bakery","4.49","6 ct","HIGH","inStore:true; curbside:true; delivery:true; shipToHome:false"
"0007341095616","Brownberry Italian Bread","Brownberry","3.99","22 oz","","inStore:true; curbside:true; delivery:true; shipToHome:false"
"0003967737720","The Cheesecake Factory At Home™ Brown Bread Wheat Mini Baguettes","The Cheesecake Factory","5.99","2 ct / 10 oz","","inStore:true; curbside:true; delivery:true; shipToHome:false"
"0001111006745","Bakery Fresh French Bread","Bakery Fresh","2.49","16 oz","","inStore:true; curbside:true; delivery:true; shipToHome:false"
"0001410005391","Pepperidge Farm Farmhouse Brioche Bread","Pepperidge Farm","4.69","22 oz","","inStore:true; curbside:true; delivery:true; shipToHome:false"
"0007016295868","Artesano® Brioche Bread","Artesano","4.99","20 oz","","inStore:true; curbside:true; delivery:true; shipToHome:false"
"0007016295869","Artesano® Golden Wheat Bread","Artesano","4.99","20 oz","","inStore:true; curbside:true; delivery:true; shipToHome:false"
"0007882110028","Nickles Italian Pan Bread","Nickles","2.99","20 oz","","inStore:false; curbside:false; delivery:false; shipToHome:false"
"0007304000405","Beefsteak No Seeds Rye Bread","Beefsteak","4.99","18 oz","","inStore:true; curbside:true; delivery:true; shipToHome:false"
"0007304000404","Beefsteak Seeded Hearty Rye Bread","Beefsteak","4.99","18 oz","","inStore:true; curbside:true; delivery:true; shipToHome:false"
"0001111008521","Private Selection® Sliced 7 Grain Bread Wide Pan","Private Selection","3.49","24 oz","HIGH","inStore:true; curbside:true; delivery:true; shipToHome:false"
"0007313203112","The Rustik Oven Artisan Style Italian Bread","The Rustik Oven","5.29","16 oz","","inStore:true; curbside:true; delivery:true; shipToHome:false"
"0001111009054","Kroger® CARBmaster® Multiseed Bread","Kroger","5.99","20 oz","LOW","inStore:true; curbside:true; delivery:true; shipToHome:false"
"0007225002131","Nature's Own Perfectly Crafted Non-GMO Brioche Style Bread","Nature's Own","4.79","22 oz","","inStore:true; curbside:true; delivery:true; shipToHome:false"
"0007343500028","King’s Hawaiian® Hawaiian Sweet Sliced Bread","King's Hawaiian","5.49","13.5 oz","","inStore:true; curbside:true; delivery:true; shipToHome:false"
"0002412601814","Lewis Bake Shop Half Loaf Multiseed Special Recipe Bread","Lewis Bake Shop","2.79","12 oz","TEMPORARILY_OUT_OF_STOCK","inStore:false; curbside:false; delivery:false; shipToHome:false"
"0089049700074","ACE Bakery® Extra Sour Sourdough Bistro Sliced Bread, 21 oz, 12 Slices","ACE Bakery","4.99","21 oz","","inStore:true; curbside:true; delivery:true; shipToHome:false"
"0001111008517","Private Selection® Light Rye Bread Wide Pan","Private Selection","3.49","24 oz","HIGH","inStore:true; curbside:true; delivery:true; shipToHome:false"
"0001410007120","Pepperidge Farm Seeded Jewish Rye Bread","Pepperidge Farm","4.99","16 oz","","inStore:true; curbside:true; delivery:true; shipToHome:false"
"0001410007121","Pepperidge Farm Seedless Jewish Rye Bread","Pepperidge Farm","4.99","16 oz","","inStore:true; curbside:true; delivery:true; shipToHome:false"
"0001111090551","Kroger® Mozzarella Twisted Frozen Bread","Kroger","2.49","11.5 oz","HIGH","inStore:true; curbside:true; delivery:true; shipToHome:false"
"0001111008518","Private Selection® Dark Rye Bread Wide Pan","Private Selection","3.49","24 oz","HIGH","inStore:true; curbside:true; delivery:true; shipToHome:false"
"0007225000903","Nature's Own Life Keto Soft White Burger Buns, Keto Hamburger Buns, Keto Bread Buns","Nature's Own","8.49","8 ct","","inStore:true; curbside:true; delivery:true; shipToHome:false"
"0001410007009","Pepperidge Farm Jewish Rye and Pumpernickel Swirl Bread","Pepperidge Farm","4.99","16 oz","","inStore:true; curbside:true; delivery:true; shipToHome:false"
"0007225001387","Nature's Own Life Protein Plus Wheat Bread, 22g Protein per 2 slices, Non-GMO Keto Friendly, 16 oz","Nature's Own","7.49","16 oz","","inStore:true; curbside:true; delivery:true; shipToHome:false"
"0007131404978","Aunt Millie's Live Carb Smart Cinnamon Breakfast Bread","Aunt Millie's","5.99","14 oz","","inStore:true; curbside:true; delivery:true; shipToHome:false"
"0007105200009","Cole's® Original Frozen Garlic Bread Loaf","Cole's","4.29","16 oz","HIGH","inStore:true; curbside:true; delivery:true; shipToHome:false"
"0001111012809","Simple Truth® Gluten Free Honey Oat Sandwich Bread","Simple Truth","6.29","20 oz","HIGH","inStore:true; curbside:true; delivery:true; shipToHome:false"
"0001376402813","Dave's Killer Bread Killer Classic English Muffins Organic English Muffins","Dave's Killer Bread","6.99","6 ct","","inStore:true; curbside:true; delivery:true; shipToHome:false"
"0007131900045","Schwebel's® Authentic Sourdough Heart Baked Bread","Schwebel's","5.69","24 oz","","inStore:false; curbside:false; delivery:false; shipToHome:false"
"0005172100108","Klosterman Rye Bread","Klosterman","3.49","16 oz","","inStore:true; curbside:true; delivery:true; shipToHome:false"
"0007341095672","Brownberry Organic Thin Sliced Seeds & 22 Multigrain Bread","Brownberry","5.79","20 oz","","inStore:true; curbside:true; delivery:true; shipToHome:false"
"0005172100109","Klosterman Dark Rye Bread","Klosterman","3.49","16 oz","","inStore:true; curbside:true; delivery:true; shipToHome:false"
"0007371125015","S. Rosen's™ Pumpernickel Bread","S. Rosen's","3.99","12 oz","","inStore:true; curbside:true; delivery:true; shipToHome:false"
"0007371125010","S. Rosen's™ Party Entertainers Caraway Rye Bread","S. Rosen's","3.99","12 oz","","inStore:true; curbside:true; delivery:true; shipToHome:false"
"0007343500001","King's Hawaiian® Round Sweet Bread","King's Hawaiian","6.99","16 oz","","inStore:true; curbside:true; delivery:true; shipToHome:false"
"0081075701325","Schar Artisan Baker Gluten Free 10 Grains & Seeds Bread","Schar","7.49","14.1 oz","TEMPORARILY_OUT_OF_STOCK","inStore:false; curbside:false; delivery:false; shipToHome:false"
"0081075701324","Schar Gluten Free Artisan Baker Multigrain Bread","Schar","7.49","14.1 oz","TEMPORARILY_OUT_OF_STOCK","inStore:false; curbside:false; delivery:false; shipToHome:false"
"0007225001302","Nature's Own Hawaiian, Small Loaf Size, Sliced Hawaiian Bread","Nature's Own","2.99","12 oz","","inStore:true; curbside:true; delivery:true; shipToHome:false"
"0002412601289","Sun-Maid Raisin Cinnamon Swirl Breakfast Bread","Sun-Maid","3.79","16.0 ounce","TEMPORARILY_OUT_OF_STOCK","inStore:false; curbside:false; delivery:false; shipToHome:false"
"0001111086365","Kroger® Cinnamon Raisin Bread","Kroger","3.19","16 oz","TEMPORARILY_OUT_OF_STOCK","inStore:true; curbside:true; delivery:true; shipToHome:false"
"0007131404349","Aunt Millie's Half Loaf Seedless Rye Bread","Aunt Millie's","2.49","12 oz","","inStore:false; curbside:false; delivery:false; shipToHome:false"
"0007131400187","Aunt Millie's Live Light! Potato Bread 20 oz","Aunt Millie's","3.79","20 oz","","inStore:true; curbside:true; delivery:true; shipToHome:false"
"0069899781022","Udi's Gluten Free Frozen Delicious Soft White Sandwich Bread","Udi's","8.79","18 oz","TEMPORARILY_OUT_OF_STOCK","inStore:true; curbside:true; delivery:true; shipToHome:false"
"0001376402824","Dave's Killer Bread 8 Pack Burger Buns Done Right Organic Buns","Dave's Killer Bread","6.99","8 pk","","inStore:true; curbside:true; delivery:true; shipToHome:false"
"0001410005486","Pepperidge Farm Swirl Lemon Blueberry Flavored Breakfast Bread","Pepperidge Farm","4.69","14 oz","","inStore:false; curbside:false; delivery:false; shipToHome:false"
"0007131404348","Aunt Millie's Half Loaf Honey 7 Grains Bread","Aunt Millie's","2.49","12 oz","","inStore:true; curbside:true; delivery:true; shipToHome:false"
"0001376402823","Dave's Killer Bread Organic 21 Whole Grains and Seeds Hamburger Buns","Dave's Killer Bread","6.99","8 ct / 17.6 oz","","inStore:true; curbside:true; delivery:true; shipToHome:false"
"0007294595918","Sara Lee Half Loaf Brioche Bread","Sara Lee","2.99","12 oz","","inStore:true; curbside:true; delivery:true; shipToHome:false"
"0001111013236","Private Selection® Rustic Potato Bread Thick Cut","Private Selection","3.49","20 oz","TEMPORARILY_OUT_OF_STOCK","inStore:true; curbside:true; delivery:true; shipToHome:false"
"0007131404350","Aunt Millie's Half Loaf Hearty Oat Bread","Aunt Millie's","2.49","12 oz","","inStore:true; curbside:true; delivery:true; shipToHome:false"
"0001111005145","Bakery Fresh Pumpernickel Rye Bread","Bakery Fresh Goodness","3.99","16 oz","","inStore:true; curbside:true; delivery:true; shipToHome:false"
"0001308752355","La Brea Bakery White Sourdough Bread","La Brea Bakery","2.99","1 ct","","inStore:true; curbside:true; delivery:true; shipToHome:false"
"0007131404956","Aunt Millie's Bakehouse Artisan Style Brioche Bread","Aunt Millie's","4.29","20 oz","","inStore:true; curbside:true; delivery:true; shipToHome:false"
"0007105200025","Cole's® Frozen Garlic Bread Mini Loaf","Cole's","3.19","8 oz","HIGH","inStore:true; curbside:true; delivery:true; shipToHome:false"
"0007131404957","Aunt Millie's Bakehouse Artisan Style Potato Bread","Aunt Millie's","4.29","20 oz","","inStore:true; curbside:true; delivery:true; shipToHome:false"
"0007131404958","Aunt Millie's Bakehouse Artisan Style Honey Crunchy Oat Bread","Aunt Millie's","4.29","20 oz","","inStore:true; curbside:true; delivery:true; shipToHome:false"
"0002412601745","Lewis Bake Shop Half Loaf Rye Bread","Lewis Bake Shop","2.79","12 oz","TEMPORARILY_OUT_OF_STOCK","inStore:false; curbside:false; delivery:false; shipToHome:false"
"0005100012474","Pepperidge Farm® Frozen 5 Cheese Garlic Bread","Pepperidge Farm","4.79","11.75 oz","LOW","inStore:true; curbside:true; delivery:true; shipToHome:false"
"0001111064915","Private Selection® Cracked Black Pepper Round Bread","Private Selection","","22 oz","","inStore:true; curbside:true; delivery:true; shipToHome:false"
"0007203096039","Entenmann's Little Bites Chocolate Chip Mini Muffins","Entenmann's Little Bites","5.79","5 ct / 1.5 oz","","inStore:true; curbside:true; delivery:true; shipToHome:false"
"0001111012839","Simple Truth Organic® Sprouted Grain and Legume Bread","Simple Truth Organic","3.79","24 oz","HIGH","inStore:true; curbside:true; delivery:true; shipToHome:false"
"0001111011625","Kroger® Gluten Free 7 Grain Bread","Kroger","5.99","18 oz","HIGH","inStore:true; curbside:true; delivery:true; shipToHome:false"
"0003967707225","Goldminer Sourdough Boule Bread","Goldminer","4.99","24 oz","","inStore:false; curbside:false; delivery:false; shipToHome:false"
"0001111063908","Bakery Fresh Everything French Bread","Bakery Fresh","3.49","16 oz","","inStore:true; curbside:true; delivery:true; shipToHome:false"
"0007882110178","Nickles Country Style Deli Rye Bread","Nickles","3.99","20 oz","","inStore:false; curbside:false; delivery:false; shipToHome:false"
"0001376402803","Dave's Killer Bread Epic Everything Bagels, Organic Bagels, 5 Count","Dave's Killer Bread","7.29","16.75 oz","","inStore:true; curbside:true; delivery:true; shipToHome:false"
"0001376402802","Dave's Killer Bread Cinnamon Raisin Remix Bagels Organic Bagels","Dave's Killer Bread","7.29","5 ct","","inStore:true; curbside:true; delivery:true; shipToHome:false"
"0001376402801","Dave's Killer Bread Plain Awesome Bagels, Organic Bagels, 5 Count","Dave's Killer Bread","7.29","16.75 oz","","inStore:true; curbside:true; delivery:true; shipToHome:false"
"0007131900044","Schwebel's Rheuben Rye Bread","Schwebel's","5.99","36 oz","","inStore:false; curbside:false; delivery:false; shipToHome:false"
"0007131900042","Schwebel's® Hearth Baked Jewish Rye Bread","Schwebel's","4.99","24 oz","","inStore:false; curbside:false; delivery:false; shipToHome:false"
"0087037500511","Motor City Pizza Co.® Detroit Style 5 Cheese Bread","Motor City Pizza Co.","9.49","22.43 oz","TEMPORARILY_OUT_OF_STOCK","inStore:false; curbside:false; delivery:false; shipToHome:false"
"0085675000207","Rudi's Gluten Free Sourdough White Bread","Rudi's","7.29","18 oz","TEMPORARILY_OUT_OF_STOCK","inStore:true; curbside:true; delivery:true; shipToHome:false"
"0007131410328","Aunt Millie's Seeded Italian Bread","Aunt Millie's","4.29","22 oz","","inStore:true; curbside:true; delivery:true; shipToHome:false"
"0001111050526","Kroger® Colby Jack Sliced Cheese","Kroger","3.99","16 slices / 12 oz","HIGH","inStore:true; curbside:true; delivery:true; shipToHome:false"
"0001111015121","Kroger® Mexican Style Blend Shredded Cheese Family Size","Kroger","7.29","32 oz","HIGH","inStore:true; curbside:true; delivery:true; shipToHome:false"
"0001111050204","Kroger® Mexican Style Blend Shredded Cheese","Kroger","2.49","8 oz","HIGH","inStore:true; curbside:true; delivery:true; shipToHome:false"
"0004610041106","Sargento® Off the Block 4 State Cheddar® Shredded Cheese","Sargento","3.5","7.5 oz","HIGH","inStore:true; curbside:true; delivery:true; shipToHome:false"
"0020613510000","Kroger® Sliced White American Cheese","Kroger","5","12 oz","","inStore:true; curbside:true; delivery:true; shipToHome:false"
"0001111060726","Private Selection® Muenster Sliced Cheese","Private Selection","5.99","8 oz","LOW","inStore:true; curbside:true; delivery:true; shipToHome:false"
"0001111001798","Kroger® Whole Milk Mozzarella Shredded Cheese","Kroger","2.49","8 oz","HIGH","inStore:true; curbside:true; delivery:true; shipToHome:false"
"0001111009434","Kroger® Singles American Sliced Cheese","Kroger","2.79","16 slices / 12 oz","HIGH","inStore:true; curbside:true; delivery:true; shipToHome:false"
"0001111001390","Simple Truth Organic® Colby Jack Cheese Slices","Simple Truth Organic","3.49","6 oz","LOW","inStore:true; curbside:true; delivery:true; shipToHome:false"
"0001111058732","Kroger® Medium Cheddar Block Cheese","Kroger","3.69","16 oz","HIGH","inStore:true; curbside:true; delivery:true; shipToHome:false"
"0001111009435","Kroger® Singles American Sliced Cheese","Kroger","3.49","24 slices / 16 oz","HIGH","inStore:true; curbside:true; delivery:true; shipToHome:false"
"0001111009437","Kroger® Singles 4 Cheese Blend Sliced Cheese","Kroger","2.79","16 slices / 12 oz","HIGH","inStore:true; curbside:true; delivery:true; shipToHome:false"
"0004610000121","Sargento® Colby-Jack Sliced Cheese","Sargento","3.5","11 slices / 7.5 oz","HIGH","inStore:true; curbside:true; delivery:true; shipToHome:false"
"0001111058733","Kroger® Sharp Cheddar Block Cheese","Kroger","3.69","16 oz","HIGH","inStore:true; curbside:true; delivery:true; shipToHome:false"
"0002100002483","Kraft Singles 2% Milk American Sliced Cheese","Kraft","4.29","16 ct","HIGH","inStore:true; curbside:true; delivery:true; shipToHome:false"
"0084037090157","Kraft Triple Cheddar Finely Shredded Natural Cheese Bag","Kraft","3.79","8 oz","HIGH","inStore:true; curbside:true; delivery:true; shipToHome:false"
"0001111058737","Kroger® Colby Jack Block Cheese","Kroger","3.69","16 oz","HIGH","inStore:true; curbside:true; delivery:true; shipToHome:false"
"0001111015131","Kroger® Mexican Style Blend Shredded Cheese","Kroger","3.69","16 oz","HIGH","inStore:true; curbside:true; delivery:true; shipToHome:false"
"0001111050159","Kroger® Mozzarella Shredded Cheese","Kroger","2.49","8 oz","HIGH","inStore:true; curbside:true; delivery:true; shipToHome:false"
"0001111050158","Kroger® Sharp Cheddar Shredded Cheese","Kroger","2.49","8 oz","HIGH","inStore:true; curbside:true; delivery:true; shipToHome:false"
"0001111050195","Kroger® Parmesan Shredded Cheese","Kroger","2.49","6 oz","HIGH","inStore:true; curbside:true; delivery:true; shipToHome:false"
"0001111058625","Kroger® Mild Cheddar Cheese Block","Kroger","2.49","8 oz","HIGH","inStore:true; curbside:true; delivery:true; shipToHome:false"
"0001111058626","Kroger® Medium Cheddar Block Cheese","Kroger","2.49","8 oz","HIGH","inStore:true; curbside:true; delivery:true; shipToHome:false"
"0001111058624","Kroger® Monterey Jack Block Cheese","Kroger","2.49","8 oz","HIGH","inStore:true; curbside:true; delivery:true; shipToHome:false"
"0002100060464","Kraft Singles American Sliced Cheese","Kraft","4.29","16 ct","HIGH","inStore:true; curbside:true; delivery:true; shipToHome:false"
"0001111058627","Kroger® Sharp Cheddar Block Cheese","Kroger","2.49","8 oz","HIGH","inStore:true; curbside:true; delivery:true; shipToHome:false"
"0001111058628","Kroger® Extra Sharp Cheddar Block Cheese","Kroger","2.49","8 oz","HIGH","inStore:true; curbside:true; delivery:true; shipToHome:false"
"0007283001140","Tillamook® Mexican 4 Cheese Shredded Cheese Farmstyle","Tillamook","4.99","8 oz","HIGH","inStore:true; curbside:true; delivery:true; shipToHome:false"
"0001111058152","Kroger® Mozzarella String Cheese","Kroger","3.59","12 ct / 1 oz","HIGH","inStore:true; curbside:true; delivery:true; shipToHome:false"
"0001111058430","Kroger® Pepper Jack Block Cheese","Kroger","2.49","8 oz","HIGH","inStore:true; curbside:true; delivery:true; shipToHome:false"
"0001111050183","Kroger® Cheddar Jack Shredded Cheese","Kroger","2.49","8 oz","HIGH","inStore:true; curbside:true; delivery:true; shipToHome:false"
"0002100061526","Kraft Singles American Sliced Cheese","Kraft","5.49","24 ct","HIGH","inStore:true; curbside:true; delivery:true; shipToHome:false"
"0001111058678","Kroger® Colby Jack Block Cheese","Kroger","2.49","8 oz","HIGH","inStore:true; curbside:true; delivery:true; shipToHome:false"
"0001111058755","Kroger® Colby Jack Block Cheese BIG DEAL!","Kroger","7.29","32 oz","HIGH","inStore:true; curbside:true; delivery:true; shipToHome:false"
"0001111058718","Kroger® Medium Cheddar Sliced Cheese","Kroger","2.49","8 slices / 6 oz","HIGH","inStore:true; curbside:true; delivery:true; shipToHome:false"
"0001111058716","Kroger® Smoke Flavored Provolone Sliced Cheese","Kroger","2.49","8 slices / 6 oz","HIGH","inStore:true; curbside:true; delivery:true; shipToHome:false"
"0001111013529","Simple Truth Organic® Low Moisture Part Skim Mozzarella Shredded Cheese","Simple Truth Organic","3.49","6 oz","HIGH","inStore:true; curbside:true; delivery:true; shipToHome:false"
"0001111058719","Kroger® Swiss Sliced Cheese","Kroger","2.49","8 slices / 6 oz","HIGH","inStore:true; curbside:true; delivery:true; shipToHome:false"
"0001111013528","Simple Truth Organic® Mexican Style Blend Shredded Cheese","Simple Truth Organic","3.49","6 oz","HIGH","inStore:true; curbside:true; delivery:true; shipToHome:false"
"0002100061161","Velveeta Original Cheese","Velveeta","7.99","32 oz","HIGH","inStore:true; curbside:true; delivery:true; shipToHome:false"
"0001111050339","Kroger® Medium Cheddar Shredded Cheese","Kroger","2.49","8 oz","HIGH","inStore:true; curbside:true; delivery:true; shipToHome:false"
"0001111058287","Kroger® Colby Jack Sliced Cheese","Kroger","2.49","8 slices / 6 oz","HIGH","inStore:true; curbside:true; delivery:true; shipToHome:false"
"0001111050174","Kroger® Colby Jack Shredded Cheese","Kroger","2.49","8 oz","HIGH","inStore:true; curbside:true; delivery:true; shipToHome:false"
"0004610000113","Sargento® Sharp Cheddar Sliced Cheese","Sargento","3.5","11 slices / 8 oz","HIGH","inStore:true; curbside:true; delivery:true; shipToHome:false"
"0001111058720","Kroger® Pepper Jack Sliced Cheese","Kroger","2.49","8 slices / 6 oz","HIGH","inStore:true; curbside:true; delivery:true; shipToHome:false"
"0001111050170","Kroger® Mild Cheddar Shredded Cheese","Kroger","2.49","8 oz","HIGH","inStore:true; curbside:true; delivery:true; shipToHome:false"
"0001111009524","Private Selection® Medium Cheddar Sliced Cheese","Private Selection","5.99","8 oz","TEMPORARILY_OUT_OF_STOCK","inStore:false; curbside:false; delivery:false; shipToHome:false"
"0001111058604","Kroger® Sharp Cheddar Block Cheese BIG DEAL!","Kroger","7.29","32 oz","HIGH","inStore:true; curbside:true; delivery:true; shipToHome:false"
"0001111013530","Simple Truth Organic® Sharp White Cheddar Shredded Cheese","Simple Truth Organic","3.49","6 oz","HIGH","inStore:true; curbside:true; delivery:true; shipToHome:false"
"0001111058608","Kroger® Mozzarella Block Cheese","Kroger","2.49","8 oz","HIGH","inStore:true; curbside:true; delivery:true; shipToHome:false"
"0001111050205","Kroger® Italian Style Blend Shredded Cheese","Kroger","2.49","8 oz","HIGH","inStore:true; curbside:true; delivery:true; shipToHome:false"
"0001111015120","Kroger® Sharp Cheddar Shredded Cheese Family Size","Kroger","7.29","32 oz","HIGH","inStore:true; curbside:true; delivery:true; shipToHome:false"
"0004610041103","Sargento® Off the Block Traditional Cut Extra Sharp Cheddar Natural Cheese Shreds","Sargento","3.5","7 oz","HIGH","inStore:true; curbside:true; delivery:true; shipToHome:false"
"0001111050202","Kroger® Monterey Jack Shredded Cheese","Kroger","2.49","8 oz","HIGH","inStore:true; curbside:true; delivery:true; shipToHome:false"
"0004610040010","Sargento® Whole Milk Mozzarella Shredded Cheese","Sargento","3.5","8 oz","HIGH","inStore:true; curbside:true; delivery:true; shipToHome:false"
"0001111010150","Kroger® Mexican Style Blend Shredded Cheese BIG DEAL!","Kroger","13.99","4 lb","HIGH","inStore:true; curbside:true; delivery:true; shipToHome:false"
"0007283001121","Tillamook® Mozzarella Shredded Cheese Farmstyle","Tillamook","4.99","8 oz","HIGH","inStore:true; curbside:true; delivery:true; shipToHome:false"
"0004610040092","Sargento® Off the Block Fine Cut 4 Cheese Mexican Blend Natural Cheese Shreds","Sargento","3.5","8 oz","HIGH","inStore:true; curbside:true; delivery:true; shipToHome:false"
"0001111001392","Simple Truth Organic® Sharp White Cheddar Sliced Cheese","Simple Truth Organic","3.49","8 slices / 6 oz","HIGH","inStore:true; curbside:true; delivery:true; shipToHome:false"
"0001111008389","Private Selection® Chef's Blend Sharp Cheddar Gouda Asiago Thick Cut Shredded Cheese","Private Selection","3.49","8 oz","HIGH","inStore:true; curbside:true; delivery:true; shipToHome:false"
"0001111011881","Kroger® Mozzarella Shredded Cheese BIG DEAL!","Kroger","13.99","4 lb","HIGH","inStore:true; curbside:true; delivery:true; shipToHome:false"
"0084037090158","Kraft Sharp Cheddar Shredded Cheese Bag","Kraft","3.79","8 oz","TEMPORARILY_OUT_OF_STOCK","inStore:true; curbside:true; delivery:true; shipToHome:false"
"0001111015129","Kroger® Low-Moisture Part Skim Mozzarella Shredded Cheese","Kroger","3.69","16 oz","HIGH","inStore:true; curbside:true; delivery:true; shipToHome:false"
"0084037090155","Kraft Colby Jack Finely Shredded Natural Cheese","Kraft","3.79","8 oz","HIGH","inStore:true; curbside:true; delivery:true; shipToHome:false"
"0001111010998","Private Selection® Mexican Style Blend Shredded Cheese","Private Selection","3.49","8 oz","LOW","inStore:true; curbside:true; delivery:true; shipToHome:false"
"0084037090156","Kraft Mexican Style Cheddar Jack Finely Shredded Natural Cheese","Kraft","3.79","8 oz","HIGH","inStore:true; curbside:true; delivery:true; shipToHome:false"
"0001111010118","Kroger® Reduced Fat Sharp Cheddar Shredded Cheese","Kroger","2.49","8 oz","HIGH","inStore:true; curbside:true; delivery:true; shipToHome:false"
"0001111015130","Kroger® Mild Cheddar Shredded Cheese","Kroger","3.69","16 oz","HIGH","inStore:true; curbside:true; delivery:true; shipToHome:false"
"0001111015132","Kroger® Sharp Cheddar Shredded Cheese","Kroger","3.69","16 oz","HIGH","inStore:true; curbside:true; delivery:true; shipToHome:false"
"0001111015133","Kroger® Colby Jack Shredded Cheese","Kroger","3.69","16 oz","HIGH","inStore:true; curbside:true; delivery:true; shipToHome:false"
"0074236560710","Horizon Organic American Cheese Slices","Horizon Organic","6.79","8 oz","LOW","inStore:true; curbside:true; delivery:true; shipToHome:false"
"0001111050190","Kroger® Queso Quesadilla Shredded Cheese","Kroger","2.49","8 oz","HIGH","inStore:true; curbside:true; delivery:true; shipToHome:false"
"0084037090128","Kraft Parmesan Finely Shredded Natural Cheese","Kraft","6.29","6 oz","TEMPORARILY_OUT_OF_STOCK","inStore:false; curbside:false; delivery:false; shipToHome:false"
"0074236500772","Horizon Organic Mozzarella String Cheese","Horizon","7.49","8 ct","HIGH","inStore:true; curbside:true; delivery:true; shipToHome:false"
"0007283001104","Tillamook® Sharp Cheddar Shredded Cheese Farmstyle","Tillamook","4.99","8 oz","HIGH","inStore:true; curbside:true; delivery:true; shipToHome:false"
"0064440413705","Queso Campesino® Quesadilla Wheel Cheese","Queso Campesino","8.49","12 oz","","inStore:false; curbside:false; delivery:false; shipToHome:false"
"0001111050540","Simple Truth Organic® Sharp White Cheddar Block Cheese","Simple Truth Organic","3.49","6 oz","HIGH","inStore:true; curbside:true; delivery:true; shipToHome:false"
"0004610040076","Sargento® Off the Block Fine Cut Cheddar-Jack Natural Cheese Shreds","Sargento","3.5","8 oz","TEMPORARILY_OUT_OF_STOCK","inStore:true; curbside:true; delivery:true; shipToHome:false"
"0001111050184","Kroger® Pizza Blend Shredded Cheese","Kroger","2.49","8 oz","HIGH","inStore:true; curbside:true; delivery:true; shipToHome:false"
"0001111050580","Simple Truth Organic® Colby Jack Block Cheese","Simple Truth Organic","3.49","6 oz","HIGH","inStore:true; curbside:true; delivery:true; shipToHome:false"
"0001111001896","Kroger® Parmesan Shredded Cheese","Kroger","3.79","6 oz","HIGH","inStore:true; curbside:true; delivery:true; shipToHome:false"
"0001111006544","Kroger® Whole Milk Mozzarella Shredded Cheese BIG DEAL!","Kroger","7.29","32 oz","HIGH","inStore:true; curbside:true; delivery:true; shipToHome:false"
"0084037090136","Kraft Sharp Cheddar Finely Shredded Natural Cheese","Kraft","3.79","8 oz","HIGH","inStore:true; curbside:true; delivery:true; shipToHome:false"
"0002172460289","V&V Supremo® Chihuahua® Queso Quesadilla Mexican Shredded Cheese","VV Supremo","6.99","16 oz","LOW","inStore:true; curbside:true; delivery:true; shipToHome:false"
"0084037090137","Kraft Mild Cheddar Finely Shredded Cheese","Kraft","3.79","8 oz","HIGH","inStore:true; curbside:true; delivery:true; shipToHome:false"
"0001111015028","Kroger® Mozzarella Shredded Cheese Family Size","Kroger","7.29","32 oz","HIGH","inStore:true; curbside:true; delivery:true; shipToHome:false"
"0084037090131","Kraft Mozzarella Shredded Cheese","Kraft","3.79","8 oz","LOW","inStore:true; curbside:true; delivery:true; shipToHome:false"
"0084037090134","Kraft Mexican Style Four Cheese Finely Shredded Natural Cheese","Kraft","3.79","8 oz","HIGH","inStore:true; curbside:true; delivery:true; shipToHome:false"
"0001186310975","Sartori Parmesan Classic Shredded Cheese 7 oz","Sartori","6.49","7 oz","TEMPORARILY_OUT_OF_STOCK","inStore:true; curbside:true; delivery:true; shipToHome:false"
"0001111050338","Kroger® Marbled Cheddar Shredded Cheese","Kroger","2.49","8 oz","HIGH","inStore:true; curbside:true; delivery:true; shipToHome:false"
"0001111078922","Simple Truth Organic® Grated Parmesan Cheese","Simple Truth Organic","4.49","5 oz tub","HIGH","inStore:true; curbside:true; delivery:true; shipToHome:false"
"0004610040066","Sargento® Off The Block Fine Cut Sharp Cheddar Natural Cheese Shreds","Sargento","3.5","8 oz","HIGH","inStore:true; curbside:true; delivery:true; shipToHome:false"
"0001111050176","Kroger® Nacho & Taco Blend Shredded Cheese","Kroger","2.49","8 oz","HIGH","inStore:true; curbside:true; delivery:true; shipToHome:false"
"0007283001134","Tillamook® Triple Cheddar Shredded Cheese Farmstyle","Tillamook","4.99","8 oz","HIGH","inStore:true; curbside:true; delivery:true; shipToHome:false"
"0001111050171","Kroger® Reduced Fat Mexican Style Shredded Cheese","Kroger","2.49","8 oz","HIGH","inStore:true; curbside:true; delivery:true; shipToHome:false"
"0001111008391","Private Selection® Aged Cheddar Blend Thick Cut Shredded Cheese","Private Selection","3.49","8 oz","HIGH","inStore:true; curbside:true; delivery:true; shipToHome:false"
"0084037090104","Kraft Mexican Style Four Cheese Finely Shredded Natural Cheese Bag","Kraft","6.79","16 oz","HIGH","inStore:true; curbside:true; delivery:true; shipToHome:false"
"0001111015117","Kroger® Colby Jack Shredded Cheese Family Size","Kroger","7.29","32 oz","HIGH","inStore:true; curbside:true; delivery:true; shipToHome:false"
"0001111015118","Kroger® Cheddar Jack Shredded Cheese Family Size","Kroger","7.29","32 oz","HIGH","inStore:true; curbside:true; delivery:true; shipToHome:false"
"0001111015119","Kroger® Mild Cheddar Shredded Cheese Family Size","Kroger","7.29","32 oz","HIGH","inStore:true; curbside:true; delivery:true; shipToHome:false"
"0001111015122","Kroger® Natural Monterey Jack Shredded Cheese Family Size","Kroger","7.29","32 oz","HIGH","inStore:true; curbside:true; delivery:true; shipToHome:false"
"0004610035788","Sargento® Cholula® Queso Quesadilla and Asadaro Shredded Cheese","Sargento","3.5","7 oz","HIGH","inStore:true; curbside:true; delivery:true; shipToHome:false"
"0001111009438","Kroger® Singles Swiss Sliced Cheese","Kroger","2.79","16 slices / 12 oz","HIGH","inStore:true; curbside:true; delivery:true; shipToHome:false"
"0001111008388","Private Selection® Alpine Blend Swiss & Gruyere Thick Cut Shredded Cheese","Private Selection","3.49","8 oz","HIGH","inStore:true; curbside:true; delivery:true; shipToHome:false"
"0004610000125","8 OZ SLICED MOZZARELLA CHEESE","Sargento","3.5","8 oz","HIGH","inStore:true; curbside:true; delivery:true; shipToHome:false"
"0001111009436","Kroger® Singles Pepper Jack Sliced Cheese","Kroger","2.79","16 slices / 12 oz","HIGH","inStore:true; curbside:true; delivery:true; shipToHome:false"
"0001111012731","Kroger® Mercado Mexican Style Queso Quesadilla Shredded Cheese","Kroger Mercado","3.79","8 oz","LOW","inStore:true; curbside:true; delivery:true; shipToHome:false"
"0004610000165","Sargento® Swiss Sliced Cheese","Sargento","3.5","11 slices / 7 oz","HIGH","inStore:true; curbside:true; delivery:true; shipToHome:false"
"0004274312619","El Mexicano® Quesadilla Shredded Cheese","El Mexicano","5.79","16 oz","","inStore:false; curbside:false; delivery:false; shipToHome:false"
"0004610000122","Sargento® Pepper Jack Sliced Cheese","Sargento","3.5","10 slices / 7.5 oz","HIGH","inStore:true; curbside:true; delivery:true; shipToHome:false"
"0001111011880","Private Selection® Mild Cheddar Blend Thick Cut Shredded Cheese","Private Selection","3.49","8 oz","TEMPORARILY_OUT_OF_STOCK","inStore:true; curbside:true; delivery:true; shipToHome:false"
"0004610000123","Sargento® Provolone Sliced Cheese","Sargento","3.5","12 slices / 8 oz","HIGH","inStore:true; curbside:true; delivery:true; shipToHome:false"
"0002100061146","Velveeta Original Flavored Sliced Cheese","Velveeta","5.49","24 slices","HIGH","inStore:true; curbside:true; delivery:true; shipToHome:false"
"0002733100603","Ole Mexican Quesadilla Shredded Cheese","Ole","4.19","8 oz","LOW","inStore:true; curbside:true; delivery:true; shipToHome:false"
"0001111015134","Kroger® Monterey Jack Shredded Cheese","Kroger","3.69","16 oz","HIGH","inStore:true; curbside:true; delivery:true; shipToHome:false"
"0001111050196","Kroger® Swiss Shredded Cheese","Kroger","2.49","6 oz","TEMPORARILY_OUT_OF_STOCK","inStore:false; curbside:false; delivery:false; shipToHome:false"
"0002100008338","Kraft Singles Sharp Cheddar Cheese Slices","Kraft","4.29","10.7 oz","HIGH","inStore:false; curbside:false; delivery:false; shipToHome:false"
"0002100060269","Kraft Deli Deluxe American Sliced Cheese","Kraft","8.29","24 ct","HIGH","inStore:true; curbside:true; delivery:true; shipToHome:false"
"0001111063853","Private Selection® Grated Romano Cheese","Private Selection","5.49","5 oz","HIGH","inStore:true; curbside:true; delivery:true; shipToHome:false"
"0002172460150","V&V Supremo® Chihuahua® Queso Quesadilla Mexican Shredded Cheese","VV Supremo","11.99","32 oz","TEMPORARILY_OUT_OF_STOCK","inStore:true; curbside:true; delivery:true; shipToHome:false"
"0001111059918","Kroger® Deluxe American Sliced Cheese","Kroger","4.29","24 slices / 16 oz","HIGH","inStore:true; curbside:true; delivery:true; shipToHome:false"
"0007456250002","Cacique® Queso Quesadilla Shredded Cheese","Cacique","3.79","7 oz","HIGH","inStore:true; curbside:true; delivery:true; shipToHome:false"
"0001111050505","Kroger® Swiss Sliced Cheese","Kroger","3.99","16 slices / 12 oz","HIGH","inStore:true; curbside:true; delivery:true; shipToHome:false"
"0001111008928","Simple Truth™ Plant-Based Dairy Free Mozzarella Shredded Cheese","Simple Truth","3.69","8 oz","TEMPORARILY_OUT_OF_STOCK","inStore:true; curbside:true; delivery:true; shipToHome:false"
"0001111058794","Kroger® Havarti Sliced Cheese","Kroger","2.49","8 slices / 6 oz","TEMPORARILY_OUT_OF_STOCK","inStore:true; curbside:true; delivery:true; shipToHome:false"
"0004610000268","Sargento® Colby Pepper Jack Sliced Cheese","Sargento","3.5","11 slices / 7.5 oz","HIGH","inStore:true; curbside:true; delivery:true; shipToHome:false"
"0001111058795","Kroger® Mozzarella Sliced Cheese","Kroger","2.49","8 slices / 6 oz","HIGH","inStore:true; curbside:true; delivery:true; shipToHome:false"
"0004610002046","Sargento® Creamery Cheddar Sliced Cheese","Sargento","3.5","10 slices / 6 oz","HIGH","inStore:true; curbside:true; delivery:true; shipToHome:false"
"0004172914370","Skyline Chili® Hot Habanero Shredded Cheese","Skyline Chili","6.49","8 oz","HIGH","inStore:true; curbside:true; delivery:true; shipToHome:false"
"0001111058711","Kroger® Aged Sharp White Cheddar Sliced Cheese","Kroger","2.49","8 slices / 6 oz","HIGH","inStore:true; curbside:true; delivery:true; shipToHome:false"
"0001111058715","Kroger® Orange Rind Muenster Sliced Cheese","Kroger","2.49","8 slice / 6 oz","HIGH","inStore:true; curbside:true; delivery:true; shipToHome:false"
"0004610000106","Sargento® Gouda Sliced Cheese","Sargento","3.5","10 slices / 7 oz","HIGH","inStore:true; curbside:true; delivery:true; shipToHome:false"
"0004610000107","Sargento® Muenster Sliced Cheese","Sargento","3.5","11 slices / 8 oz","HIGH","inStore:true; curbside:true; delivery:true; shipToHome:false"
"0081794401342","Murray's Gruyere Shredded Cheese","Murray's","14.99","8 oz","TEMPORARILY_OUT_OF_STOCK","inStore:false; curbside:false; delivery:false; shipToHome:false"
"0001111050532","Kroger® Pepper Jack Sliced Cheese","Kroger","3.99","16 slices / 12 oz","HIGH","inStore:true; curbside:true; delivery:true; shipToHome:false"
"0001111050094","Kroger® Extra Sharp Cheddar Sliced Cheese","Kroger","2.49","8 slices / 6 oz","HIGH","inStore:true; curbside:true; delivery:true; shipToHome:false"
"0001111004438","Kroger® Gouda Sliced Cheese","Kroger","2.49","8 slices / 6 oz","HIGH","inStore:true; curbside:true; delivery:true; shipToHome:false"
"0001111012844","Private Selection® Jalapeno Pepper Jack Thick Cut Shredded Cheese","Private Selection","3.49","8 oz","HIGH","inStore:true; curbside:true; delivery:true; shipToHome:false"
"0001111006330","Kroger® Medium Cheddar Shredded Cheese","Kroger","3.69","16 oz","HIGH","inStore:true; curbside:true; delivery:true; shipToHome:false"
"0004610000114","Sargento® Medium Cheddar Sliced Cheese","Sargento","3.5","11 slices / 8 oz","HIGH","inStore:true; curbside:true; delivery:true; shipToHome:false"
"0001111058721","Kroger® Mild Cheddar Sliced Cheese","Kroger","2.49","8 slices / 6 oz","HIGH","inStore:true; curbside:true; delivery:true; shipToHome:false"
"0004172914366","Skyline Chili® Mild Shredded Cheddar Cheese","Skyline Chili","6.49","12 oz","HIGH","inStore:true; curbside:true; delivery:true; shipToHome:false"
"0084037090106","Kraft Mozzarella Shredded Natural Cheese Bag","Kraft","6.79","16 oz","HIGH","inStore:true; curbside:true; delivery:true; shipToHome:false"
"0004610000110","Sargento® Havarti Sliced Cheese","Sargento","3.5","10 slices / 7 oz","HIGH","inStore:true; curbside:true; delivery:true; shipToHome:false"
"0001111063676","Private Selection® Shredded Romano Cheese Cup","Private Selection","5.49","5 oz","TEMPORARILY_OUT_OF_STOCK","inStore:true; curbside:true; delivery:true; shipToHome:false"
"0004610000233","Sargento® Smokehouse Cheddar™ Sliced Cheese","Sargento","3.5","11 slices / 6.7 oz","HIGH","inStore:true; curbside:true; delivery:true; shipToHome:false"
"0001111063672","Private Selection® Shredded 3 Cheese Blend","Private Selection","5.49","5 oz","LOW","inStore:true; curbside:true; delivery:true; shipToHome:false"
"0001111063673","Shredded Asiago Cheese","Private Selection","5.49","5 oz","TEMPORARILY_OUT_OF_STOCK","inStore:false; curbside:false; delivery:false; shipToHome:false"
"0001111011879","Kroger® Medium Cheddar Sliced Cheese","Kroger","3.99","16 slices / 12 oz","HIGH","inStore:true; curbside:true; delivery:true; shipToHome:false"
"0001111012845","Private Selection® Pizzeria Style Blend Thick Cut Mozzarella Shredded Cheese","Private Selection","3.49","8 oz","HIGH","inStore:true; curbside:true; delivery:true; shipToHome:false"
"0007283000552","Tillamook® Aged Sharp Cheddar Block Cheese","Tillamook","4.99","8 oz","HIGH","inStore:true; curbside:true; delivery:true; shipToHome:false"
"0007283000557","Tillamook® Extra Sharp White Cheddar Block Cheese","Tillamook","5.29","8 oz","HIGH","inStore:true; curbside:true; delivery:true; shipToHome:false"
"0001111009515","Private Selection® Sliced Baby Swiss Cheese","Private Selection","5.99","10 slices / 8 oz","HIGH","inStore:true; curbside:true; delivery:true; shipToHome:false"
"0007283000551","Tillamook® Aged Medium Cheddar Block Cheese","Tillamook","4.99","8 oz","HIGH","inStore:true; curbside:true; delivery:true; shipToHome:false"
"0001111009517","Private Selection® Sliced Swiss Cheese","Private Selection","5.99","8 oz","HIGH","inStore:true; curbside:true; delivery:true; shipToHome:false"
"0001111058333","Kroger® Swiss Block Cheese","Kroger","3.69","12 oz","TEMPORARILY_OUT_OF_STOCK","inStore:false; curbside:false; delivery:false; shipToHome:false"
"0001111010311","Private Selection® Cheddar Gruyere Block Cheese","Private Selection","4.29","6 oz","HIGH","inStore:true; curbside:true; delivery:true; shipToHome:false"
"0001111058730","Kroger® Mild Cheddar Block Cheese","Kroger","3.69","16 oz","HIGH","inStore:true; curbside:true; delivery:true; shipToHome:false"
"0001111011882","Kroger® Monterey Jack Block Cheese","Kroger","3.69","16 oz","HIGH","inStore:true; curbside:true; delivery:true; shipToHome:false"
"0001111058735","Kroger® Pepper Jack Block Cheese","Kroger","3.69","16 oz","HIGH","inStore:true; curbside:true; delivery:true; shipToHome:false"
"0001111058734","Kroger® Orange Rind Muenster Block Cheese","Kroger","3.69","16 oz","HIGH","inStore:true; curbside:true; delivery:true; shipToHome:false"
"0001111058739","Kroger® Extra Sharp Cheddar Block Cheese","Kroger","3.69","16 oz","HIGH","inStore:true; curbside:true; delivery:true; shipToHome:false"
"0001111063122","Private Selection® American Sliced Cheese","Private Selection","5.99","8 oz","HIGH","inStore:true; curbside:true; delivery:true; shipToHome:false"
"0001111063681","Private Selection® 18-Month Aged Parmesan Wedge Cheese","Private Selection","5.99","8 oz","HIGH","inStore:true; curbside:true; delivery:true; shipToHome:false"
"0004610035581","Sargento® Mango Habanero Jack Sliced Cheese","Sargento","3.5","6.67 oz","HIGH","inStore:true; curbside:true; delivery:true; shipToHome:false"
"0002100060491","Kraft Singles American Sliced Cheese","Kraft","14.49","72 ct","HIGH","inStore:false; curbside:false; delivery:false; shipToHome:false"
"0004610035775","Sargento® Natural American Sliced Cheese","Sargento","8.49","24 slices / 16 oz","HIGH","inStore:true; curbside:true; delivery:true; shipToHome:false"
"0007403000065","Galbani Whole Milk Mozzarella Block Cheese","Galbani","6.49","16 oz","HIGH","inStore:false; curbside:false; delivery:false; shipToHome:false"
"0001111077730","Private Selection® Sliced Colby Jack and Gouda Cheese Combo Pack","Private Selection","9.49","16 oz","TEMPORARILY_OUT_OF_STOCK","inStore:false; curbside:false; delivery:false; shipToHome:false"
"0001111009700","Private Selection® Gourmet Cracker Cuts Sliced Cheese Variety Pack","Private Selection","10.99","16 oz","TEMPORARILY_OUT_OF_STOCK","inStore:true; curbside:true; delivery:true; shipToHome:false"
"0001111058747","Kroger® Swiss Block Cheese","Kroger","2.49","6 oz","HIGH","inStore:true; curbside:true; delivery:true; shipToHome:false"
"0002100062566","Kraft Deli Deluxe 2% Milk American Sliced Cheese","Kraft","8.29","24 ct","HIGH","inStore:true; curbside:true; delivery:true; shipToHome:false"
"0001111058629","Kroger® Colby Cheese Block","Kroger","2.49","8 oz","HIGH","inStore:true; curbside:true; delivery:true; shipToHome:false"
"0002733100616","Ole Mexican Queso Fresco Cheese","Ole","3.49","10 oz","HIGH","inStore:true; curbside:true; delivery:true; shipToHome:false"
"0007456200100","Cacique® Ranchero® Part Skim Milk Queso Fresco Cheese","Cacique","2.99","10 oz","HIGH","inStore:true; curbside:true; delivery:true; shipToHome:false"
"0004610035889","Sargento® Smoky Hot Colby-Jack Sliced Cheese","Sargento","3.5","10 slices / 6.67 oz","HIGH","inStore:true; curbside:true; delivery:true; shipToHome:false"
"0001111001731","Kroger® Original Nice'N Cheesy® Pasteurized Prepared Cheese Product","Kroger","5.49","32 oz","HIGH","inStore:true; curbside:true; delivery:true; shipToHome:false"
"0001111012194","Private Selection® Colby Jack Sliced Cheese","Private Selection","3.99","7 oz","LOW","inStore:false; curbside:false; delivery:false; shipToHome:false"
"0004610000224","Sargento® Ultra Thin® Mild Cheddar Sliced Cheese","Sargento","3.5","20 slices / 7.6 oz","HIGH","inStore:true; curbside:true; delivery:true; shipToHome:false"
"0001111058713","Kroger® Colby Sliced Cheese","Kroger","2.49","8 slices / 6 oz","HIGH","inStore:true; curbside:true; delivery:true; shipToHome:false"
"0002100003355","Velveeta Queso Blanco Cheese","Velveeta","7.99","32 oz","HIGH","inStore:true; curbside:true; delivery:true; shipToHome:false"
"0001111088646","Kroger® Singles Fat Free American Sliced Cheese","Kroger","2.79","16 slices / 12 oz","TEMPORARILY_OUT_OF_STOCK","inStore:true; curbside:true; delivery:true; shipToHome:false"
"0002100061689","Velveeta Original Cheese","Velveeta","5.99","16 oz","HIGH","inStore:true; curbside:true; delivery:true; shipToHome:false"
"0004610000222","Sargento® Ultra Thin® Sliced Swiss Cheese","Sargento","3.5","18 slices / 6.8 oz","LOW","inStore:true; curbside:true; delivery:true; shipToHome:false"
"0001111009450","Kroger® Singles American Sliced Cheese BIG DEAL!","Kroger","9.49","72 slices / 48 oz","LOW","inStore:true; curbside:true; delivery:true; shipToHome:false"
"0001111009451","Kroger® Colby Block Cheese","Kroger","3.69","16 oz","HIGH","inStore:true; curbside:true; delivery:true; shipToHome:false"
"0001111014897","Kroger® Extra Sharp Cheddar Cheese BIG DEAL!","Kroger","7.29","32 oz","TEMPORARILY_OUT_OF_STOCK","inStore:true; curbside:true; delivery:true; shipToHome:false"
"0002100060471","Kraft Singles American Sliced Cheese","Kraft","7.49","32 ct","HIGH","inStore:true; curbside:true; delivery:true; shipToHome:false"
"0001111050534","Kroger® Smoke Flavored Provolone Sliced Cheese","Kroger","3.99","16 slices / 12 oz","HIGH","inStore:true; curbside:true; delivery:true; shipToHome:false"
"0004610000272","Sargento® Extra Sharp Cheddar Sliced Cheese","Sargento","3.5","10 slices / 7 oz","HIGH","inStore:true; curbside:true; delivery:true; shipToHome:false"
"0001111010260","Private Selection® Vermont Extra Sharp White Cheddar Block Cheese","Private Selection","4.29","6 oz","HIGH","inStore:false; curbside:false; delivery:false; shipToHome:false"
"0007283000560","Tillamook Sharp White Cheddar Cheese Block","Tillamook","4.99","8 oz","HIGH","inStore:true; curbside:true; delivery:true; shipToHome:false"
"0001111009606","Private Selection® Parmesan Cheese Wedge","Private Selection","5.99","8 oz","HIGH","inStore:true; curbside:true; delivery:true; shipToHome:false"
"0001111058600","Kroger® Mozzarella Block Cheese BIG DEAL!","Kroger","7.29","32 oz","HIGH","inStore:true; curbside:true; delivery:true; shipToHome:false"
"0001111062703","Private Selection® Vermont Sharp White Cheddar Sliced Cheese","Private Selection","5.99","8 oz","HIGH","inStore:true; curbside:true; delivery:true; shipToHome:false"
"0001111012764","Private Selection® Jalapeno Pepper Jack Cheese Slices","Private Selection","3.99","7 oz","HIGH","inStore:false; curbside:false; delivery:false; shipToHome:false"
"0001111058603","Kroger® Mild Cheddar Block Cheese BIG DEAL!","Kroger","7.29","32 oz","HIGH","inStore:true; curbside:true; delivery:true; shipToHome:false"
"0001111058729","Kroger® Mozzarella Block Cheese","Kroger","3.69","16 oz","HIGH","inStore:true; curbside:true; delivery:true; shipToHome:false"
"0001111014426","Private Selection® Baby Swiss Cheese Slices","Kroger","3.99","7 oz","LOW","inStore:false; curbside:false; delivery:false; shipToHome:false"
"0002100061690","Velveeta Original Cheese","Velveeta","4.99","8 oz","HIGH","inStore:true; curbside:true; delivery:true; shipToHome:false"
"0001111000901","Private Selection® Gouda Cracker Cuts Sliced Cheese","Private Selection","6.49","30 slices / 10 oz","HIGH","inStore:true; curbside:true; delivery:true; shipToHome:false"
"0004175702541","The Laughing Cow® Creamy Original Spreadable Cheese Wedges","The Laughing Cow","4.79","5.4 oz","HIGH","inStore:true; curbside:true; delivery:true; shipToHome:false"
"0001111015363","Kroger® Pepper Jack Cracker Cuts Sliced Cheese","Kroger","3.39","24 ct","HIGH","inStore:true; curbside:true; delivery:true; shipToHome:false"
"0001111015364","Kroger® Colby Jack Cracker Cuts Sliced Cheese","Kroger","3.39","24 ct","HIGH","inStore:true; curbside:true; delivery:true; shipToHome:false"
"0004175702628","Babybel® Original Snack Cheese","Mini Babybel","11.99","18 pk / 12.7 oz","TEMPORARILY_OUT_OF_STOCK","inStore:true; curbside:true; delivery:true; shipToHome:false"
"0007283000550","Tillamook Colby Jack Cheese 8 oz","Tillamook","4.99","8 oz","HIGH","inStore:true; curbside:true; delivery:true; shipToHome:false"
"0081794401169","Murray's® Cave Aged Gruyere Block Cheese","Murray's","13.99","7 oz","TEMPORARILY_OUT_OF_STOCK","inStore:false; curbside:false; delivery:false; shipToHome:false"
"0001111012734","Kroger® Mercado Mexican Style Quesadilla Cheese","Kroger Mercado","3.29","10 oz","LOW","inStore:true; curbside:true; delivery:true; shipToHome:false"
"0001111064017","Private Selection® Mild Yellow Cheddar Block Cheese","Private Selection","5.99","7 oz","HIGH","inStore:true; curbside:true; delivery:true; shipToHome:false"
"0001111064016","Private Selection® Sharp White Cheddar Block Cheese","Private Selection","5.99","7 oz","HIGH","inStore:true; curbside:true; delivery:true; shipToHome:false"
"0001111012736","Kroger® Mercado Whole Milk Queso Panela Cheese","Kroger Mercado","2.89","10 oz","HIGH","inStore:true; curbside:true; delivery:true; shipToHome:false"
"0004610035341","Sargento® Balanced Breaks® Monterey Jack & Mild Cheddar Cheese + Wheat Thins® Crackers Snack Kits","Sargento","4.29","3 pk / 1.5 oz","HIGH","inStore:true; curbside:true; delivery:true; shipToHome:false"
"0001111063680","Private Selection® Asiago Wedge Cheese","Private Selection","5.99","8 oz","TEMPORARILY_OUT_OF_STOCK","inStore:true; curbside:true; delivery:true; shipToHome:false"
"0004175702575","Babybel® Original Snack Cheese","Mini Babybel","8.79","12 ct","LOW","inStore:true; curbside:true; delivery:true; shipToHome:false"
"0004175702571","Mini Babybel® Original Snack Cheese","Mini Babybel","4.49","6 pk / 4.2 oz","LOW","inStore:false; curbside:false; delivery:false; shipToHome:false"
"0004610035339","Sargento® Balanced Breaks® Gouda & Sharp Cheddar Cheese + Mini Triscuit® Crackers Snack Kits","Sargento","4.29","3 pk / 1.5 oz","HIGH","inStore:true; curbside:true; delivery:true; shipToHome:false"
"0007701714075","Amish Country Limburger Cheese","Amish Country","7.79","7 oz","","inStore:false; curbside:false; delivery:false; shipToHome:false"
"0004175702539","The Laughing Cow® Creamy Light Spreadable Cheese Wedges, 5.4 oz","The Laughing Cow","4.79","5.4 oz","HIGH","inStore:true; curbside:true; delivery:true; shipToHome:false"
"0004175702535","The Laughing Cow® Creamy Garlic & Herb Spreadable Cheese Wedges 5.4 oz Box (8 Count)","The Laughing Cow","4.79","5.4 oz","HIGH","inStore:true; curbside:true; delivery:true; shipToHome:false"
"0002100005944","Velveeta Fresh Packs Original Cheese","Velveeta","7.49","5 ct","HIGH","inStore:true; curbside:true; delivery:true; shipToHome:false"
"0082058105327","Reypenaer Gouda Cheese","Reypenaer","6.99","5 oz","","inStore:false; curbside:false; delivery:false; shipToHome:false"
"0001111080970","Kroger® Sharp Cheddar Swiss Colby Jack Pepper Jack Cracker Cuts Party Tray Sliced Cheese","Kroger","6.29","16 oz","HIGH","inStore:true; curbside:true; delivery:true; shipToHome:false"
"0001111063573","Simple Truth® Uncured Pepperoni and Cheese Lunchkit","Simple Truth","2.5","2.8 oz","LOW","inStore:true; curbside:true; delivery:true; shipToHome:false"
"0084037090244","Kraft Extra Sharp Cheddar Vacuum Packed Natural Cheese Block","Kraft","3.49","8 oz","HIGH","inStore:true; curbside:true; delivery:true; shipToHome:false"
"0001111064150","Private Selection® Colby Jack Cubed Cheese","Private Selection","5.99","8 oz","TEMPORARILY_OUT_OF_STOCK","inStore:true; curbside:true; delivery:true; shipToHome:false"
"0004610035883","Sargento® Balanced Breaks® Cheese + Crunch Mix, Colby-Jack Cheese, BBQ Snack Mix","Sargento","4.29","3.5 oz","HIGH","inStore:true; curbside:true; delivery:true; shipToHome:false"
"0004175702606","Babybel® Reduced Fat Snack Cheese, 8.5 oz (12 Count)","Mini Babybel","8.79","12 ct / 0.71 oz","HIGH","inStore:true; curbside:true; delivery:true; shipToHome:false"
"0001111090643","Private Selection® Extra Sharp White Cheddar Cracker Cuts Sliced Cheese","Private Selection","6.49","30 slices / 10 oz","HIGH","inStore:true; curbside:true; delivery:true; shipToHome:false"
"0007283000095","Tillamook® Sharp White Cheddar Snack Cheese","Tillamook","5.79","10 ct / 0.75 oz","HIGH","inStore:true; curbside:true; delivery:true; shipToHome:false"
"0007283000174","Tillamook® Medium Cheddar Snack Cheese","Tillamook","5.79","10 ct / 0.75 oz","LOW","inStore:true; curbside:true; delivery:true; shipToHome:false"
"0004610000940","Sargento® Balanced Breaks® Natural White Cheddar Cheese with Almonds & Cranberries","Sargento","4.29","3 ct / 1.5 oz each","TEMPORARILY_OUT_OF_STOCK","inStore:true; curbside:true; delivery:true; shipToHome:false"
"0001111010131","Kroger® Mild Cheddar Cheese & Beef Sausage Snack Kit","Kroger","3.79","3 ct / 1.5 oz","HIGH","inStore:true; curbside:true; delivery:true; shipToHome:false"
"0001111010132","Kroger® Colby Jack Cheese & Turkey Sausage Snack Kit","Kroger","3.79","3 ct / 1.5 oz","HIGH","inStore:true; curbside:true; delivery:true; shipToHome:false"
"0002100061166","Velveeta Reduced Fat 2% Milk Cheese","Velveeta","7.99","32 oz","HIGH","inStore:true; curbside:true; delivery:true; shipToHome:false"
"0002733100609","Ole Mexican Oaxaca Cheese","Ole","6.49","12 oz","LOW","inStore:true; curbside:true; delivery:true; shipToHome:false"
"0004610000942","Sargento® Balanced Breaks® Sharp White Cheddar Cheese Cashews & Raisins Snack Kit","Sargento","4.29","3 ct / 1.5 oz each","TEMPORARILY_OUT_OF_STOCK","inStore:true; curbside:true; delivery:true; shipToHome:false"
"0001111064154","Private Selection® Sharp Cheddar Cubed Cheese","Private Selection","5.99","8 oz","HIGH","inStore:true; curbside:true; delivery:true; shipToHome:false"
"0004610000943","Sargento® Balanced Breaks® Pepper Jack Cheese Peanuts & Raisins Snack Kits","Sargento","4.29","3 ct / 1.5 oz","HIGH","inStore:true; curbside:true; delivery:true; shipToHome:false"
"0001111050335","Kroger® Mild Cheddar Cubed Cheese","Kroger","3.49","8 oz","LOW","inStore:true; curbside:true; delivery:true; shipToHome:false"
"0004610035632","Sargento® Fun! Balanced Breaks® Colby-Jack Cheese Mixed Fruit Teddy Grahams® Honey Snack Kits","Sargento","4.29","2 ct / 2 oz each","LOW","inStore:false; curbside:false; delivery:false; shipToHome:false"
"0001111050333","Kroger® Colby Jack Cubed Cheese","Kroger","3.49","8 oz","LOW","inStore:true; curbside:true; delivery:true; shipToHome:false"
"0064440413716","Queso Campesino® Cotija Whole Milk Cheese","Queso Campesino","8.49","12 oz","","inStore:false; curbside:false; delivery:false; shipToHome:false"
"0001111015310","Kroger® Sharp Cheddar Cracker Cuts Sliced Cheese","Kroger","3.39","24 ct","HIGH","inStore:true; curbside:true; delivery:true; shipToHome:false"
"0001111078687","Private Selection® Vermont Extra Sharp White Cheddar Block Cheese","Private Selection","13.99","32 oz","HIGH","inStore:true; curbside:true; delivery:true; shipToHome:false"
"0001111063679","Private Selection® Romano Wedge Cheese","Private Selection","5.99","8 oz","TEMPORARILY_OUT_OF_STOCK","inStore:false; curbside:false; delivery:false; shipToHome:false"
"0001111058728","Kroger® Colby Jack Snack Cheese","Kroger","3.49","10 ct / 0.75 oz","HIGH","inStore:true; curbside:true; delivery:true; shipToHome:false"
"0002100062024","Velveeta Jalapeno Mexican Cheese","Velveeta","7.99","32 oz","HIGH","inStore:true; curbside:true; delivery:true; shipToHome:false"
"0001111088358","Private Selection® Vermont Extra Sharp White Cheddar Cheese Sticks","Private Selection","5.49","8 ct / 8 oz","HIGH","inStore:false; curbside:false; delivery:false; shipToHome:false"
"0081756602009","Clawson Cotsworld™ Double Gloucester Cheese With Onion& Chives","Clawson","7.99","5.3 oz","","inStore:false; curbside:false; delivery:false; shipToHome:false"
"0001111058727","Kroger® Mild Cheddar Snack Cheese","Kroger","3.49","10 ct / 0.75 oz","HIGH","inStore:true; curbside:true; delivery:true; shipToHome:false"
"0001111048888","Kroger® Whole Milk Ricotta Cheese","Kroger","2.99","15 oz","HIGH","inStore:true; curbside:true; delivery:true; shipToHome:false"
"0001111044760","Kroger® 4% Milkfat Small Curd Cottage Cheese","Kroger","2.49","16 oz","HIGH","inStore:true; curbside:true; delivery:true; shipToHome:false"
"0004138315548","Lactaid® Lactose Free 4% Milkfat Cottage Cheese","Lactaid","3.79","16 oz","HIGH","inStore:true; curbside:true; delivery:true; shipToHome:false"
"0001111044400","Kroger® 4% Milkfat Small Curd Cottage Cheese","Kroger","3.19","24 oz","HIGH","inStore:true; curbside:true; delivery:true; shipToHome:false"
"0007342052440","Daisy Pure and Natural 4% Cottage Cheese","Daisy","4.49","24 oz","TEMPORARILY_OUT_OF_STOCK","inStore:true; curbside:true; delivery:true; shipToHome:false"
"0001111044445","Kroger® Fat Free Small Curd Cottage Cheese Cup","Kroger","2.49","16 oz","HIGH","inStore:true; curbside:true; delivery:true; shipToHome:false"
"0007403066165","Galbani Mozzarella String Cheese 12 oz","Galbani","4.69","12 oz","HIGH","inStore:true; curbside:true; delivery:true; shipToHome:false"
"0004171623221","Frigo® Cheese Heads® Original Mozzarella String Cheese","Frigo","9.99","24 ct / 1 oz","HIGH","inStore:true; curbside:true; delivery:true; shipToHome:false"
"0001111012939","Kroger® Mozzarella String Cheese BIG DEAL!","Kroger","11.49","48 ct / 1 oz","HIGH","inStore:true; curbside:true; delivery:true; shipToHome:false"
"0001111015325","Kroger® Strawberry Cream Cheese Spread","Kroger","2.19","8 oz","HIGH","inStore:true; curbside:true; delivery:true; shipToHome:false"
"0001111015326","Kroger® Chive and Onion Cream Cheese Spread","Kroger","2.19","8 oz","HIGH","inStore:true; curbside:true; delivery:true; shipToHome:false"
"0007342053064","Daisy Pure and Natural 4% Cottage Cheese","Daisy","2.29","2 ct / 5.3 oz","LOW","inStore:true; curbside:true; delivery:true; shipToHome:false"
"0001111045045","Kroger® 2% Low Fat Small Curd Cottage Cheese","Kroger","3.19","24 oz","HIGH","inStore:true; curbside:true; delivery:true; shipToHome:false"
"0007403010300","GALBANI WHOLE MILK RICOTTA CHEESE","Galbani","4.49","15 oz","HIGH","inStore:true; curbside:true; delivery:true; shipToHome:false"
"0004750002170","Bridgford® Pepporoni and Cheese Sticks","Bridgford","9.99","9 ct","","inStore:false; curbside:false; delivery:false; shipToHome:false"
"0001111005545","Simple Truth® Protein Reduced Fat Monterey Jack Cheese with Jalapeño Peppers Snack Bars","Simple Truth","5.99","10 ct / 0.75 oz","HIGH","inStore:true; curbside:true; delivery:true; shipToHome:false"
"0085006364700","Upper Cut® Cubed Pepper Jack Cheese","Upper Cut","4.99","6 oz","TEMPORARILY_OUT_OF_STOCK","inStore:false; curbside:false; delivery:false; shipToHome:false"
"0004171623215","Frigo® Cheese Heads® Original Mozzarella String Cheese","Frigo","5.79","12 ct / 1 oz","HIGH","inStore:true; curbside:true; delivery:true; shipToHome:false"
"0004171623216","Frigo® Cheese Heads® Original Mozzarella String Cheese","Frigo","7.99","16 ct / 1 oz","TEMPORARILY_OUT_OF_STOCK","inStore:false; curbside:false; delivery:false; shipToHome:false"
"0001111082677","Kroger® Reduced Fat Mozzarella String Cheese","Kroger","3.59","12 ct / 10 oz","HIGH","inStore:true; curbside:true; delivery:true; shipToHome:false"
"0007342051640","Daisy Pure and Natural 4% Cottage Cheese","Daisy","4.29","16 oz","HIGH","inStore:true; curbside:true; delivery:true; shipToHome:false"
"0085997700514","Good Culture Simply Cottage Cheese, Low-Fat 2% Classic, 5.3 oz","Good Culture","2.19","5.3 oz","HIGH","inStore:true; curbside:true; delivery:true; shipToHome:false"
"0001111045043","Kroger® 2% Low Fat Small Curd Cottage Cheese","Kroger","2.49","16 oz","HIGH","inStore:true; curbside:true; delivery:true; shipToHome:false"
"0085997700512","Good Culture® Simply 4% Cottage Cheese","Good Culture","3.99","16 oz","LOW","inStore:true; curbside:true; delivery:true; shipToHome:false"
"0001111048987","Kroger® Whole Milk Ricotta Cheese","Kroger","5.49","30 oz","HIGH","inStore:true; curbside:true; delivery:true; shipToHome:false"
"0001111064151","Private Selection® Pepper Jack Cubed Cheese","Private Selection","5.99","8 oz","TEMPORARILY_OUT_OF_STOCK","inStore:true; curbside:true; delivery:true; shipToHome:false"
"0001111015582","Simple Truth® Protein 2% Milkfat Small Curd Cottage Cheese","Simple Truth","3.99","16 oz","HIGH","inStore:true; curbside:true; delivery:true; shipToHome:false"
"0007342052420","Daisy Pure and Natural 2% Low Fat Cottage Cheese","Daisy","4.49","24 oz","HIGH","inStore:true; curbside:true; delivery:true; shipToHome:false"
"0001111044700","Kroger® 4% Milkfat Large Curd Cottage Cheese","Kroger","2.49","16 oz","HIGH","inStore:true; curbside:true; delivery:true; shipToHome:false"
"0001111044500","Kroger® 4% Milkfat Large Curd Cottage Cheese","Kroger","3.19","24 oz","HIGH","inStore:true; curbside:true; delivery:true; shipToHome:false"
"0001111058151","Kroger® Mozzarella String Cheese","Kroger","6.49","24 ct / 1 oz","HIGH","inStore:true; curbside:true; delivery:true; shipToHome:false"
"0001111058033","Kroger® Parmesan Grated Cheese","Kroger","3.29","8 oz","HIGH","inStore:true; curbside:true; delivery:true; shipToHome:false"
"0085006364703","Upper Cut Cubed Mild Gouda Cheese","Upper Cut","4.99","6 oz","TEMPORARILY_OUT_OF_STOCK","inStore:false; curbside:false; delivery:false; shipToHome:false"
"0085006364701","Upper Cut Cubed Sharp White Cheddar Cheese","Upper Cut","4.99","6 oz","TEMPORARILY_OUT_OF_STOCK","inStore:false; curbside:false; delivery:false; shipToHome:false"
"0085006364705","Upper Cut Cubed Havarti Cheese","Upper Cut","4.99","6 oz","TEMPORARILY_OUT_OF_STOCK","inStore:false; curbside:false; delivery:false; shipToHome:false"
"0001111088725","Private Selection® Crumbled Feta Cheese","Private Selection","4.29","4 oz","HIGH","inStore:true; curbside:true; delivery:true; shipToHome:false"
"0085997700527","Good Culture Simply Cottage Cheese, 2% Milkfat, 16 oz","Good Culture","3.99","16 oz","HIGH","inStore:true; curbside:true; delivery:true; shipToHome:false"
"0001111064152","Private Selection® Gouda Cubed Cheese","Private Selection","5.99","8 oz","HIGH","inStore:true; curbside:true; delivery:true; shipToHome:false"
"0001111064153","Private Selection® Monterey Jack and Colby Cubed Cheese","Private Selection","5.99","8 oz","HIGH","inStore:true; curbside:true; delivery:true; shipToHome:false"
"0001111044217","Kroger® 4% Milkfat Small Curd Cottage Cheese BIG DEAL!","Kroger","5.79","48 oz","HIGH","inStore:true; curbside:true; delivery:true; shipToHome:false"
"0085006364714","Upper Cut Cubed Mild Cheddar Cheese","Upper Cut","4.99","6 oz","TEMPORARILY_OUT_OF_STOCK","inStore:false; curbside:false; delivery:false; shipToHome:false"
"0001111088639","Kroger® Colby & Monterey Jack Cheese Sticks","Kroger","3.59","12 ct / .75 oz each","HIGH","inStore:true; curbside:true; delivery:true; shipToHome:false"
"0085006364713","Upper Cut Cubed Smoked Gouda Cheese","Upper Cut","4.99","6 oz","TEMPORARILY_OUT_OF_STOCK","inStore:false; curbside:false; delivery:false; shipToHome:false"
"0001111009485","Kroger® Go Cheese! American Spray Cheese","Kroger","2.99","8 oz","HIGH","inStore:true; curbside:true; delivery:true; shipToHome:false"
"0007342051620","Daisy Pure and Natural 2% Low Fat Cottage Cheese","Daisy","4.29","16 oz","HIGH","inStore:true; curbside:true; delivery:true; shipToHome:false"
"0004610000715","Sargento® Mozzarella String Cheese® Sticks","Sargento","5.49","12 ct / 1 oz each","HIGH","inStore:true; curbside:true; delivery:true; shipToHome:false"
"0001111063674","Private Selection® Grated Parmesan Cheese Cup","Private Selection","5.49","5 oz","HIGH","inStore:true; curbside:true; delivery:true; shipToHome:false"
"0004610000717","Sargento® Light Mozzarella String Cheese Sticks","Sargento","5.49","12 ct / 0.75 oz each","HIGH","inStore:true; curbside:true; delivery:true; shipToHome:false"
"0001111044450","Kroger® Fat Free Small Curd Cottage Cheese","Kroger","3.19","24 oz","HIGH","inStore:true; curbside:true; delivery:true; shipToHome:false"
"0004610000714","Sargento® Colby-Jack Cheese Sticks","Sargento","5.49","12 ct / 0.75 oz each","HIGH","inStore:true; curbside:true; delivery:true; shipToHome:false"
"0003360400510","Sauder's Eggs Grade A Large Brown Pasture Raised Eggs","Sauder's Eggs","4.99","12 ct / 2 oz","TEMPORARILY_OUT_OF_STOCK","inStore:false; curbside:false; delivery:false; shipToHome:false"
"0088742200009","Happy Egg Co.® Organic Free Range Large Brown Eggs","Happy Egg Co.","9.99","18 ct","HIGH","inStore:true; curbside:true; delivery:true; shipToHome:false"
"0074602560242","Easy Eggs® Peeled Hard Cooked Eggs","Easy Eggs","","3.1 oz","","inStore:false; curbside:false; delivery:false; shipToHome:false"
"0001111060933","Kroger® Grade A Large White Eggs","Kroger","2.38","18 ct","HIGH","inStore:true; curbside:true; delivery:true; shipToHome:false"
"0001111011368","Simple Truth® Protein Red Pepper and Italian Cheese Egg White Bites","Simple Truth","8.29","4ct / 8.4oz","HIGH","inStore:false; curbside:false; delivery:false; shipToHome:false"
"0088742200006","Happy Egg Co.® Free Range Large Brown Eggs","Happy Egg Co.","8.49","18 ct","HIGH","inStore:false; curbside:false; delivery:false; shipToHome:false"
"0002100007330","Just Crack An Egg Meat Lovers Low Carb Protein Packed Scramble Breakfast Bowl Kit","Ore-Ida","2.89","2.25 oz","HIGH","inStore:true; curbside:true; delivery:true; shipToHome:false"
"0085138700741","Vital Farms® Pasture-Raised Organic Large Eggs","Vital Farms","12.49","18 ct","TEMPORARILY_OUT_OF_STOCK","inStore:false; curbside:false; delivery:false; shipToHome:false"
"0088742200008","Happy Egg Co.® Organic Free Range Large Brown Eggs","Happy Egg Co.","6.99","12 ct","HIGH","inStore:false; curbside:false; delivery:false; shipToHome:false"
"0001111089310","Simple Truth™ Natural Cage Free Grade A Large Brown Eggs","Simple Truth","5.49","18 ct / 36 oz","HIGH","inStore:true; curbside:true; delivery:true; shipToHome:false"
"0081565200418","Nellie's Free Range Eggs Large","Nellie's","5.79","12 ct","TEMPORARILY_OUT_OF_STOCK","inStore:false; curbside:false; delivery:false; shipToHome:false"
"0085138700749","Vital Farms® Pasture-Raised XL Eggs","Vital Farms","7.99","12 ct","HIGH","inStore:true; curbside:true; delivery:true; shipToHome:false"
"0088742200000","Happy Egg Co.® Free Range Large Brown Eggs","Happy Egg Co.","5.99","12 ct","HIGH","inStore:true; curbside:true; delivery:true; shipToHome:false"
"0001111015097","Simple Truth® Cage Free Grade A Large Brown Eggs","Simple Truth","6.79","24 ct","HIGH","inStore:true; curbside:true; delivery:true; shipToHome:false"
"0071514172928","Eggland's Best XL Eggs","Eggland's Best","4.99","12 ct","HIGH","inStore:true; curbside:true; delivery:true; shipToHome:false"
"0071514111657","Eggland's Best Classic Large White Eggs","Eggland's Best","8.99","24 ct","HIGH","inStore:true; curbside:true; delivery:true; shipToHome:false"
"0001111006479","Simple Truth Organic™ Cage Free Grade A Large Brown Eggs","Simple Truth Organic","7.29","18 ct","HIGH","inStore:true; curbside:true; delivery:true; shipToHome:false"
"0007590097122","Bob Evans 100% Liquid Egg Whites","Bob Evans","7.49","32 oz","TEMPORARILY_OUT_OF_STOCK","inStore:true; curbside:true; delivery:true; shipToHome:false"
"0002100006752","Just Crack An Egg Ultimate Sausage Scramble Breakfast Bowl Kit","Just Crack An Egg","2.89","3 oz","LOW","inStore:true; curbside:true; delivery:true; shipToHome:false"
"0002100006751","Just Crack An Egg Classic Breakfast Scramble Breakfast Bowl Kit","Just Crack An Egg","2.89","3 oz","HIGH","inStore:true; curbside:true; delivery:true; shipToHome:false"
"0081002354000","Egglife Original Egg White Wraps 6 Each","Egglife","5.99","6 count","HIGH","inStore:true; curbside:true; delivery:true; shipToHome:false"
"0001111064748","Deli Kitchen Peeled Hard-Cooked Eggs 2ct","Kroger","1.79","3.1 oz","","inStore:true; curbside:true; delivery:true; shipToHome:false"
"0001111060980","Kroger® Medium Grade A White Eggs","Kroger","3.69","30 ct","HIGH","inStore:true; curbside:true; delivery:true; shipToHome:false"
"0072677100001","Warner's Jumbo Eggs","Warner's Eggs","3.99","12 ct","TEMPORARILY_OUT_OF_STOCK","inStore:false; curbside:false; delivery:false; shipToHome:false"
"0001111060905","Kroger® Grade A Jumbo White Eggs","Kroger","1.99","12 ct","HIGH","inStore:true; curbside:true; delivery:true; shipToHome:false"
"0003360400415","Amish Country Cage-Free Large Brown Organic Eggs","Sauders","5.79","12 ct","TEMPORARILY_OUT_OF_STOCK","inStore:false; curbside:false; delivery:false; shipToHome:false"
"0074602520246","Easy Eggs® Peeled Hard Cooked Eggs","Easy Eggs","","9.3 oz","","inStore:false; curbside:false; delivery:false; shipToHome:false"
"0001111060906","Kroger® Grade A Large White Eggs","Kroger","0.99","6 ct","HIGH","inStore:true; curbside:true; delivery:true; shipToHome:false"
"0001111060903","Kroger® Grade A Large White Eggs","Kroger","1.59","12 ct","HIGH","inStore:true; curbside:true; delivery:true; shipToHome:false"
"0002100006747","Just Crack An Egg Smoked Ham Low Carb Denver Scramble Kit Breakfast Bowl","Just Crack An Egg","2.89","3 oz","HIGH","inStore:true; curbside:true; delivery:true; shipToHome:false"
"0001111060904","Kroger® Grade A Extra Large White Eggs","Kroger","1.79","12 ct","HIGH","inStore:true; curbside:true; delivery:true; shipToHome:false"
"0071514150349","Eggland's Best large Egg","Eggland's Best","4.99","1 dozen","HIGH","inStore:true; curbside:true; delivery:true; shipToHome:false"
"0001111004163","Simple Truth Organic™ Cage Free 100% Liquid Egg Whites","Simple Truth Organic","3.99","16 oz","HIGH","inStore:true; curbside:true; delivery:true; shipToHome:false"
"0019101100127","Just Egg, plant-based egg, 16 oz.","JUST Egg","7.99","16 oz","LOW","inStore:false; curbside:false; delivery:false; shipToHome:false"
"0071514171682","Eggland's Best 100% USDA Organic Certified Large Brown Eggs","Eggland's Best","5.99","12 ct","HIGH","inStore:true; curbside:true; delivery:true; shipToHome:false"
"0001111064671","Deli Kitchen Peeled Hard-Cooked Eggs 6ct","Kroger","3.99","6 ct","","inStore:true; curbside:true; delivery:true; shipToHome:false"
"0088742200021","Happy Egg Co.® Heritage Free Range Large Blue and Brown Eggs","Happy Egg Co.","6.99","12 ct","HIGH","inStore:false; curbside:false; delivery:false; shipToHome:false"
"0071514111357","Eggland Best Large Eggs","Eggland's Best","6.99","1 dozen","HIGH","inStore:true; curbside:true; delivery:true; shipToHome:false"
"0086174500001","Vital Farms® Pasture-Raised Large Brown Eggs","Vital Farms","7.49","12 ct","HIGH","inStore:true; curbside:true; delivery:true; shipToHome:false"
"0086174500002","Vital Farms® Pasture-Raised Large Brown Grade-A Organic Eggs","Vital Farms","9.99","12 ct","TEMPORARILY_OUT_OF_STOCK","inStore:false; curbside:false; delivery:false; shipToHome:false"
"0003056140001","Big John's Pickled Eggs","Big John's","10.99","18 oz","LOW","inStore:true; curbside:true; delivery:true; shipToHome:false"
"0081565200214","Pete & Gerry's Organic Free Range Large Eggs","Pete and Gerrys","6.99","12 ct","TEMPORARILY_OUT_OF_STOCK","inStore:false; curbside:false; delivery:false; shipToHome:false"
"0001111003987","Kroger® Cage-Free Liquid Egg Whites","Kroger","6.49","32 oz","HIGH","inStore:true; curbside:true; delivery:true; shipToHome:false"
"0001111079772","Simple Truth Organic™ Cage Free Grade A Large Brown Eggs","Simple Truth Organic","4.99","12 ct","TEMPORARILY_OUT_OF_STOCK","inStore:true; curbside:true; delivery:true; shipToHome:false"
"0001111060914","Kroger® Grade A Large White Eggs","Kroger","7.89","60 ct","HIGH","inStore:true; curbside:true; delivery:true; shipToHome:false"
"0001111079770","Simple Truth™ Natural Cage Free Grade A Large Brown Eggs","Simple Truth","3.99","12 ct / 24 oz","HIGH","inStore:true; curbside:true; delivery:true; shipToHome:false"
"0001111008750","KRO HARD COOKED EGGS","Kroger","4.79","6 ct","HIGH","inStore:true; curbside:true; delivery:true; shipToHome:false"
"0086231500024","Vital Farms® Pasture-Raised Eggs Large","Vital Farms","10.49","18 ct.","HIGH","inStore:true; curbside:true; delivery:true; shipToHome:false"
"0071514151464","Eggland's Best Cage Free Large Brown Eggs","Eggland's Best","5.49","12 ct","HIGH","inStore:true; curbside:true; delivery:true; shipToHome:false"
"0001111087023","Simple Truth™ Natural Cage Free Grade A Medium Brown Eggs","Simple Truth","3.69","12 ct","HIGH","inStore:true; curbside:true; delivery:true; shipToHome:false"
"0068954408300","Fage® Total Plain Whole Milk Greek Yogurt Tub","Fage","7.29","32 oz","LOW","inStore:true; curbside:true; delivery:true; shipToHome:false"
"0005000067148","natural bliss Vanilla Flavored Creamer Gluten Free Creamer Iced Hot Coffee","Coffee mate","5.49","32 fl oz","HIGH","inStore:true; curbside:true; delivery:true; shipToHome:false"
"0001111015365","Simple Truth® Protein Egg Wraps","Simple Truth","","6 ct","TEMPORARILY_OUT_OF_STOCK","inStore:true; curbside:true; delivery:true; shipToHome:false"
"0081590902033","Noosa® Vanilla Bean Yogurt Cup","Noosa","2.49","8 oz","HIGH","inStore:true; curbside:true; delivery:true; shipToHome:false"
"0068954408302","Fage® Total Plain Low Fat Greek Yogurt Tub","Fage","7.29","32 oz","HIGH","inStore:true; curbside:true; delivery:true; shipToHome:false"
"0001111013660","Simple Truth® Protein Cheddar and Mozzarella Egg Bites","Simple Truth","8.49","12 oz","LOW","inStore:true; curbside:true; delivery:true; shipToHome:false"
"0005000080164","natural bliss Sweet Cream Flavored Creamer Gluten Free Creamer Iced Hot Coffee","Coffee mate","5.49","32 fl oz","HIGH","inStore:true; curbside:true; delivery:true; shipToHome:false"
"0074275334854","Three Bridges™ Turkey Sausage & Swiss Egg White Bites","Three Bridges","4.79","4.6 oz","LOW","inStore:true; curbside:true; delivery:true; shipToHome:false"
"0074275334771","Three Bridges™ Uncured Ham & Gruyere Egg White Bites","Three Bridges","4.79","2 ct / 2.3 oz","TEMPORARILY_OUT_OF_STOCK","inStore:true; curbside:true; delivery:true; shipToHome:false"
"0074236521685","Horizon Organic Heavy Whipping Cream","Horizon Organic","6.79","1 pt","LOW","inStore:true; curbside:true; delivery:true; shipToHome:false"
"0001111015526","Simple Truth® Protein Cheddar Cheese and Bacon Egg Bites","Simple Truth","8.29","4 ct","HIGH","inStore:true; curbside:true; delivery:true; shipToHome:false"
"0007790000309","Jimmy Dean Simple Scrambles Turkey Sausage","Jimmy Dean","3","5.35 oz","HIGH","inStore:true; curbside:true; delivery:true; shipToHome:false"
"0001111015527","Simple Truth® Protein Red Pepper and Italian Cheese Egg White Egg Bites","Simple Truth","8.29","4 ct / 8.4oz","TEMPORARILY_OUT_OF_STOCK","inStore:true; curbside:true; delivery:true; shipToHome:false"
"0081829001692","Chobani Sweet Cream Coffee Creamer","Chobani","6.29","24 fl oz","HIGH","inStore:true; curbside:true; delivery:true; shipToHome:false"
"0001111010760","Simple Truth Organic® Plain Nonfat Greek Yogurt Tub","Simple Truth Organic","4.99","32 oz","HIGH","inStore:true; curbside:true; delivery:true; shipToHome:false"
"0081829001693","Chobani Vanilla Coffee Creamer","Chobani","6.29","24 fl oz","LOW","inStore:true; curbside:true; delivery:true; shipToHome:false"
"0074275334741","Three Bridges™ Spinach & Bell Pepper Egg White Bites","Three Bridges","4.79","2 ct / 2.3 oz","HIGH","inStore:true; curbside:true; delivery:true; shipToHome:false"
"0001111010209","Simple Truth Organic® Half & Half Quart","Simple Truth Organic","4.59","1 qt","HIGH","inStore:true; curbside:true; delivery:true; shipToHome:false"
"0068954408000","Fage® Total Plain 0% Milkfat Greek Yogurt Cup","Fage","1.59","5.3 oz","HIGH","inStore:true; curbside:true; delivery:true; shipToHome:false"
"0001707710332","Lifeway® Strawberry Probiotic Low Fat Kefir Drink","Lifeway","3.99","32 fl oz","TEMPORARILY_OUT_OF_STOCK","inStore:true; curbside:true; delivery:true; shipToHome:false"
"0085392300220","Noosa® Blueberry Yogurt Cup","Noosa","2.49","8 oz","HIGH","inStore:true; curbside:true; delivery:true; shipToHome:false"
"0081829001548","Chobani Caramel Macchiato Coffee Creamer 24 fl oz","Chobani","6.29","24 fl oz","TEMPORARILY_OUT_OF_STOCK","inStore:true; curbside:true; delivery:true; shipToHome:false"
"0007790000313","Jimmy Dean Simple Scrambles Meat Lovers","Jimmy Dean","3","5.35 oz","TEMPORARILY_OUT_OF_STOCK","inStore:true; curbside:true; delivery:true; shipToHome:false"
"0007790000311","Jimmy Dean Simple Scrambles Bacon","Jimmy Dean","3","5.35 oz","HIGH","inStore:true; curbside:true; delivery:true; shipToHome:false"
"0007790000312","Jimmy Dean Simple Scrambles Sausage","Jimmy Dean","3","5.35 oz","HIGH","inStore:true; curbside:true; delivery:true; shipToHome:false"
"0007790000310","Jimmy Dean Simple Scrambles Ham and Cheddar Cheese","Jimmy Dean","3","5.35 oz","HIGH","inStore:true; curbside:true; delivery:true; shipToHome:false"
"0074275334845","Three Bridges™ Cheddar & Chive Potato Bakes","Three Bridges","4.79","4.6 oz","HIGH","inStore:true; curbside:true; delivery:true; shipToHome:false"
"0074275334846","Three Bridges™ Uncured Bacon Potato Bakes","Three Bridges","4.79","4.6 oz","TEMPORARILY_OUT_OF_STOCK","inStore:true; curbside:true; delivery:true; shipToHome:false"
"0068954408020","Fage® Total Plain 2% Milkfat Low Fat Greek Yogurt Cup","Fage","1.59","5.3 oz","HIGH","inStore:true; curbside:true; delivery:true; shipToHome:false"
"0001111010829","Simple Truth Organic® Vanilla Nonfat Greek Yogurt Tub","Simple Truth Organic","4.99","32 oz","LOW","inStore:true; curbside:true; delivery:true; shipToHome:false"
"0001707710232","Lifeway® Plain Kefir","Lifeway","3.99","32 fl oz","LOW","inStore:true; curbside:true; delivery:true; shipToHome:false"
"0085392300240","Noosa® Raspberry Yogurt Cup","Noosa","2.49","8 oz","HIGH","inStore:true; curbside:true; delivery:true; shipToHome:false"
"0002529300489","Silk Dairy Free Sweet & Creamy Almond Coffee Creamer","Silk","5.49","32 fl oz","LOW","inStore:true; curbside:true; delivery:true; shipToHome:false"
"0005000099334","Starbucks Non-Dairy Caramel Flavored Coffee Creamer Almondmilk and Oatmilk Coffee Creamer","Starbucks","5.99","28 fl oz","HIGH","inStore:true; curbside:true; delivery:true; shipToHome:false"
"0005215900002","Stonyfield Organic Vanilla Whole Milk Probiotic Yogurt, 32 oz Container","Stonyfield Organic","6.99","32 oz","HIGH","inStore:true; curbside:true; delivery:true; shipToHome:false"
"0005215900001","Stonyfield Organic Plain Whole Milk Probiotic Yogurt, 32 oz Container","Stonyfield Organic","6.99","32 oz","TEMPORARILY_OUT_OF_STOCK","inStore:true; curbside:true; delivery:true; shipToHome:false"
"0085992200739","nutpods® Unsweetened French Vanilla Coffee Creamer, Dairy-Free","nutpods","5.99","25.4 fl oz","TEMPORARILY_OUT_OF_STOCK","inStore:true; curbside:true; delivery:true; shipToHome:false"
"0001111500195","Country Crock Homestyle Dairy Free Heavy Whipping Cream","Country Crock","4.49","16.9 fl oz","HIGH","inStore:true; curbside:true; delivery:true; shipToHome:false"
"0081829001704","Chobani Hazelnut Coffee Creamer","Chobani","6.29","24 fl oz","HIGH","inStore:true; curbside:true; delivery:true; shipToHome:false"
"0081829001506","Chobani White Chocolate Mocha Coffee Creamer","Chobani","6.29","24 fl oz","HIGH","inStore:true; curbside:true; delivery:true; shipToHome:false"
"0081829001508","Chobani Cinnamon Coffee Cake Coffee Creamer","Chobani","6.29","24 fl oz","HIGH","inStore:true; curbside:true; delivery:true; shipToHome:false"
"0004410019075","Planet Oat® Dairy Free Oatmilk Caramel Coffee Creamer","Planet Oat","4.99","32 fl oz","HIGH","inStore:true; curbside:true; delivery:true; shipToHome:false"
"0001707710932","Lifeway® Blueberry Probiotic Low Fat Kefir Drink","Lifeway","3.99","32 fl oz","HIGH","inStore:true; curbside:true; delivery:true; shipToHome:false"
"0005000033104","Starbucks Oat Milk Creamer Brown Sugar Cinnamon 28floz","Starbucks","5.99","28 fl oz","HIGH","inStore:true; curbside:true; delivery:true; shipToHome:false"
"0002529300462","Silk Dairy Free Vanilla Almond Coffee Creamer","Silk","5.49","32 fl oz","LOW","inStore:true; curbside:true; delivery:true; shipToHome:false"
"0001111009331","Simple Truth® Sweet Cream Non-Dairy Oatmilk Coffee Creamer","Simple Truth","4.49","32 fl oz","HIGH","inStore:true; curbside:true; delivery:true; shipToHome:false"
"0001111009449","Simple Truth Organic® Heavy Whipping Cream Pint","Simple Truth Organic","4.19","1 pt","HIGH","inStore:true; curbside:true; delivery:true; shipToHome:false"
"0005000065093","natural bliss Brown Sugar Flavored Oat Milk Creamer Non Dairy Coffee Creamer Plant Based","Coffee mate","5.49","32 fl oz","LOW","inStore:true; curbside:true; delivery:true; shipToHome:false"
"0074236523295","Horizon Organic Half and Half","Horizon Organic","6.29","1 qt","LOW","inStore:true; curbside:true; delivery:true; shipToHome:false"
"0074236521670","Horizon Organic Half and Half","Horizon Organic","3.59","1 pt","HIGH","inStore:true; curbside:true; delivery:true; shipToHome:false"
"0081829001235","Chobani Zero Sugar Sweet Cream Coffee Creamer","Chobani","6.29","24 fl oz","HIGH","inStore:true; curbside:true; delivery:true; shipToHome:false"
"0001707710832","Lifeway® Peach Lowfat Kefir","Lifeway","3.99","32 fl oz","TEMPORARILY_OUT_OF_STOCK","inStore:true; curbside:true; delivery:true; shipToHome:false"
"0085392300200","Noosa® Honey Yogurt Cup","Noosa","2.49","8 oz","HIGH","inStore:true; curbside:true; delivery:true; shipToHome:false"
"0001707710308","Lifeway® Strawberry Probiotic Low Fat Kefir Drink","Lifeway","1.49","8 fl oz","HIGH","inStore:true; curbside:true; delivery:true; shipToHome:false"
"0081363602044","Califia Farms French Vanilla Almond Milk Coffee Creamer","Califia Farms","5.79","25.4 fl oz","LOW","inStore:true; curbside:true; delivery:true; shipToHome:false"
"0085997700506","Good Culture Organic Cottage Cheese, 4% Whole Milk Classic, 16 oz.","Good Culture","7.99","16 oz","HIGH","inStore:true; curbside:true; delivery:true; shipToHome:false"
"0081363602161","Califia Farms® Oat Barista Blend Oatmilk","Califia Farms","4.99","32 fl oz","LOW","inStore:true; curbside:true; delivery:true; shipToHome:false"
"0003377601170","Earth Balance Plant Butter Original Plant Based Oil Spread","Earth Balance","4.79","15 oz","LOW","inStore:true; curbside:true; delivery:true; shipToHome:false"
"0005000045043","Starbucks Brown Sugar Flavored Sweet Cream Creamer Perfect for Cold Brew & Iced Coffee","Starbucks","5.99","24 fl oz","LOW","inStore:true; curbside:true; delivery:true; shipToHome:false"
"0085392300259","Noosa® Key Lime Yoghurt Cup","Noosa","2.49","8 oz","HIGH","inStore:true; curbside:true; delivery:true; shipToHome:false"
"0085002621223","nutpods® Unsweetened Toasted Marshmallow Coffee Creamer, Dairy-Free","nutpods","5.99","25.4 fl oz","HIGH","inStore:true; curbside:true; delivery:true; shipToHome:false"
"0001111009344","Simple Truth® Caramel Non-Dairy Oatmilk Coffee Creamer","Simple Truth","4.49","32 fl oz","HIGH","inStore:true; curbside:true; delivery:true; shipToHome:false"
"0074236500778","Horizon Organic Real Dairy Chantilly Sweet Cream Coffee Creamer Carton","Horizon Organic","6.49","24 fl oz","HIGH","inStore:true; curbside:true; delivery:true; shipToHome:false"
"0001707707432","Lifeway® Mixed Berry Organic Whole Milk Kefir Drink","Lifeway","5.99","32 fl oz","TEMPORARILY_OUT_OF_STOCK","inStore:true; curbside:true; delivery:true; shipToHome:false"
"0081829001507","Chobani Cookie Dough Coffee Creamer 24 fl oz","Chobani","6.29","24 fl oz","LOW","inStore:true; curbside:true; delivery:true; shipToHome:false"
"0086048500018","Sweet Loren's® Gluten Free & Vegan Chocolate Chunk Cookie Dough","Sweet Loren's","8.29","12 oz","HIGH","inStore:true; curbside:true; delivery:true; shipToHome:false"
"0004410019074","Planet Oat French Vanilla Oatmilk Coffee Creamer 32 fl oz","Planet Oat","4.99","32 fl oz","LOW","inStore:true; curbside:true; delivery:true; shipToHome:false"
"0001707710808","Lifeway® Peach Probiotic Low Fat Kefir Drink","Lifeway","1.49","8 fl oz","HIGH","inStore:true; curbside:true; delivery:true; shipToHome:false"
"0001111010970","Simple Truth™ Non-Dairy Sour Cream Alternative","Simple Truth","4.49","14 oz","HIGH","inStore:true; curbside:true; delivery:true; shipToHome:false"
"0002529300464","Silk Dairy Free Caramel Almond Coffee Creamer","Silk","5.49","32 fl oz","LOW","inStore:true; curbside:true; delivery:true; shipToHome:false"
"0085992200758","nutpods® Unsweetened Original Coffee Creamer, Dairy-Free","nutpods","5.99","25.4 fl oz","HIGH","inStore:true; curbside:true; delivery:true; shipToHome:false"
"0005215970125","Stonyfield Organic Kids Reduced Fat Yogurt Pouches, Strawberry Banana","Stonyfield Organic","7.99","4 ct","LOW","inStore:true; curbside:true; delivery:true; shipToHome:false"
"0003663207267","Silk Dairy Free Oatmeal Cookie Oat Coffee Creamer","Silk","5.49","32 fl oz","HIGH","inStore:true; curbside:true; delivery:true; shipToHome:false"
"0005215970082","Stonyfield Organic Lowfat Yogurt Smoothies, Strawberry Banana, 3.1 fl. Oz., 6 Ct","Stonyfield Organic","5.99","6 ct","HIGH","inStore:true; curbside:true; delivery:true; shipToHome:false"
"0001707711708","Lifeway® Mixed Berry Probiotic Low Fat Kefir Drink","Lifeway","1.49","8 fl oz","HIGH","inStore:true; curbside:true; delivery:true; shipToHome:false"
"0001111088637","Simple Truth Organic® Cream Cheese","Simple Truth Organic","2.99","8 oz","HIGH","inStore:true; curbside:true; delivery:true; shipToHome:false"
"0005000073271","Starbucks Vanilla Flavored Sweet Cream Creamer Perfect for Cold Brew & Iced Coffee","Starbucks","5.99","24 fl oz","LOW","inStore:true; curbside:true; delivery:true; shipToHome:false"
"0074447300011","So Delicious Raspberry Dairy Free Vegan Coconut Milk Yogurt Cup","SO Delicious","2.19","5.3 fl oz","HIGH","inStore:true; curbside:true; delivery:true; shipToHome:false"
"0001111085287","Simple Truth Organic® Salted Butter Sticks","Simple Truth Organic","6.49","4 sticks / 16 oz","LOW","inStore:true; curbside:true; delivery:true; shipToHome:false"
"0005215970119","Stonyfield Organic Kids Whole Milk Yogurt Cups, Strawberry Banana","Stonyfield Organic","5.79","6 ct","HIGH","inStore:true; curbside:true; delivery:true; shipToHome:false"
"0001111010708","Simple Truth Organic® Vanilla Low Fat Yogurt Tub","Simple Truth Organic","4.99","32 oz","LOW","inStore:true; curbside:true; delivery:true; shipToHome:false"
"0005215970112","Stonyfield Organic Whole Milk Pear Spinach Mango Yogurt","Stonyfield Organic","7.99","4 ct","LOW","inStore:true; curbside:true; delivery:true; shipToHome:false"
"0005215970111","Stonyfield Organic Whole Milk Strawberry Beet Berry Yogurt Pouches","Stonyfield Organic","7.99","4 ct","TEMPORARILY_OUT_OF_STOCK","inStore:true; curbside:true; delivery:true; shipToHome:false"
"0003663207398","Silk Dairy Free Heavy Whipping Cream Alternative Carton","Silk","5.49","16 fl oz","HIGH","inStore:true; curbside:true; delivery:true; shipToHome:false"
"0005000038868","natural bliss Chocolate Caramel Truffle Flavored Coffee Creamer Gluten Free Creamer","Coffee mate","5.49","32 fl oz","TEMPORARILY_OUT_OF_STOCK","inStore:true; curbside:true; delivery:true; shipToHome:false"
"0002529300280","Silk Vanilla Dairy Free Vegan Soy Milk Yogurt Alternative Cup","Silk","1.59","5.3 fl oz","HIGH","inStore:true; curbside:true; delivery:true; shipToHome:false"
"0005215900081","Stonyfield Organic Kids Reduced Fat Yogurt Tubes, Strawberry","Stonyfield Organic","5.79","8 ct","TEMPORARILY_OUT_OF_STOCK","inStore:true; curbside:true; delivery:true; shipToHome:false"
"0002529360217","Silk Dairy Free Vanilla Soy Coffee Creamer","Silk","4.99","32 fl oz","HIGH","inStore:true; curbside:true; delivery:true; shipToHome:false"
"0002529300374","Silk Vanilla Dairy Free Vegan Soy Milk Yogurt Alternative Tub","Silk","6.79","24 fl oz","HIGH","inStore:true; curbside:true; delivery:true; shipToHome:false"
"0001707707232","Lifeway® Plain Organic Probiotic Whole Milk Kefir Drink","Lifeway","5.99","32 fl oz","LOW","inStore:true; curbside:true; delivery:true; shipToHome:false"
"0001356247294","Annie's™ Organic Ready to Bake Flaky Biscuits","Annie's","6.99","8 biscuits / 16 oz","HIGH","inStore:true; curbside:true; delivery:true; shipToHome:false"
"0087145900321","Daiya™ Dairy Free Cheddar Cheese Shreds","Daiya","4.49","7.1 oz","HIGH","inStore:true; curbside:true; delivery:true; shipToHome:false"
"0001356247292","Annie's™ Organic Cinnamon Rolls with Icing","Annie's","9.49","5 rolls / 17.5 oz","TEMPORARILY_OUT_OF_STOCK","inStore:true; curbside:true; delivery:true; shipToHome:false"
"0001111015146","Simple Truth Organic® Reduced Fat Blueberry and Strawberry Yogurt Tubes","Simple Truth Organic","3.79","8 ct / 2 oz","TEMPORARILY_OUT_OF_STOCK","inStore:true; curbside:true; delivery:true; shipToHome:false"
"0003663207730","Silk Vanilla Dairy Free Coconut Milk Greek Style Yogurt Alternative Cup","Silk","2.59","5.3 fl oz","HIGH","inStore:true; curbside:true; delivery:true; shipToHome:false"
"0081363602385","Califia Farms Organic Vanilla Almond Milk Coffee Creamer","Califia Farms","6.49","25.4 fl oz","HIGH","inStore:true; curbside:true; delivery:true; shipToHome:false"
"0068954408175","Fage® Total Raspberry 2% Milkfat Greek Yogurt Cup","Fage","1.59","5.3 oz","HIGH","inStore:true; curbside:true; delivery:true; shipToHome:false"
"0085261400653","Cocojune Pure Coconut Organic Yogurt Tub","Cocojune","8.99","16 oz","","inStore:false; curbside:false; delivery:false; shipToHome:false"
"0074447300016","So Delicious Strawberry Banana Dairy Free Vegan Coconut Milk Yogurt Cup","SO Delicious","2.19","5.3 fl oz","HIGH","inStore:true; curbside:true; delivery:true; shipToHome:false"
"0005215909004","Stonyfield Organic Kids Blueberry & Strawberry Vanilla Lowfat Yogurt Cups Variety Pack","Stonyfield Organic","5.79","6 ct","LOW","inStore:true; curbside:true; delivery:true; shipToHome:false"
"0001111010707","Simple Truth Organic® Plain Low Fat Yogurt Tub","Simple Truth Organic","4.99","32 oz","TEMPORARILY_OUT_OF_STOCK","inStore:true; curbside:true; delivery:true; shipToHome:false"
"0002529300276","Silk Peach Mango Dairy Free Vegan Soy Milk Yogurt Alternative Cup","Silk","1.59","5.3 fl oz","HIGH","inStore:true; curbside:true; delivery:true; shipToHome:false"
"0002529300397","Silk Vanilla Dairy Free Almond Milk Yogurt Alternative Cup","Silk","1.69","5.3 fl oz","HIGH","inStore:true; curbside:true; delivery:true; shipToHome:false"
"0086174500007","Vital Farms® Grass-Fed Salted Butter Sticks","Vital Farms","4.99","2 ct / 8 oz","HIGH","inStore:true; curbside:true; delivery:true; shipToHome:false"
"0002529300278","Silk Strawberry Dairy Free Vegan Soy Milk Yogurt Alternative Cup","Silk","1.59","5.3 fl oz","TEMPORARILY_OUT_OF_STOCK","inStore:true; curbside:true; delivery:true; shipToHome:false"
"0002529300279","Silk Blueberry Dairy Free Vegan Soy Milk Yogurt Alternative Cup","Silk","1.59","5.3 fl oz","HIGH","inStore:true; curbside:true; delivery:true; shipToHome:false"
"0005000095892","natural bliss Pistachio Flavored Creamer Gluten Free Creamer Iced Hot Coffee","Nestle","5.49","32 fl oz","TEMPORARILY_OUT_OF_STOCK","inStore:false; curbside:false; delivery:false; shipToHome:false"
"0087145900022","Daiya TM Dairy Free Cheddar Cheese Slices","Daiya","4.49","7.8 oz","HIGH","inStore:true; curbside:true; delivery:true; shipToHome:false"
"0081363602045","Califia Farms Caramel Almond Milk Coffee Creamer","Califia Farms","5.79","25.4 fl oz","HIGH","inStore:true; curbside:true; delivery:true; shipToHome:false"
"0005215970116","Stonyfield Organic YoBaby Pear & Peach Whole Milk Baby Yogurt, 4 oz Cups, 6 ct Pack","Stonyfield Organic","5.79","6 ct","TEMPORARILY_OUT_OF_STOCK","inStore:true; curbside:true; delivery:true; shipToHome:false"
"0086545800013","Sweet Loren's Gluten Free Fudgy Brownie Cookie Dough","Sweet Loren's","8.29","12 cookies / 12 oz","TEMPORARILY_OUT_OF_STOCK","inStore:true; curbside:true; delivery:true; shipToHome:false"
"0081093403149","Violife Just Like Cream Cheese Dairy-Free Vegan Block","Violife","4.99","8 oz","HIGH","inStore:true; curbside:true; delivery:true; shipToHome:false"
"0005215900083","Stonyfield Organic Kids Cherry & Berry Reduced Fat Yogurt Tubes","Stonyfield Organic","5.79","8 ct","LOW","inStore:true; curbside:true; delivery:true; shipToHome:false"
"0002100008143","Philadelphia Plant-Based Dairy Free Original Cream Cheese Spread","Philadelphia","4.99","8 oz","TEMPORARILY_OUT_OF_STOCK","inStore:true; curbside:true; delivery:true; shipToHome:false"
"0081093403113","Violife Just like Mexican Style Shreds Shredded Cheese, Dairy-Free Vegan","Violife","5.49","8 oz","TEMPORARILY_OUT_OF_STOCK","inStore:false; curbside:false; delivery:false; shipToHome:false"
"0004956860005","Follow Your Heart Dairy Free Vegan Parmesan Style Grated Cheese","Follow Your Heart","5.99","5 fl oz","LOW","inStore:true; curbside:true; delivery:true; shipToHome:false"
"0074236500777","Horizon Organic Real Dairy Homestyle Vanilla Coffee Creamer Carton","Horizon Organic","6.49","24 fl oz","LOW","inStore:true; curbside:true; delivery:true; shipToHome:false"
"0087145900320","Daiya TM Dairy Free Mozzarella Cheese Shreds","Daiya","4.49","7.1 oz","HIGH","inStore:true; curbside:true; delivery:true; shipToHome:false"
"0085001027209","Sweet Loren's Gluten Free & Vegan Less Sugar Chocolate Chunk Cookie Dough","Sweet Loren's","8.29","12 oz","LOW","inStore:true; curbside:true; delivery:true; shipToHome:false"
"0001111010174","Simple Truth® Plain Dairy Free Vegan Almond Milk Yogurt Alternative Tub","Simple Truth","4.69","24 oz","TEMPORARILY_OUT_OF_STOCK","inStore:false; curbside:false; delivery:false; shipToHome:false"
"0085261400680","Cocojune Vanilla Unsweetened Organic Coconut Yogurt Tub","Cocojune","8.99","16 oz","","inStore:false; curbside:false; delivery:false; shipToHome:false"
"0003663207731","Silk Strawberry Dairy Free Coconut Milk Greek Style Yogurt Alternative Cup","Silk","2.59","5.3 fl oz","LOW","inStore:true; curbside:true; delivery:true; shipToHome:false"
"0001111008926","Simple Truth™ Dairy Free Cheddar Shredded Cheese","Simple Truth","3.69","8 oz","HIGH","inStore:true; curbside:true; delivery:true; shipToHome:false"
"0089824800168","siggi's Probiotic Drinkable Lowfat Yogurt","Siggi's","2.49","8 fl oz","HIGH","inStore:true; curbside:true; delivery:true; shipToHome:false"
"0001111015147","Simple Truth Organic® Reduced Fat Strawberry Banana and Vanilla Yogurt Tubes","Simple Truth","3.79","8 ct / 2 oz","TEMPORARILY_OUT_OF_STOCK","inStore:true; curbside:true; delivery:true; shipToHome:false"
"0004175702371","Babybel® Plant-Based Vegan Original Snack Cheese","Babybel","6.49","6 ct / 0.75 oz","HIGH","inStore:true; curbside:true; delivery:true; shipToHome:false"
"0005215970123","Stonyfield Organic Kids Reduced Fat Yogurt Pouches, Blueberry","Stonyfield Organic","7.99","4 ct","TEMPORARILY_OUT_OF_STOCK","inStore:false; curbside:false; delivery:false; shipToHome:false"
"0081093403012","Violife Just Like Smoked Provolone Slices, Dairy-Free Vegan","Violife","5.49","7.05 oz","TEMPORARILY_OUT_OF_STOCK","inStore:false; curbside:false; delivery:false; shipToHome:false"
"0086231500027","Vital Farms Grass-Fed Unsalted Butter Sticks","Vital Farms","8.49","4 sticks / 16 oz","TEMPORARILY_OUT_OF_STOCK","inStore:false; curbside:false; delivery:false; shipToHome:false"
"0086231500026","Vital Farms Grass-Fed Salted Butter Sticks","Vital Farms","8.49","4 sticks / 16 oz","TEMPORARILY_OUT_OF_STOCK","inStore:false; curbside:false; delivery:false; shipToHome:false"
"0004956822027","Follow Your Heart® Dairy Free Vegan American Style Sliced Cheese","Follow Your Heart","5.79","7 fl oz","LOW","inStore:true; curbside:true; delivery:true; shipToHome:false"
"0081002977011","Ripple® Original Dairy Free Half & Half","Ripple","5.99","25.4 fl oz","LOW","inStore:true; curbside:true; delivery:true; shipToHome:false"
"0002529300396","Silk Strawberry Dairy Free Vegan Almond Milk Yogurt Alternative Cup","Silk","1.69","5.3 fl oz","HIGH","inStore:true; curbside:true; delivery:true; shipToHome:false"
"0003377601189","Earth Balance Plant Butter Soy Free Plant Based Oil Spread","Earth Balance","4.79","15 oz","HIGH","inStore:true; curbside:true; delivery:true; shipToHome:false"
"0087145900319","Daiya TM Dairy Free Mexican Blend Cheese Shreds","Daiya","4.49","7.1 oz","HIGH","inStore:true; curbside:true; delivery:true; shipToHome:false"
"0086174500008","Vital Farms® Grass-Fed Unsalted Butter Sticks","Vital Farms","4.99","2 sticks / 8 oz","HIGH","inStore:true; curbside:true; delivery:true; shipToHome:false"
"0001111014746","Simple Truth® Strawberry Whole Milk Greek Yogurt Pouches","Simple Truth","5.99","4 ct / 3.5 oz","LOW","inStore:true; curbside:true; delivery:true; shipToHome:false"
"0002529300399","Silk Dark Chocolate Dairy Free Coconut Almond Yogurt Cup","Silk","1.69","5.3 fl oz","HIGH","inStore:true; curbside:true; delivery:true; shipToHome:false"
"0008304691164","Ice Mountain 100% Natural Spring Bottled Water","Ice Mountain","4.49","23.7 fl oz","HIGH","inStore:true; curbside:true; delivery:true; shipToHome:false"
"0006827419514","Pure Life Purified Water Bottle","Pure Life","3.79","8 fl oz.","HIGH","inStore:true; curbside:true; delivery:true; shipToHome:false"
"0001111088340","Kroger® Purified Gallon Water","Kroger","6.99","4 gal","HIGH","inStore:true; curbside:true; delivery:true; shipToHome:false"
"0060888300010","Eternal Naturally Alkaline® Spring Water","Eternal","6.99","121.2 fl oz","","inStore:false; curbside:false; delivery:false; shipToHome:false"
"0001111011887","Simple Truth® Artesian Bottled Water","Simple Truth","8.99","6 bottles / 1 liter","LOW","inStore:true; curbside:true; delivery:true; shipToHome:false"
"0081003120009","Perfect Hydration™ Alkaline Water + Electrolytes Jug","Perfect Hydration","4.99","128 oz","","inStore:true; curbside:true; delivery:true; shipToHome:false"
"0001111013589","Simple Truth® Organic Purified Reusable Bottled Water","Simple Truth","13.99","6 pk / 20.3 fl oz","TEMPORARILY_OUT_OF_STOCK","inStore:true; curbside:true; delivery:true; shipToHome:false"
"0001111010433","Kroger® Reds Home Team Purified Bottled Water","Kroger","5.79","40 bottles / 16.9 fl oz","HIGH","inStore:true; curbside:true; delivery:true; shipToHome:false"
"0001111049213","Kroger® Purified Bottled Water","Kroger","3.79","24 bottles / 16.9 fl oz","HIGH","inStore:true; curbside:true; delivery:true; shipToHome:false"
"0065722700210","Essentia Bottled Water 1 Liter 6-Pack Ionized Alkaline Water","Essentia","12.49","6 pack / 33.8 fl oz","","inStore:false; curbside:false; delivery:false; shipToHome:false"
"0005200005490","Gatorade™ Alkaline Electrolyte Infused Purified Bottled Water","Gatorade","2.29","23.7 fl oz","","inStore:true; curbside:true; delivery:true; shipToHome:false"
"0001111042130","Kroger® Drinking Gallon Water","Kroger","1.49","1 gallon","HIGH","inStore:true; curbside:true; delivery:true; shipToHome:false"
"0001111042133","Kroger® Distilled Gallon Water","Kroger","1.49","1 gallon","HIGH","inStore:true; curbside:true; delivery:true; shipToHome:false"
"0004900003165","Dasani® Purified Water Bottles","Dasani","6.49","24 bottles / 16.9 fl oz","","inStore:true; curbside:true; delivery:true; shipToHome:false"
"0078616200369","smartwater® Vapor Distilled Water Bottles","Smartwater","7.49","6 bottles / 16.9 fl oz","","inStore:true; curbside:true; delivery:true; shipToHome:false"
"0004900002870","Dasani® Purified Mineral Bottled Water","Dasani","4.79","8 bottles / 12 fl oz","","inStore:true; curbside:true; delivery:true; shipToHome:false"
"0006827473529","Pure Life Purified Water Bottle","Pure Life","5.79","16.9 fl oz.","HIGH","inStore:true; curbside:true; delivery:true; shipToHome:false"
"0001111042139","Kroger® Spring Gallon Water","Kroger","1.49","1 gallon","HIGH","inStore:true; curbside:true; delivery:true; shipToHome:false"
"0078616200281","Smartwater® Vapor Distilled Electrolyte Premium Bottled Water","Smartwater","13.99","6 bottles / 33.8 fl oz","","inStore:true; curbside:true; delivery:true; shipToHome:false"
"0001111082749","Kroger® Reds Home Team Purified Bottled Water","Kroger","","32 bottles / 16.9 fl oz","TEMPORARILY_OUT_OF_STOCK","inStore:false; curbside:false; delivery:false; shipToHome:false"
"0001200017002","LifeWtr Purified Water 1 L 6 Count","LIFEWTR","11.29","6 pk / 1 liter","","inStore:true; curbside:true; delivery:true; shipToHome:false"
"0005200005544","Gatorade® Alkaline Electrolyte Infused Purified Bottled Water","Gatorade","11.99","6 pk / 1 liter","","inStore:true; curbside:true; delivery:true; shipToHome:false"
"0001111080332","Kroger® Purified Bottled Water","Kroger","","32 bottles / 16.9 fl oz","TEMPORARILY_OUT_OF_STOCK","inStore:true; curbside:true; delivery:true; shipToHome:false"
"0065722720617","Essentia Ionized Alkaline Water","Essentia","6.99","6 x 16.9 fl oz","","inStore:false; curbside:false; delivery:false; shipToHome:false"
"0007929860007","Evian Natural Spring Water Bottles","Evian","16.79","6 pk / 1 l","","inStore:true; curbside:true; delivery:true; shipToHome:false"
"0008304600402","Ice Mountain 100% Natural Spring Bottled Water","Ice Mountain","6.49","16.9 fl oz","HIGH","inStore:true; curbside:true; delivery:true; shipToHome:false"
"0081985802002","Core Hydration Perfectly Balanced Bottled Water","Core Hydration","11.99","6 pk / 30.4 fl oz","","inStore:true; curbside:true; delivery:true; shipToHome:false"
"0078616200354","vitaminwater® XXX Acai-Blueberry-Pomegranate Flavored Water Beverage Bottles","Vitaminwater","7.49","6 bottles / 16.9 fl oz","","inStore:true; curbside:true; delivery:true; shipToHome:false"
"0078616200355","vitaminwater® Power-C Dragonfruit Flavored Water Beverage Bottles","Vitaminwater","7.49","6 bottles / 16.9 fl oz","","inStore:true; curbside:true; delivery:true; shipToHome:false"
"0085119900100","Primo Water Purified, 5-Gallon, Plastic Bottled Water (Single)","Primo Water","15.99","5 gal","","inStore:false; curbside:false; delivery:false; shipToHome:false"
"0008304600817","Ice Mountain 100% Natural Spring Bottled Water","Ice Mountain","3.49","8 fl oz","HIGH","inStore:true; curbside:true; delivery:true; shipToHome:false"
"0001200001420","Aquafina® Purified Drinking Water Bottles","Aquafina","4.29","8 pk / 12 fl oz","","inStore:true; curbside:true; delivery:true; shipToHome:false"
"0001111085808","Kroger® Purified Mini Bottled Water","Kroger","3.99","24 bottles / 8 fl oz","HIGH","inStore:true; curbside:true; delivery:true; shipToHome:false"
"0007514006502","CRYSTAL GEYSER 6 Pack Alpine Spring Water","Crystal Geyser","1.29","6 pk / 16.9 fl oz","TEMPORARILY_OUT_OF_STOCK","inStore:true; curbside:true; delivery:true; shipToHome:false"
"0001111010454","Kroger® Alkaline Bottled Water","Kroger","5.79","24 bottles / 16.9 fl oz","HIGH","inStore:true; curbside:true; delivery:true; shipToHome:false"
"0008304633413","Ice Mountain 100% Natural Spring Water Jug","Ice Mountain","2.19","101.4 fl oz","HIGH","inStore:true; curbside:true; delivery:true; shipToHome:false"
"0001111009855","Kroger® Purified Bottled Water","Kroger","5.79","40 bottles / 16.9 fl oz","HIGH","inStore:false; curbside:false; delivery:false; shipToHome:false"
"0008304613480","Ice Mountain 100% Natural Spring Bottled Water","Ice Mountain","4.49","12 fl oz","HIGH","inStore:true; curbside:true; delivery:true; shipToHome:false"
"0001111088472","Kroger® Alkaline Gallon Bottled Water","Kroger","3.99","1 gallon","HIGH","inStore:true; curbside:true; delivery:true; shipToHome:false"
"0078616241099","Smartwater® Nutrient Enhanced Bottled Water","Glaceau","26.99","33.8 fl oz","","inStore:false; curbside:false; delivery:false; shipToHome:false"
"0063256500009","FIJI Natural Artesian Bottled Water","FIJI","7.99","6 ct / 16.9 fl oz","HIGH","inStore:true; curbside:true; delivery:true; shipToHome:false"
"0085300400454","Core Hydration Perfectly Balanced Bottled Water","Core","7.49","6 pk / 16.9 fl oz","","inStore:true; curbside:true; delivery:true; shipToHome:false"
"0001111090275","Simple Truth® Vapor Distilled Electrolyte Bottled Water","Simple Truth","6.99","24 bottles / 16.9 fl oz","HIGH","inStore:true; curbside:true; delivery:true; shipToHome:false"
"0007929851006","Evian Natural Spring Water Bottles","Evian","18.99","6 pk / 1.5 l","","inStore:true; curbside:true; delivery:true; shipToHome:false"
"0007514000515","Crystal Geyser® Alpine Spring Gallon Water","Crystal Geyser","1.49","1 gallon","TEMPORARILY_OUT_OF_STOCK","inStore:true; curbside:true; delivery:true; shipToHome:false"
"0001111087902","Kroger® Natural Spring Bottled Water","Kroger","3.99","24 bottles / 16.9 fl oz","HIGH","inStore:true; curbside:true; delivery:true; shipToHome:false"
"0085543200306","Open Water Electrolyte Still Bottled Water","Open Water","15.99","12 pk / 12 fl oz","","inStore:false; curbside:false; delivery:false; shipToHome:false"
"0001111084557","Kroger® Purified Drinking Gallon Water","Kroger","1.59","1 gallon","HIGH","inStore:true; curbside:true; delivery:true; shipToHome:false"
"0007929800019","Evian Natural Spring Water Bottles","Evian","9.49","6 pk / 500 ml","","inStore:true; curbside:true; delivery:true; shipToHome:false"
"0001111089045","Kroger® Strawberry Flavored Bottled Water","Kroger","3.29","15 bottles / 10 fl oz","HIGH","inStore:true; curbside:true; delivery:true; shipToHome:false"
"0068243001041","Voss® PET Still Natural Spring Water","Voss","9.99","6 ct / 16.9 fl oz","","inStore:false; curbside:false; delivery:false; shipToHome:false"
"0006827491147","Splash Refresher Mandarin Orange Flavored Bottled Water","Splash Blast","3.29","16.9 fl. oz.","HIGH","inStore:true; curbside:true; delivery:true; shipToHome:false"
"0065722700050","Essentia Bottled Water Ionized Alkaline Water","Essentia","2.69","50.7 fl oz","","inStore:true; curbside:true; delivery:true; shipToHome:false"
"0001200000159","Aquafina Purified Drinking Water Bottle","Aquafina","2.79","20 fl oz","","inStore:true; curbside:true; delivery:true; shipToHome:false"
"0007720800035","Mountain Valley Spring Water","Mountain Valley Spring Water","35.99","33.8 fl oz.","TEMPORARILY_OUT_OF_STOCK","inStore:false; curbside:false; delivery:false; shipToHome:false"
"0085001624918","C20 Water Coconut Orignl Organic 33.8 Fl Oz","C2O","5.99","case of 12 - 33.8 fo each","","inStore:false; curbside:false; delivery:false; shipToHome:false"
"0007720800033","Mountain Valley Spring Water","Mountain Valley Spring","3.29","33.8 fl oz.","TEMPORARILY_OUT_OF_STOCK","inStore:true; curbside:true; delivery:true; shipToHome:false"
"0078616241117","Smartwater® Alkaline Vapor Distilled Bottled Water","Smartwater","13.99","6 pk / 33.8 fl oz","","inStore:true; curbside:true; delivery:true; shipToHome:false"
"0006827436016","Pure Life Distilled Water Jug","Pure Life","2.79","1 gal","HIGH","inStore:true; curbside:true; delivery:true; shipToHome:false"
"0001111011849","Kroger® Mixed Berry Flavored Mini Bottled Water","Kroger","3.29","15 bottles / 10 fl oz","HIGH","inStore:true; curbside:true; delivery:true; shipToHome:false"
"0063256500071","FIJI® Natural Artesian Bottled Water","FIJI","11.99","6 pk / 23.7 fl oz","TEMPORARILY_OUT_OF_STOCK","inStore:true; curbside:true; delivery:true; shipToHome:false"
"0060888300006","Eternal Water Naturally Alkaline Spring Water","Eternal","4.19","2.5l","","inStore:true; curbside:true; delivery:true; shipToHome:false"
"0063256500070","FIJI® Natural Artesian Water Bottle","FIJI","2.99","23.7 fl oz","","inStore:true; curbside:true; delivery:true; shipToHome:false"
"0007096095155","Saratoga® Still Spring Water Bottled Water","Saratoga","1.99","28 fl. oz.","","inStore:true; curbside:true; delivery:true; shipToHome:false"
"0007096095149","Saratoga® Still Spring Water Bottled Water","Saratoga","5.99","12 fl. oz.","","inStore:false; curbside:false; delivery:false; shipToHome:false"
"0004900000977","Dasani Purified Water Bottle","Dasani","2.79","20 fl oz","","inStore:true; curbside:true; delivery:true; shipToHome:false"
"0001111081782","Simple Truth® Vapor Distilled Electrolyte Bottled Water","Simple Truth","0.99","23.7 fl oz","TEMPORARILY_OUT_OF_STOCK","inStore:false; curbside:false; delivery:false; shipToHome:false"
"0007096000012","Saratoga® Still Spring Water Bottled Water","Saratoga","3.19","28 fl oz","","inStore:true; curbside:true; delivery:true; shipToHome:false"
"0001111013279","Simple Truth® Vapor Distilled Electrolyte Gallon Water","Simple Truth","3.99","1 gallon","HIGH","inStore:true; curbside:true; delivery:true; shipToHome:false"
"0001111082754","Kroger® Cincinnati Reds™ Purified Bottled Water","Kroger","0.69","16.9 fl oz","TEMPORARILY_OUT_OF_STOCK","inStore:true; curbside:true; delivery:true; shipToHome:false"
"0063256500062","FIJI Natural Artesian Bottled Water","FIJI","6.99","6 ct / 11.15 fl oz","HIGH","inStore:true; curbside:true; delivery:true; shipToHome:false"
"0008304600004","Ice Mountain 100% Natural Spring Water Jug","Ice Mountain","2.49","1 gal","HIGH","inStore:true; curbside:true; delivery:true; shipToHome:false"
"0008304600006","Ice Mountain 100% Natural Spring Water Jug","Ice Mountain","5.29","2.5 gal","HIGH","inStore:true; curbside:true; delivery:true; shipToHome:false"
"0085300400403","Core Hydration Perfectly Balanced Bottled Water","Core Hydration","1.99","30.4 fl oz","","inStore:true; curbside:true; delivery:true; shipToHome:false"
"0078616200352","vitaminwater® Rise Orange Zero Sugar Flavored Water Beverage Bottles","Vitaminwater","7.49","6 bottles / 16.9 fl oz","","inStore:true; curbside:true; delivery:true; shipToHome:false"
"0000000850439","Kroger® Purified Drinking Water x 2","Kroger","6.82","2x 24 bottles/16.9 fl oz","","inStore:false; curbside:false; delivery:false; shipToHome:false"
"0078616200350","vitaminwater® Squeezed Lemonade Zero Sugar Flavored Water Beverage Bottles","Vitaminwater","7.49","6 bottles / 16.9 fl oz","","inStore:true; curbside:true; delivery:true; shipToHome:false"
"0078616200351","vitaminwater® XXX Acai-Blueberry-Pomegranate Zero Sugar Flavored Water Beverage Bottles","Vitaminwater","7.49","6 bottles / 16.9 fl oz","","inStore:true; curbside:true; delivery:true; shipToHome:false"
"0004126002009","Comforts™ Baby Water","Comforts","1.39","1 gal","HIGH","inStore:true; curbside:true; delivery:true; shipToHome:false"
"0078616200151","Smartwater® Vapor Distilled Electrolyte Bottled Water","Smartwater","2.39","23.7 fl oz","","inStore:true; curbside:true; delivery:true; shipToHome:false"
"0001111086228","Simple Truth® Artesian Bottled Water","Simple Truth","1.59","1 liter","HIGH","inStore:true; curbside:true; delivery:true; shipToHome:false"
"0001111011862","Simple Truth® Purified Electrolyte Bottled Water","Simple Truth","2.49","20.3 fl oz","HIGH","inStore:true; curbside:true; delivery:true; shipToHome:false"
"0001111081775","Simple Truth® Vapor Distilled Electrolyte Bottled Water","Simple Truth","1.5","33.8 fl oz","HIGH","inStore:true; curbside:true; delivery:true; shipToHome:false"
"0006827434217","Splash Refresher Wild Berry Flavored Bottled Water","Splash Blast","3.29","16.9 fl. oz.","HIGH","inStore:true; curbside:true; delivery:true; shipToHome:false"
"0007929800007","Evian Natural Spring Water Bottle","Evian","3.29","1 l","","inStore:true; curbside:true; delivery:true; shipToHome:false"
"0007929800005","Evian Natural Spring Water Bottle","Evian","3.49","1.5 l","","inStore:false; curbside:false; delivery:false; shipToHome:false"
"0008304600013","Ice Mountain® 100% Natural Spring Bottled Water","Ice Mountain","","16.9 fl oz","TEMPORARILY_OUT_OF_STOCK","inStore:true; curbside:true; delivery:true; shipToHome:false"
"0001111087952","Kroger® Natural Spring Bottled Water","Kroger","0.69","16.9 fl oz","TEMPORARILY_OUT_OF_STOCK","inStore:true; curbside:true; delivery:true; shipToHome:false"
"0006827400009","Pure Life® Purified Water Aluminum Bottle","Pure Life","2.49","20 fl oz","","inStore:true; curbside:true; delivery:true; shipToHome:false"
"0002113618162","Topo Chico® Sabores Lime with Mint Extract Sparkling Water Cans","Topo Sabores","8.99","8 pk / 12 fl oz","","inStore:true; curbside:true; delivery:true; shipToHome:false"
"0065722700033","Essentia Bottled Water One Liter Bottle Ionized Alkaline Water","Essentia","2.19","33.8 fl oz","","inStore:true; curbside:true; delivery:true; shipToHome:false"
"0001111089044","Kroger® Grape Flavored Mini Bottled Water","Kroger","3.29","15 bottles / 10 fl oz","HIGH","inStore:true; curbside:true; delivery:true; shipToHome:false"
"0063256500003","FIJI Natural Artesian Bottled Water","FIJI","3.39","1.5 liter","LOW","inStore:true; curbside:true; delivery:true; shipToHome:false"
"0001111042157","Kroger® Spring Gallon Water","Kroger","4.79","2.5 gallons","LOW","inStore:true; curbside:true; delivery:true; shipToHome:false"
"0085300400495","Core Hydration Perfectly Balanced Water Sports Cap Bottle","Core Hydration","1.99","23.9 fl oz","","inStore:false; curbside:false; delivery:false; shipToHome:false"
"0001111090276","Simple Truth® Vapor Distilled Electrolyte Bottled Water","Simple Truth","0.79","16.9 fl oz","TEMPORARILY_OUT_OF_STOCK","inStore:true; curbside:true; delivery:true; shipToHome:false"
"0005200005489","Gatorade™ Alkaline Electrolyte Infused Purified Bottled Water","Gatorade","2.39","1 liter","","inStore:true; curbside:true; delivery:true; shipToHome:false"
"0001111081640","Kroger® Purified Bottle Water","Kroger","0.69","16.9 fl oz","HIGH","inStore:true; curbside:true; delivery:true; shipToHome:false"
"0006827434225","Splash Refresher Acai Grape Flavored Bottled Water","Splash Blast","3.29","16.9 fl. oz.","HIGH","inStore:true; curbside:true; delivery:true; shipToHome:false"
"0007929820003","Evian® Natural Spring Bottled Water","Evian","3.29","1 liter","","inStore:true; curbside:true; delivery:true; shipToHome:false"
"0078616200498","vitaminwater® Shine Strawberry Lemonade Zero Sugar Flavored Water Beverage Bottle","Vitaminwater","1.99","20 fl oz","","inStore:true; curbside:true; delivery:true; shipToHome:false"
"0078616200297","vitaminwater® Squeezed Lemonade Zero Sugar Flavored Bottled Water Beverage","Vitaminwater","1.99","20 fl oz","","inStore:true; curbside:true; delivery:true; shipToHome:false"
"0089899903000","Vita Coco Pineapple Flavored Coconut Water 16.9 Fl Oz","Vita Coco","2.99","1 ct / 16.9 fl oz","","inStore:true; curbside:true; delivery:true; shipToHome:false"
"0081369402667","Bai Zambia Bing Cherry Water Beverage Bottle","Bai","2.49","18 fl oz","","inStore:true; curbside:true; delivery:true; shipToHome:false"
"0078616207000","vitaminwater® Focus Kiwi Strawberry Flavored Bottled Water Beverage","Vitaminwater","1.99","20 fl oz","","inStore:true; curbside:true; delivery:true; shipToHome:false"
"0078616200373","vitaminwater® Power-C Dragonfruit Zero Sugar Flavored Bottled Water Beverage","Vitaminwater","1.99","20 fl oz","","inStore:true; curbside:true; delivery:true; shipToHome:false"
"0078616200296","vitaminwater® XXX Acai-Blueberry-Pomegranate Zero Sugar Flavored Bottled Water Beverage","Vitaminwater","1.99","20 fl oz","","inStore:true; curbside:true; delivery:true; shipToHome:false"
"0001657195267","Sparkling Ice® Grape Raspberry Flavored Sparkling Bottled Water","Sparkling Ice","1.5","17 fl oz","HIGH","inStore:true; curbside:true; delivery:true; shipToHome:false"
"0001657195386","Sparkling Ice® Caffeinated Black Raspberry Flavored Sparkling Water Can","Sparkling Ice","1.5","16 fl oz","","inStore:true; curbside:true; delivery:true; shipToHome:false"
"0001111011848","Kroger® Lemon Flavored Bottled Water","Kroger","3.29","15 bottles / 10 fl oz","LOW","inStore:true; curbside:true; delivery:true; shipToHome:false"
"0001111001946","Simple Truth Organic® Pulp Free Coconut Water BIG DEAL!","Simple Truth Organic","11.99","12 ct / 11.16 fl oz","HIGH","inStore:true; curbside:true; delivery:true; shipToHome:false"
"0078616200485","vitaminwater® Refresh Tropical Mango Flavored Bottled Water Beverage","Vitaminwater","1.99","20 fl oz","","inStore:false; curbside:false; delivery:false; shipToHome:false"
"0084044220000","Liquid Death, Still Mountain Water, Real Mountain Source","Liquid Death","6.99","6 ct / 12 fl oz","","inStore:false; curbside:false; delivery:false; shipToHome:false"
"0081369402671","Bai Molokai Coconut Water Beverage Bottle","Bai","2.49","18 fl oz","","inStore:true; curbside:true; delivery:true; shipToHome:false"
"0089899904000","Vita Coco Coconut Water Pure With Peach & Mango 16.9 Fl Oz","Vita Coco","2.99","1 ct / 16.9 fl oz","","inStore:true; curbside:true; delivery:true; shipToHome:false"
"0081369402673","Bai Puna Coconut Pineapple Water Beverage Bottle","Bai","2.49","18 fl oz","","inStore:true; curbside:true; delivery:true; shipToHome:false"
"0078616208000","vitaminwater® Energy Tropical Citrus Flavored Bottled Water Beverage","Vitaminwater","1.99","20 fl oz","","inStore:true; curbside:true; delivery:true; shipToHome:false"
"0001657191125","Sparkling Ice Zero Sugar Lemon Lime Sparkling Water","Sparkling Ice","1.5","17 fl oz","HIGH","inStore:true; curbside:true; delivery:true; shipToHome:false"
"0078616204000","vitaminwater® Essential Orange-Orange Flavored Bottled Water Beverage","Vitaminwater","1.99","20 fl oz","","inStore:true; curbside:true; delivery:true; shipToHome:false"
"0001657195210","Sparkling Ice® Black Cherry Flavored Sparkling Bottled Water","Sparkling Ice","1.5","17 fl oz","HIGH","inStore:true; curbside:true; delivery:true; shipToHome:false"
"0089899900050","Vita Coco® The Original Coconut Bottled Water","Vita Coco","4.79","1 liter","","inStore:true; curbside:true; delivery:true; shipToHome:false"
"0078616215000","vitaminwater® XXX Acai-Blueberry-Pomegranate Flavored Bottled Water Beverage","Vitaminwater","1.99","20 fl oz","","inStore:true; curbside:true; delivery:true; shipToHome:false"
"0005200070779","Propel® Zero Sugar Electrolyte Grape Flavored Bottled Water","Propel","2.49","20 fl oz","","inStore:true; curbside:true; delivery:true; shipToHome:false"
"0005200070778","Propel Zero Sugar Electrolyte Water Beverage Kiwi Strawberry","Propel","2.49","20 fl oz","","inStore:false; curbside:false; delivery:false; shipToHome:false"
"0005200070777","Propel Zero Sugar Electrolyte Water Beverage Berry","Propel","2.49","20 fl oz","","inStore:false; curbside:false; delivery:false; shipToHome:false"
"0078616241186","vitaminwater® Elevate Blue Raspberry Limeade Flavored Bottled Water Beverage","Glaceau","1.99","20 fl oz","","inStore:true; curbside:true; delivery:true; shipToHome:false"
"0078616201000","vitaminwater® Power-C Dragonfruit Flavored Bottled Water Beverage","Vitaminwater","1.99","20 fl oz","","inStore:true; curbside:true; delivery:true; shipToHome:false"
"0078616241188","vitaminwater® Re-Hydrate Pineapple Passionfruit Zero Sugar Flavored Bottled Water Beverage","Glaceau","1.99","20 fl oz","","inStore:true; curbside:true; delivery:true; shipToHome:false"
"0001657191037","Sparkling Ice® Pink Grapefruit Flavored Sparkling Bottled Water","Sparkling Ice","1.5","17 fl oz","HIGH","inStore:true; curbside:true; delivery:true; shipToHome:false"
"0001657195436","Sparkling Ice® Fruit Punch Flavored Sparkling Bottled Water","Sparkling Ice","1.5","17 fl oz","HIGH","inStore:true; curbside:true; delivery:true; shipToHome:false"
"0001657194034","Sparkling Ice® Peach Nectarine Flavored Sparkling Bottled Water","Sparkling Ice","1.5","17 fl oz","HIGH","inStore:true; curbside:true; delivery:true; shipToHome:false"
"0081369402639","Bai Raspberry Lemon Lime Water Beverage Bottle","Bai","2.49","18 fl oz","","inStore:true; curbside:true; delivery:true; shipToHome:false"
"0001657194033","Sparkling Ice® Coconut Pineapple Flavored Sparkling Bottled Water","Sparkling Ice","1.5","17 fl oz","HIGH","inStore:true; curbside:true; delivery:true; shipToHome:false"
"0001657195084","Sparkling Ice® Cherry Limeade Flavored Sparkling Bottled Water","Sparkling Ice","1.5","17 fl oz","HIGH","inStore:true; curbside:true; delivery:true; shipToHome:false"
"0001657195282","Sparkling Ice +Caffeine Zero Sugar Tropical Punch Sparkling Water","Sparkling Ice","1.5","16 fl oz","","inStore:true; curbside:true; delivery:true; shipToHome:false"
"0001111015389","Kroger® Caffeine Free Cranberry Lime Sparkling Water","Kroger","4.99","12 ct / 12 fl oz","HIGH","inStore:true; curbside:true; delivery:true; shipToHome:false"
"0001657195283","Sparkling Ice® Caffeinated Strawberry Citrus Flavored Sparkling Water Can","Sparkling Ice","1.5","16 fl oz","","inStore:true; curbside:true; delivery:true; shipToHome:false"
"0001657195085","Sparkling Ice® Strawberry Watermelon Flavored Sparkling Bottled Water","Sparkling Ice","1.5","17 fl oz","HIGH","inStore:true; curbside:true; delivery:true; shipToHome:false"
"0018473900031","Hint® Watermelon Flavored Bottled Water","Hint","1.69","16 fl oz","HIGH","inStore:true; curbside:true; delivery:true; shipToHome:false"
"0018473900030","Hint® Blackberry Flavored Bottled Water","Hint","1.69","16 fl oz","HIGH","inStore:true; curbside:true; delivery:true; shipToHome:false"
"0085388300300","C2O The Original Coconut Water 17.5 fl oz","C2O","2.99","17.5 fl oz","","inStore:true; curbside:true; delivery:true; shipToHome:false"
"0004133102787","Goya® Coconut Water with Pulp","GOYA","1.79","17.6 fl oz","HIGH","inStore:true; curbside:true; delivery:true; shipToHome:false"
"0001111090594","Simple Truth Organic® Original No Sugar Added Coconut Water Carton","Simple Truth Organic","3.49","33.8 fl oz","HIGH","inStore:true; curbside:true; delivery:true; shipToHome:false"
"0001111015391","Kroger® Blackberry Citrus Sparkling Water","Kroger","4.99","12 ct / 12 fl oz","HIGH","inStore:true; curbside:true; delivery:true; shipToHome:false"
"0001657195029","Sparkling Ice Zero Sugar Strawberry Lemonade Sparkling Water","Sparkling Ice","1.5","17 fl oz","HIGH","inStore:true; curbside:true; delivery:true; shipToHome:false"
"0001657191031","Sparkling Ice Zero Sugar Orange Mango Sparkling Water","Sparkling Ice","1.5","17 fl oz","HIGH","inStore:true; curbside:true; delivery:true; shipToHome:false"
"0001657191032","Sparkling Ice Zero Sugar Kiwi Strawberry Sparkling Water","Sparkling Ice","1.5","17 fl oz","HIGH","inStore:true; curbside:true; delivery:true; shipToHome:false"
"0089899901000","Vita Coco The Original Coconut Water 16.9 Fl Oz","Vita Coco","2.99","1 ct / 16.9 fl oz","","inStore:true; curbside:true; delivery:true; shipToHome:false"
"0081369402728","Bai Antioxidant Infused Barú Blood Orange Water Beverage Bottle","Bai","2.49","18 fl oz","","inStore:false; curbside:false; delivery:false; shipToHome:false"
"0001111085486","Simple Truth Organic® Original No Sugar Added Coconut Water Carton","Simple Truth","1.99","16.9 fl oz","HIGH","inStore:true; curbside:true; delivery:true; shipToHome:false"
"0078616200532","vitaminwater® Shine Strawberry Lemonade Zero Sugar Flavored Water Beverage Bottles","Vitaminwater","7.49","6 pk / 16.9 fl oz","","inStore:true; curbside:true; delivery:true; shipToHome:false"
"0085907800262","Harmless Harvest ® Organic Coconut Water","Harmless Harvest","10.49","32 fl oz","TEMPORARILY_OUT_OF_STOCK","inStore:true; curbside:true; delivery:true; shipToHome:false"
"0081369402665","Bai Brasilia Blueberry Water Beverage Bottle","Bai","2.49","18 fl oz","","inStore:true; curbside:true; delivery:true; shipToHome:false"
"0085907800215","Harmless Harvest ® Organic Coconut Water","Harmless Harvest","5.49","16 fl oz","TEMPORARILY_OUT_OF_STOCK","inStore:true; curbside:true; delivery:true; shipToHome:false"
"0018473900157","Hint® Cherry Flavored Bottled Water","Hint","1.69","16 fl oz","HIGH","inStore:true; curbside:true; delivery:true; shipToHome:false"
"0018473900233","Hint® Blueberry Lemon Flavored Bottled Water","Hint","1.69","16 fl oz","HIGH","inStore:true; curbside:true; delivery:true; shipToHome:false"
"0005200050633","Propel Zero Sugar Electrolyte Water Beverage Berry","Propel","6.79","6 pk / 16.9 fl oz","","inStore:true; curbside:true; delivery:true; shipToHome:false"
"0060888300005","Eternal Naturally Alkaline® Spring Water","Eternal","1.99","33.8 fl oz","","inStore:false; curbside:false; delivery:false; shipToHome:false"
"0085194900461","Roar® Organic Georgia Peach Flavored Water Bottle","Roar","2.69","18 fl oz","LOW","inStore:true; curbside:true; delivery:true; shipToHome:false"
"0089899900618","Vita Coco Pineapple Flavored Coconut Water 33.8 fl Oz","Vita Coco","4.79","1 ct / 33.8 fl oz","","inStore:true; curbside:true; delivery:true; shipToHome:false"
"0001111014123","Kroger® Tonic Water with Quinine","Kroger","4.49","8 ct / 12 fl oz","LOW","inStore:true; curbside:true; delivery:true; shipToHome:false"
"0089899901226","Vita Coco® Organic Coconut Bottled Water","Vita Coco","3.39","16.9 fl oz","","inStore:true; curbside:true; delivery:true; shipToHome:false"
"0002843560029","BUBBL'R Triple Berry Breez’r Antioxidant Sparkling Water Cans","Bubbl'r","7.49","6 pk / 12 fl oz","","inStore:true; curbside:true; delivery:true; shipToHome:false"
"0089899900099","Vita Coco® Farmer's Organic Coconut Bottled Water","Vita Coco","6.49","33.8 fl oz","","inStore:true; curbside:true; delivery:true; shipToHome:false"
"0085194900433","Roar® Organic Mango Clementine Flavored Water Bottle","Roar","2.69","18 fl oz","LOW","inStore:true; curbside:true; delivery:true; shipToHome:false"
"0081369402669","Bai Kula Watermelon Water Beverage Bottle","Bai","2.49","18 fl oz","","inStore:true; curbside:true; delivery:true; shipToHome:false"
"0007673731010","Clearfruit Strawberry Watermelon Flavored Bottled Water","Clearfruit","1.25","20 fl oz","","inStore:true; curbside:true; delivery:true; shipToHome:false"
"0089899900690","Vita Coco® Original Coconut Bottled Water","Vita Coco","19.99","12 bottles / 11.1 fl oz","","inStore:true; curbside:true; delivery:true; shipToHome:false"
"0089899901381","Vita Coco® Lemonade Treats™ Coconut Water","Vita Coco","3.29","16.9 fl oz","","inStore:true; curbside:true; delivery:true; shipToHome:false"
"0001111014126","Kroger® Zero Sugar Tonic Water with Quinine","Kroger","4.49","8 ct / 12 fl oz","LOW","inStore:true; curbside:true; delivery:true; shipToHome:false"
"0007673731017","Clearfruit Fruit Punch Flavored Bottled Water","Clearfruit","1.25","20 fl oz","","inStore:true; curbside:true; delivery:true; shipToHome:false"
"0018473900127","Hint® Pineapple Flavored Bottled Water","Hint","1.69","16 fl oz","HIGH","inStore:true; curbside:true; delivery:true; shipToHome:false"
"0001111011935","Simple Truth Organic® Original No Sugar Added Coconut Water Carton","Simple Truth Organic","12.99","4 carton / 1 liter","TEMPORARILY_OUT_OF_STOCK","inStore:true; curbside:true; delivery:true; shipToHome:false"
"0085000374888","Lemon Perfect Watermelon Organic Lemon Water","Lemon Perfect","2.49","15.2 fl oz","","inStore:true; curbside:true; delivery:true; shipToHome:false"
"0005200001358","Propel Zero Sugar Electrolyte Water Beverage Watermelon","Propel","2.49","20 fl oz","","inStore:false; curbside:false; delivery:false; shipToHome:false"
"0001657195514","Sparkling Ice +Caffeine Zero Sugar Cherry Vanilla Sparkling Water","Sparkling Ice","1.5","16 fl oz","","inStore:true; curbside:true; delivery:true; shipToHome:false"
"0085000374883","Lemon Perfect Blueberry Organic Lemon Water","Lemon Perfect","2.49","15.2 fl oz","","inStore:false; curbside:false; delivery:false; shipToHome:false"
"0081369402688","Bai Costa Rica Clementine Water Beverage Bottle","Bai","2.49","18 fl oz","","inStore:true; curbside:true; delivery:true; shipToHome:false"
"0005200001437","Propel Zero Sugar Electrolyte Water Beverage Watermelon","Propel","11.99","12 pk / 16.9 fl oz","","inStore:false; curbside:false; delivery:false; shipToHome:false"
"0005200006489","Propel® Zero Sugar Strawberry Kiwi Electrolyte Water Beverage","Propel","6.99","8 bottles / 12 fl oz","","inStore:false; curbside:false; delivery:false; shipToHome:false"
"0081369402714","Bai Simbu Strawberry Antioxidant Infused Water Beverage Bottle","Bai","2.49","18 fl oz","","inStore:true; curbside:true; delivery:true; shipToHome:false"
"0081369402719","Bai Shala Coconut Strawberry Antioxidant Infused Water Beverage Bottle","Bai","2.49","18 fl oz","","inStore:true; curbside:true; delivery:true; shipToHome:false"
"0005200006486","Propel® Zero Sugar Grape Electrolyte Water Beverage","Propel","6.99","8 bottles / 12 fl oz","","inStore:true; curbside:true; delivery:true; shipToHome:false"
"0001111082986","Simple Truth Organic® Pineapple Flavored No Sugar Added Coconut Water Carton","Simple Truth Organic","1.99","16.9 fl oz","HIGH","inStore:true; curbside:true; delivery:true; shipToHome:false"
"0001111087950","Kroger® Alkaline Bottled Water","Kroger","1.25","23.7 fl oz","HIGH","inStore:true; curbside:true; delivery:true; shipToHome:false"
"0001111015545","Kroger® Alkaline Bottled Water","Kroger","9.99","12 bottles / 33.8 fl oz","LOW","inStore:true; curbside:true; delivery:true; shipToHome:false"
"0007673731007","Clearfruit Cherry Blast Bottled Water","Clearfruit","1.25","20 fl oz","","inStore:true; curbside:true; delivery:true; shipToHome:false"
"0085000374877","Lemon Perfect Original Organic Lemon Water","Lemon Perfect","2.49","15.2 fl oz","","inStore:true; curbside:true; delivery:true; shipToHome:false"
"0018473900153","Hint® Peach Raspberry Flavored Bottled Water","Hint","1.69","16 fl oz","LOW","inStore:true; curbside:true; delivery:true; shipToHome:false"
"0081369402656","Bai Molokai Coconut Water Beverage Bottles","Bai","9.99","6 pk / 14 fl oz","","inStore:true; curbside:true; delivery:true; shipToHome:false"
"0078616241177","vitaminwater® Energy Tropical Citrus Flavored Water Beverage Bottles","Vitaminwater","7.49","6 pk / 16.9 fl oz","","inStore:true; curbside:true; delivery:true; shipToHome:false"
"0001657195743","Sparkling Ice Caffeine Zero Sugar Watermelon Lemonade Sparkling Water","Sparkling Ice","1.5","16 fl oz","","inStore:true; curbside:true; delivery:true; shipToHome:false"
"0078616241178","vitaminwater® Focus Kiwi Strawberry Flavored Water Beverage Bottles","Vitaminwater","7.49","6 pk / 16.9 fl oz","","inStore:true; curbside:true; delivery:true; shipToHome:false"
"0088331509026","Tum-E Yummies Fruit Punch Flavored Bottled Water","Tum-E Yummies","1.25","10.1 fl oz","","inStore:true; curbside:true; delivery:true; shipToHome:false"
"0089899901200","Vita Coco® Original Coconut Bottled Water","Vita Coco","10.99","4 cartons / 16.9 fl oz","","inStore:true; curbside:true; delivery:true; shipToHome:false"
"0005200050640","Propel Zero Sugar Electrolyte Water Beverage Kiwi Strawberry","Propel","6.79","6 pk / 16.9 fl oz","","inStore:true; curbside:true; delivery:true; shipToHome:false"
"0005200001484","Propel® Electrolyte Variety Pack Bottled Water","Propel","16.29","18 bottles / 16.9 fl oz","","inStore:true; curbside:true; delivery:true; shipToHome:false"
"0089819500175","Fever-Tree Premium Tonic Water 8x150ml","Fever-Tree","8.99","8 cans / 5.7 fl oz","","inStore:false; curbside:false; delivery:false; shipToHome:false"
"0005200050648","Propel Zero Sugar Electrolyte Water Beverage Grape","Propel","6.79","6 pk / 16.9 fl oz","","inStore:true; curbside:true; delivery:true; shipToHome:false"
"0088331509027","Tum-E Yummies Big Berry Blast Flavored Bottled Water","Tum-E Yummies","1.25","10.1 fl oz","","inStore:true; curbside:true; delivery:true; shipToHome:false"
"0004126002588","Simple Truth® Protein Mixed Berry Flavored Infused Water","Simple Truth","3.49","12 fl oz","HIGH","inStore:true; curbside:true; delivery:true; shipToHome:false"
"0004126002586","Simple Truth® Protein Tropical Fusion Flavored Infused Water","Simple Truth","3.49","12 fl oz","HIGH","inStore:true; curbside:true; delivery:true; shipToHome:false"
"0089899900001","Vita Coco® Pure Coconut Bottled Water","Vita Coco","18.99","4 bottles / 1 liter","","inStore:true; curbside:true; delivery:true; shipToHome:false"
"0002843560036","BUBBL'R Wild Cherry Chill'r Antioxidant Sparkling Water Cans","Bubbl'r","7.49","6 pk / 12 fl oz","","inStore:true; curbside:true; delivery:true; shipToHome:false"
"0007673731106","Clearfruit® Green Apple Flavored Bottled Water","Clearfruit","1.25","20 fl oz","","inStore:false; curbside:false; delivery:false; shipToHome:false"
"0007673731105","Clearfruit Island Breeze Enhanced Bottled Water","Clearfruit","1.25","20 fl oz","","inStore:true; curbside:true; delivery:true; shipToHome:false"
"0001111088821","Simple Truth Organic® Pineapple Flavored No Sugar Added Coconut Water Carton","Simple Truth","3.49","1 liter","HIGH","inStore:false; curbside:false; delivery:false; shipToHome:false"
"0081006890036","Harmless Harvest ® Organic Coconut Water with Pulp","Harmless Harvest","5.49","16 fl oz","LOW","inStore:true; curbside:true; delivery:true; shipToHome:false"
"0078616241190","vitaminwater® Power-C Dragonfruit Zero Sugar Flavored Bottled Water Beverages","Glaceau","7.49","6 pk / 16.9 fl oz","","inStore:false; curbside:false; delivery:false; shipToHome:false"
"0007800003241","Schweppes Tonic Water Cans","Schweppes","5.49","6 pk / 7.5 fl oz","","inStore:true; curbside:true; delivery:true; shipToHome:false"
"0078616233800","smartwater® Vapor Distilled Water Bottle","Smartwater","2.39","33.8 fl oz","","inStore:true; curbside:true; delivery:true; shipToHome:false"
"0089899901109","Vita Coco Extra Coconut Water","Vita Coco","19.99","12 ct / 11.1 fl oz","","inStore:true; curbside:true; delivery:true; shipToHome:false"
"0085573500548","Viloe 100% Natural Coconut Bottled Water","Viloe","1.99","16.9 fl oz","HIGH","inStore:true; curbside:true; delivery:true; shipToHome:false"
"0089899901221","Vita Coco® Coconut Pineapple Flavored Bottled Water","Vita Coco","10.99","4 cartons / 16.9 fl oz","","inStore:true; curbside:true; delivery:true; shipToHome:false"
"0089899901185","Vita Coco® The Original Pressed Coconut Bottled Water","Vita Coco","10.99","4 cartons / 500 ml","","inStore:true; curbside:true; delivery:true; shipToHome:false"
"0018012700035","Zico® Pure Organic Coconut Water","Zico","4.49","13.5 fl oz","HIGH","inStore:true; curbside:true; delivery:true; shipToHome:false"
"0081013286001","Recover 180™ Orange Dreamsicle Coconut Water Electrolyte Drink","Recovery Sports","2.49","16.9 fl oz","","inStore:true; curbside:true; delivery:true; shipToHome:false"
"0004126002492","Comforts™ Distilled Water","Kroger","2.99","15 ct / 10 oz","HIGH","inStore:true; curbside:true; delivery:true; shipToHome:false"
"0081013286002","Recover® Peach Mango Organic Hydration Bottled Water","Recover","2.49","16 fl oz","","inStore:true; curbside:true; delivery:true; shipToHome:false"
"0081013286006","Recover™ Fruit Punch 180 Hydration Water Bottle","Recover","2.49","16.9 fl oz","","inStore:false; curbside:false; delivery:false; shipToHome:false"
"0085000994283","BODYARMOR® SportWater Sports Drink Bottles","BODYARMOR","11.99","33.8 fl oz (6 pack)","","inStore:true; curbside:true; delivery:true; shipToHome:false"
"0086000322339","Olipop® Grape Prebiotic Soda Can","Olipop","2.49","12 fl oz","HIGH","inStore:true; curbside:true; delivery:true; shipToHome:false"
"0004133102779","Goya® Pure Coconut Water","GOYA","2.49","16.9 fl oz","HIGH","inStore:true; curbside:true; delivery:true; shipToHome:false"
"0006647900114","Clearly Canadian® Wild Cherry Sparkling Water Beverage","Clearly Canadian","1.99","12 fl oz","TEMPORARILY_OUT_OF_STOCK","inStore:false; curbside:false; delivery:false; shipToHome:false"
"0078616241214","vitaminwater® Zero Sugar XXX Acai-Blueberry-Pomegranate Flavored Bottled Water Beverage","Vitaminwater","11.99","12 pk / 12 fl oz","","inStore:false; curbside:false; delivery:false; shipToHome:false"
"0006647900117","Clearly Canadian® Summer Strawberry Sparkling Water Beverage","Clearly Canadian","1.99","12 fl oz","TEMPORARILY_OUT_OF_STOCK","inStore:false; curbside:false; delivery:false; shipToHome:false"
"0002843560058","BUBBL'R Antioxidant Sparkling Water fruit punch'r 6pk","Bubbl'r","7.49","6 pk / 12 fl oz","","inStore:false; curbside:false; delivery:false; shipToHome:false"
"0089899901350","Vita Coco Coconut Water With Pineapple","Vita Coco","19.99","12 pk / 11.1 fl oz","","inStore:true; curbside:true; delivery:true; shipToHome:false"
"0001111006346","Simple Truth Organic® Pulp Free Pineapple Coconut Water","Simple Truth Organic","3.49","33.8 fl oz","HIGH","inStore:true; curbside:true; delivery:true; shipToHome:false"
"0081369402717","Bai Simbu Strawberry Antioxidant Infused Water Beverage Bottles","Bai","9.99","6 pk / 14 fl oz","","inStore:false; curbside:false; delivery:false; shipToHome:false"
"0007673731009","Clearfruit Blackberry Rush Bottled Water","Clearfruit","1.25","20 fl oz","","inStore:false; curbside:false; delivery:false; shipToHome:false"
"0007673731008","Everfresh Clear® Fruit Peach Flavored Bottled Water","Clearfruit","1.25","20 fl oz","","inStore:true; curbside:true; delivery:true; shipToHome:false"
"0007800000224","Canada Dry Tonic Water Cans","Canada Dry","6.29","6 pk / 7.5 fl oz","","inStore:false; curbside:false; delivery:false; shipToHome:false"
"0007800000225","Canada Dry Zero Sugar Tonic Water Cans","Canada Dry","6.29","6 pk / 7.5 fl oz","","inStore:false; curbside:false; delivery:false; shipToHome:false"
"0067843077713","Caribbean Rythms Coconut Water with Pulp","Caribbean Rhythms","1.79","16.9 fl oz","LOW","inStore:true; curbside:true; delivery:true; shipToHome:false"
"0002113618163","Topo Chico Sabores Tangerine With Ginger Extract Cans","Topo Chico","8.99","8 pk / 12 fl oz","","inStore:true; curbside:true; delivery:true; shipToHome:false"
"0085000374878","Lemon Perfect Dragon Fruit Organic Lemon Water","Lemon Perfect","2.49","15.2 fl oz","","inStore:true; curbside:true; delivery:true; shipToHome:false"
"0085000374879","Lemon Perfect Peach Organic Lemon Water","Lemon Perfect","2.49","15.2 fl oz","","inStore:true; curbside:true; delivery:true; shipToHome:false"
"0081369402653","Bai Brasilia Blueberry Water Beverage Bottles","Bai","9.99","6 pk / 14 fl oz","","inStore:false; curbside:false; delivery:false; shipToHome:false"
"0081369402657","Bai Puna Coconut Pineapple Water Beverage Bottles","Bai","9.99","6 pk / 14 fl oz","","inStore:true; curbside:true; delivery:true; shipToHome:false"
"0081369402654","Bai Zambia Bing Cherry Water Beverage Bottles","Bai","9.99","6 pk / 14 fl oz","","inStore:true; curbside:true; delivery:true; shipToHome:false"
"0018012700010","Zico® Natural 100% Coconut Water","Zico","5.99","33.8 fl oz","LOW","inStore:true; curbside:true; delivery:true; shipToHome:false"
"0007673731033","Clearfruit® Grape Bottled Water","Clearfruit","1.25","20 fl oz","","inStore:false; curbside:false; delivery:false; shipToHome:false"
"0018012700012","Zico® Pure Organic Coconut Water","Zico","8.49","28 fl oz","LOW","inStore:true; curbside:true; delivery:true; shipToHome:false"
"0005200006652","Propel® Zero Sugar Electrolyte Tropical Punch Bottled Water","Propel","6.99","8 ct / 12 fl oz","","inStore:false; curbside:false; delivery:false; shipToHome:false"
"0002843560043","BUBBL'R Tropical Dream'r Antioxidant Sparkling Water Cans","Bubbl'r","7.49","6 pk / 12 fl oz","","inStore:true; curbside:true; delivery:true; shipToHome:false"
"0085027400749","C2O® The Original Coconut Water Carton","C2O","12.49","8 ct / 10.5 fl oz","","inStore:false; curbside:false; delivery:false; shipToHome:false"
"0018473900149","Hint® The Classics Variety Pack","Hint","15.99","12 pk / 16 fl oz","LOW","inStore:true; curbside:true; delivery:true; shipToHome:false"
"0088331509028","Tum-E Yummies Epic Apple Flip Flavored Bottled Water","Tum-E Yummies","1.25","10.1 fl oz","","inStore:true; curbside:true; delivery:true; shipToHome:false"
"0085169400383","Q Mixers Sparkling Grapefruit, Premium Cocktail Mixer, 7.5 Fl Oz Pack of 4","Q Spectacular","4.49","4 ct / 7.5 fl oz","LOW","inStore:true; curbside:true; delivery:true; shipToHome:false"
"0007800014645","Canada Dry® Club Soda Bottle","Canada Dry","2.29","1 l","","inStore:true; curbside:true; delivery:true; shipToHome:false"
"0085952000237","Hoist® Strawberry Lemonade IV Level Hydration™ Sports Drink Bottle","Hoist","2.49","16 fl oz","","inStore:true; curbside:true; delivery:true; shipToHome:false"
"0089899901014","Vita Coco Extra Coconut, The Original, 16.9 fl oz","Vita Coco","2.99","1 ct / 16.9 fl oz","","inStore:true; curbside:true; delivery:true; shipToHome:false"
"0085003843759","Waterboy Weekend Recovery Strawberry Lemonade","Waterboy","16.99","8 packets","","inStore:false; curbside:false; delivery:false; shipToHome:false"
"0001657196236","Sparkling Ice® Life Savers™ Zero Sugar Strawberry Sparkling Water Bottle","Sparkling Ice","1.5","17 fl oz","HIGH","inStore:true; curbside:true; delivery:true; shipToHome:false"
"0001657196232","Sparkling Ice® Life Savers™ Zero Sugar Pineapple Sparkling Water Bottle","Sparkling Ice","1.5","17 fl oz","HIGH","inStore:true; curbside:true; delivery:true; shipToHome:false"
"0001657196230","Sparkling Ice® Life Savers™ Zero Sugar Wild Cherry Sparkling Water Bottle","Sparkling Ice","1.5","17 fl oz","HIGH","inStore:true; curbside:true; delivery:true; shipToHome:false"
"0081921502141","Waterloo® Blackberry Lemonade Sparkling Water","Waterloo","5.99","8 pk / 12 fl oz","LOW","inStore:true; curbside:true; delivery:true; shipToHome:false"
"0001111014833","Kroger® Zero Sugar Black Cherry Sparkling Water","Kroger","1","1 liter","HIGH","inStore:true; curbside:true; delivery:true; shipToHome:false"
"0001111014834","Kroger® Zero Sugar Peach Sparkling Water","Kroger","1","1 liter","HIGH","inStore:true; curbside:true; delivery:true; shipToHome:false"
"0085952000281","Hoist® Black Cherry IV Level Hydration® Sports Drink Bottle","Hoist","2.49","16 fl oz","","inStore:true; curbside:true; delivery:true; shipToHome:false"
"0007430505316","Bragg Organic Concord Grape and Hibiscus Apple Cider Vinegar Refresher","Bragg","3.99","16 fl oz","HIGH","inStore:true; curbside:true; delivery:true; shipToHome:false"
"0089899901269","Vita Coco Coconut Juice with Pulp 16.5 fl Oz","Vita Coco","2.69","1 ct / 16.5 fl oz","","inStore:true; curbside:true; delivery:true; shipToHome:false"
"0089899901343","Vita Coco Coconut Juice Pina Colada 16.5 Fl Oz","Vita Coco","2.69","1 ct / 16.5 fl oz","","inStore:true; curbside:true; delivery:true; shipToHome:false"
"0081921502011","Waterloo® Lemon-Lime Sparkling Water","Waterloo","5.99","12 fl oz","HIGH","inStore:true; curbside:true; delivery:true; shipToHome:false"
"0081921502139","Waterloo® Cherry Limeade Sparkling Water","Waterloo","5.99","8 x 12 oz","HIGH","inStore:true; curbside:true; delivery:true; shipToHome:false"
"0081001572097","Roar Complete Hydration Organic Flavored Electrolyte Drink Variety Pack","Roar","25.99","12 bottles / 18 oz","TEMPORARILY_OUT_OF_STOCK","inStore:true; curbside:true; delivery:true; shipToHome:false"
"0081921502379","Waterloo® Lemon Italian Ice Sparkling Water","Waterloo","5.99","12 fl oz","TEMPORARILY_OUT_OF_STOCK","inStore:true; curbside:true; delivery:true; shipToHome:false"
"0081921502015","Waterloo® Black Cherry Sparkling Water","Waterloo","5.99","12 fl oz","HIGH","inStore:true; curbside:true; delivery:true; shipToHome:false"
"0081921502050","Waterloo® Grape Sparkling Water","Waterloo","5.99","12 fl oz","HIGH","inStore:true; curbside:true; delivery:true; shipToHome:false"
"0001111014125","Kroger® Club Soda Cans","Kroger","4.49","8 pk / 12 fl oz","LOW","inStore:true; curbside:true; delivery:true; shipToHome:false"
"0001111014840","Kroger® Zero Sugar Lemon Lime Sparkling Water","Kroger","1","1 liter","HIGH","inStore:true; curbside:true; delivery:true; shipToHome:false"
"0085003843760","Waterboy Weekend Recovery Blue Raspberry","Waterboy","16.99","8 ct","","inStore:false; curbside:false; delivery:false; shipToHome:false"
"0081921502096","Waterloo® Summer Berry Sparkling Water","Waterloo","5.99","12 fl oz","HIGH","inStore:true; curbside:true; delivery:true; shipToHome:false"
"0001111015381","Kroger® Caffeine Free Original Sparkling Water","Kroger","4.99","12 ct / 12 fl oz","HIGH","inStore:true; curbside:true; delivery:true; shipToHome:false"
"0001111015383","Kroger® Caffeine Free Lemon Lime Sparkling Water","Kroger","4.99","12 ct / 12 fl oz","HIGH","inStore:true; curbside:true; delivery:true; shipToHome:false"
"0001657194035","Sparkling Ice Zero Sugar Classic Lemonade Sparkling Water","Sparkling Ice","1.5","17 fl oz","HIGH","inStore:true; curbside:true; delivery:true; shipToHome:false"
"0081921502089","Waterloo® Peach Sparkling Water","Waterloo","5.99","12 fl oz","HIGH","inStore:true; curbside:true; delivery:true; shipToHome:false"
"0089899901352","Vita Coco Treats Strawberries and Creme - 16.9 fl Oz","Vita Coco","3.29","1 ct / 16.9 fl oz","","inStore:true; curbside:true; delivery:true; shipToHome:false"
"0081011383369","BODYARMOR® Lyte Dude Perfect Sour Apple Sports Drink Bottle","BODYARMOR","1.59","16 fl oz","","inStore:false; curbside:false; delivery:false; shipToHome:false"
"0081921502049","Waterloo® Strawberry Sparkling Water","Waterloo","5.99","12 fl oz","LOW","inStore:true; curbside:true; delivery:true; shipToHome:false"
"0007800000223","Canada Dry® Club Soda","Canada Dry","6.29","6 cans / 7.5 fl oz","","inStore:true; curbside:true; delivery:true; shipToHome:false"
"0001299322125","LaCroix Sparkling Water, Lime, 12 Fl Oz (Pack of 8)","LaCroix","5.99","8 pk / 12 fl oz","HIGH","inStore:true; curbside:true; delivery:true; shipToHome:false"
"0088399010120","good2grow® Assorted Raspberry Lemonade Flavored Juice Beverage","Good 2 Grow","4.99","10 fl oz","","inStore:true; curbside:true; delivery:true; shipToHome:false"
"0085817600215","BODYARMOR® SportWater Sports Drink Bottle","BODYARMOR","2.49","1 liter","","inStore:true; curbside:true; delivery:true; shipToHome:false"
"0085817600214","BODYARMOR® SportWater Sports Drink Bottle","BODYARMOR","2.49","23.7 fl oz","","inStore:true; curbside:true; delivery:true; shipToHome:false"
"0088399010121","good2grow® Orange Mango Flavored Juice Beverage","Good 2 Grow","4.99","10 fl oz","","inStore:true; curbside:true; delivery:true; shipToHome:false"
"0089899901128","Vita Coco Extra Coconut, The Original, 33.8 fl Oz","Vita Coco","4.79","1 ct / 1 l","","inStore:false; curbside:false; delivery:false; shipToHome:false"
"0085952000265","Hoist® Blue Raspberry IV Level Hydration™ Sports Drink Bottle","Hoist","2.49","16 fl oz","","inStore:true; curbside:true; delivery:true; shipToHome:false"
"0081921502432","Waterloo® Root Beer Float Sparkling Water","Waterloo","5.99","12 fl oz","HIGH","inStore:true; curbside:true; delivery:true; shipToHome:false"
"0081921502431","Waterloo® Apple Pie à la Mode Sparkling Water","Waterloo","5.99","8 pk / 12 fl oz","HIGH","inStore:true; curbside:true; delivery:true; shipToHome:false"
"0081921502354","Waterloo® Ruby Red Tangerine Sparkling Water","Waterloo","5.99","12 fl oz","LOW","inStore:true; curbside:true; delivery:true; shipToHome:false"
"0081921502199","Waterloo® Tropical Fruit Sparkling Water","Waterloo","5.99","12 fl oz","HIGH","inStore:true; curbside:true; delivery:true; shipToHome:false"
"0081011383034","BODYARMOR® SportWater Sports Drink Bottle","BODYARMOR","2.79","1.5 liter","","inStore:true; curbside:true; delivery:true; shipToHome:false"
"0081921502357","Waterloo® Guava Berry Sparkling Water","Waterloo","5.99","12 fl oz","HIGH","inStore:true; curbside:true; delivery:true; shipToHome:false"
"0001657191030","Sparkling Ice Zero Sugar Black Raspberry Sparkling Water","Sparkling Ice","1.5","17 fl oz","HIGH","inStore:true; curbside:true; delivery:true; shipToHome:false"
"0001111049345","Kroger® Club Soda Bottle","Kroger","1","33.8 fl oz","HIGH","inStore:true; curbside:true; delivery:true; shipToHome:false"
"0081921502274","Waterloo® Raspberry Nectarine Sparkling Water","Waterloo","5.99","12 fl oz","HIGH","inStore:true; curbside:true; delivery:true; shipToHome:false"
"0085006637803","Thai Coco Strawberry Flavor Coconut Milk Drink","Thai Coco","2.79","9.8 fl oz","HIGH","inStore:true; curbside:true; delivery:true; shipToHome:false"
"0002550030407","Folgers Classic Roast Ground Coffee, Medium Roast","Folgers","16.99","25.9 ounces","HIGH","inStore:true; curbside:true; delivery:true; shipToHome:false"
"0081006334503","Death Wish Coffee Co® Power Surge Ground Coffee","Death Wish Coffee","13.99","10 oz","HIGH","inStore:true; curbside:true; delivery:true; shipToHome:false"
"0076211120605","Starbucks® House Blend Medium Roast Ground Coffee","Starbucks","12.99","12 oz","TEMPORARILY_OUT_OF_STOCK","inStore:true; curbside:true; delivery:true; shipToHome:false"
"0081006334306","Death Wish Coffee Co.® Medium Roast Ground Coffee","Death Wish Coffee","13.99","10 oz","HIGH","inStore:true; curbside:true; delivery:true; shipToHome:false"
"0076211188554","Starbucks® Veranda Blend Light Roast Ground Coffee","Starbucks","12.99","12 oz","LOW","inStore:true; curbside:true; delivery:true; shipToHome:false"
"0001111015000","Kroger® Original Medium Roast Ground Coffee","Kroger","14.49","29 oz","HIGH","inStore:true; curbside:true; delivery:true; shipToHome:false"
"0001291901206","Seattle's Best Coffee Breakfast Blend Medium Roast Ground Coffee","Seattle's Best","9.79","12 oz","HIGH","inStore:true; curbside:true; delivery:true; shipToHome:false"
"0081006334308","Death Wish Coffee Co® Espresso Roast Ground Coffee","Death Wish Coffee","13.99","9 oz","HIGH","inStore:true; curbside:true; delivery:true; shipToHome:false"
"0001111003531","Simple Truth Organic® House Blend Medium Dark Roast Ground Coffee","Simple Truth Organic","9.99","11 oz","HIGH","inStore:true; curbside:true; delivery:true; shipToHome:false"
"0002550030401","Folgers Classic Roast Ground Coffee, Medium Roast, 9.6 Oz. Canister","Folgers","9.49","9.6 ounces","HIGH","inStore:true; curbside:true; delivery:true; shipToHome:false"
"0001111012051","Kroger® French Roast Dark Roast Ground Coffee","Kroger","6.99","11 oz","HIGH","inStore:true; curbside:true; delivery:true; shipToHome:false"
"0001111012050","Kroger® Hazelnut Medium Roast Ground Coffee","Kroger","6.99","11 oz","HIGH","inStore:true; curbside:true; delivery:true; shipToHome:false"
"0004300009422","Maxwell House Original Roast Ground Coffee, Canister","Maxwell House","15.49","27.5 oz","HIGH","inStore:true; curbside:true; delivery:true; shipToHome:false"
"0078260516106","Kauai Coffee® Koloa Estate Medium Roast Ground Coffee","Kauai","8.99","10 oz","HIGH","inStore:true; curbside:true; delivery:true; shipToHome:false"
"0001111007451","Kroger® Donut Shop Blend Medium Roast K-Cup Coffee Pods","Kroger","4.99","12 ct","HIGH","inStore:true; curbside:true; delivery:true; shipToHome:false"
"0078260516108","Kauai Coffee Coconut Caramel Crunch Medium Roast Ground - 10 oz Bag","Kauai Coffee","8.99","10 oz","HIGH","inStore:true; curbside:true; delivery:true; shipToHome:false"
"0004300009421","Maxwell House 100% Colombian Ground Coffee, Canister","Maxwell House","15.49","23.1 oz","HIGH","inStore:true; curbside:true; delivery:true; shipToHome:false"
"0078535702352","Peet's Coffee, Big Bang, Medium Roast Ground Coffee - 10.5oz Bag","Peet's®","13.99","10.5 oz","LOW","inStore:true; curbside:true; delivery:true; shipToHome:false"
"0004300004299","Gevalia House Blend Medium Roast Ground Coffee, Bag","Gevalia","12.99","12 oz","TEMPORARILY_OUT_OF_STOCK","inStore:true; curbside:true; delivery:true; shipToHome:false"
"0001111014953","Kroger® Classic Blend Medium Roast Ground Coffee","Kroger","14.49","29 oz","HIGH","inStore:true; curbside:true; delivery:true; shipToHome:false"
"0001291901113","Seattle's Best Coffee House Blend Medium Roast Ground Coffee","Seattle's Best","9.79","12 oz","LOW","inStore:true; curbside:true; delivery:true; shipToHome:false"
"0002550030419","Folgers Classic Roast Medium Roast Ground Coffee, Limited-Edition for America’s 250th Anniversary","Folgers","23.99","40.3 ounces","HIGH","inStore:true; curbside:true; delivery:true; shipToHome:false"
"0004127102773","SToK Bold & Smooth Black Unsweetened Cold Brew Coffee Bottle","Stok","6.99","48 fl oz","HIGH","inStore:true; curbside:true; delivery:true; shipToHome:false"
"0004850002238","Starbucks® Medium Roast Unsweetened Black Iced Coffee Bottled Drink","Starbucks","6.99","48 fl oz","HIGH","inStore:true; curbside:true; delivery:true; shipToHome:false"
"0088133401641","Dunkin’ Original Blend Medium Roast Ground Coffee","Dunkin'","17.79","18 ounces","LOW","inStore:true; curbside:true; delivery:true; shipToHome:false"
"0001111007565","Kroger® Donut Shop Medium Roast K-Cup Coffee Pods","Kroger","17.49","48 ct","HIGH","inStore:true; curbside:true; delivery:true; shipToHome:false"
"0078260516110","Kauai Coffee Vanilla Macadamia Nut Medium Roast Ground - 10 oz Bag","Kauai Coffee","8.99","10 oz","LOW","inStore:true; curbside:true; delivery:true; shipToHome:false"
"0076211179575","Starbucks® Pike Place Medium Roast Ground Coffee","Starbucks","12.99","12 oz","HIGH","inStore:true; curbside:true; delivery:true; shipToHome:false"
"0081008710488","Black Rifle Coffee Company Just Black Medium Roast Ground Coffee","Black Rifle Coffee Company","13.99","12 oz","LOW","inStore:true; curbside:true; delivery:true; shipToHome:false"
"0076211120625","Starbucks® Breakfast Blend Medium Roast Ground Coffee","Starbucks","12.99","12 oz","HIGH","inStore:true; curbside:true; delivery:true; shipToHome:false"
"0001291934269","Seattle's Best Coffee 6th Ave Bistro Dark Roast Organic Ground Coffee","Seattle's Best","9.79","10 oz","HIGH","inStore:true; curbside:true; delivery:true; shipToHome:false"
"0088133400046","Dunkin’ Original Blend Medium Roast Ground Coffee","Dunkin'","11.99","12 ounces","HIGH","inStore:true; curbside:true; delivery:true; shipToHome:false"
"0001111007474","Kroger® French Vanilla Light Roast K-Cup Coffee Pods","Kroger","4.99","12 ct","HIGH","inStore:true; curbside:true; delivery:true; shipToHome:false"
"0001111006345","Private Selection® Kona Blend Medium Roast Ground Coffee","Private Selection","15.79","20 oz","TEMPORARILY_OUT_OF_STOCK","inStore:true; curbside:true; delivery:true; shipToHome:false"
"0001111087711","Private Selection® Kona Blend Medium Roast Ground Coffee","Private Selection","9.49","12 oz","HIGH","inStore:true; curbside:true; delivery:true; shipToHome:false"
"0081006334299","Death Wish Coffee Co® Organic and Fair Trade Vanilla Flavored Ground Coffee","Death Wish Coffee","13.99","10 oz","HIGH","inStore:true; curbside:true; delivery:true; shipToHome:false"
"0001111010738","Kroger® Breakfast Blend Mild Roast Ground Coffee","Kroger","6.99","11 oz","HIGH","inStore:true; curbside:true; delivery:true; shipToHome:false"
"0076211162291","Starbucks® Single-Origin Sumatra Dark Roast Ground Coffee","Starbucks","12.99","12 oz","LOW","inStore:true; curbside:true; delivery:true; shipToHome:false"
"0001111007549","Kroger® Breakfast Blend Mild Roast K-Cup Coffee Pods","Kroger","4.99","12 ct","HIGH","inStore:true; curbside:true; delivery:true; shipToHome:false"
"0088133401102","Dunkin’ Original Blend Medium Roast Ground Coffee","Dunkin'","25.99","30 ounces","LOW","inStore:true; curbside:true; delivery:true; shipToHome:false"
"0001291912231","Seattle's Best Coffee Post Alley Dark Roast Ground Coffee","Seattle's Best","9.79","12 oz","HIGH","inStore:true; curbside:true; delivery:true; shipToHome:false"
"0004300007034","Maxwell House French Roast Dark Roast Ground Coffee","Maxwell House","15.49","25.6 oz","HIGH","inStore:true; curbside:true; delivery:true; shipToHome:false"
"0061124740816","The Original Donut Shop Regular Ground 12oz","The Original Donut Shop","14.99","12 oz","HIGH","inStore:true; curbside:true; delivery:true; shipToHome:false"
"0001111010742","FRENCH VANILLA NATURALLY AND ARTIFICIALLY FLAVORED 100% ARABICA COFFEE - KROGER - 11 OZ","Kroger","6.99","11 oz","HIGH","inStore:true; curbside:true; delivery:true; shipToHome:false"
"0001111012049","Kroger® Caramel Medium Roast Ground Coffee","Kroger","6.99","11 oz","HIGH","inStore:true; curbside:true; delivery:true; shipToHome:false"
"0001111010741","100% COLOMBIAN COFFEE - KROGER - 11 OZ","Kroger","6.99","11 oz","HIGH","inStore:true; curbside:true; delivery:true; shipToHome:false"
"0001111009723","Kroger® Donut Shop Blend Medium Roast Ground Coffee","Kroger","14.49","24 oz","HIGH","inStore:true; curbside:true; delivery:true; shipToHome:false"
"0001111001480","Kroger® 100% Colombian Medium Dark Roast Ground Coffee","Kroger","14.49","24 oz","HIGH","inStore:true; curbside:true; delivery:true; shipToHome:false"
"0085155200502","Death Wish Coffee Co.® Organic and Fair Trade Dark Roast Ground Coffee","Death Wish Coffee","21.49","16 oz","LOW","inStore:true; curbside:true; delivery:true; shipToHome:false"
"0081006334305","Death Wish Coffee® Organic Dark Roast Whole Bean Coffee","Death Wish Coffee","13.99","10 oz","HIGH","inStore:true; curbside:true; delivery:true; shipToHome:false"
"0081006334304","Death Wish Coffee Co® Dark Roast Ground Coffee","Death Wish","13.99","10 oz","HIGH","inStore:true; curbside:true; delivery:true; shipToHome:false"
"0061124740351","The Original Donut Shop Regular 10ct","The Original Donut Shop","10.49","10 ct","HIGH","inStore:true; curbside:true; delivery:true; shipToHome:false"
"0081011970427","Black Rifle® Wakin' the Neighbors™ High Caffeine Medium Roast Ground Coffee","Black Rifle Coffee Company","13.99","12 oz","TEMPORARILY_OUT_OF_STOCK","inStore:true; curbside:true; delivery:true; shipToHome:false"
"0002550030445","Folgers Colombian Ground Coffee, Medium Roast","Folgers","16.99","22.6 ounces","HIGH","inStore:true; curbside:true; delivery:true; shipToHome:false"
"0081008307071","Super Coffee® XXTRA™ Coffee + Energy Mocha","Super Coffee","3.49","15 fl oz","","inStore:false; curbside:false; delivery:false; shipToHome:false"
"0060491300490","La Colombe Coffee Vanilla Draft Latte Can","La Colombe","2.99","11 fl oz","","inStore:true; curbside:true; delivery:true; shipToHome:false"
"0081008307070","Super Coffee® XXTRA™ Coffee + Energy Vanilla","Super Coffee","3.49","15 fl oz","","inStore:false; curbside:false; delivery:false; shipToHome:false"
"0060491300491","La Colombe Coffee Caramel Draft Latte Can","La Colombe","2.99","11 fl oz","","inStore:false; curbside:false; delivery:false; shipToHome:false"
"0003570001855","Community Coffee® Cafe Special® Medium-Dark Roast Ground Coffee","Community Coffee","10.99","12 oz","TEMPORARILY_OUT_OF_STOCK","inStore:false; curbside:false; delivery:false; shipToHome:false"
"0085778600817","Cambio Roasters Colombian Roast Coffee in Recyclable Aluminum Pods, 10 Count","Cambio Roasters","8.99","10 count","HIGH","inStore:true; curbside:true; delivery:true; shipToHome:false"
"0060491300014","La Colombe Coffee Mocha Draft Latte Cans","La Colombe","10.99","4 pk / 9 fl oz","","inStore:false; curbside:false; delivery:false; shipToHome:false"
"0066350500021","Counter Culture Hologram Whole Bean Coffee","Counter Culture","17.49","12 oz","LOW","inStore:true; curbside:true; delivery:true; shipToHome:false"
"0001111014952","Kroger® Decaf Classic Medium Roast Ground Coffee","Kroger","14.49","29 oz","HIGH","inStore:true; curbside:true; delivery:true; shipToHome:false"
"0085320400759","Bizzy® Organic Breakfast Blend Ready to Drink Cold Brew Coffee","Bizzy","7.99","48 fl oz","","inStore:false; curbside:false; delivery:false; shipToHome:false"
"0001111002317","Simple Truth Organic® Decaf 100% Peruvian Medium Roast Ground Coffee","Simple Truth Organic","9.99","11 oz","HIGH","inStore:true; curbside:true; delivery:true; shipToHome:false"
"0007447101720","Café Bustelo, Espresso Style Dark Roast Ground Coffee","Cafe Bustelo","7.79","10 ounces","HIGH","inStore:true; curbside:true; delivery:true; shipToHome:false"
"0009955538663","Green Mountain Coffee Roasters™ Nantucket Blend® Medium Roast Ground Coffee","Green Mountain Coffee Roasters","14.99","12 oz","HIGH","inStore:true; curbside:true; delivery:true; shipToHome:false"
"0009955538700","Green Mountain Coffee Roasters™ Caramel Vanilla Cream Ground Coffee","Green Mountain Coffee Roasters","14.99","12 oz","HIGH","inStore:true; curbside:true; delivery:true; shipToHome:false"
"0007232304543","Don Francisco's Coffee® Vanilla Nut Medium Roast Ground Coffee","Don Francisco's Coffee","10.99","10 oz","HIGH","inStore:true; curbside:true; delivery:true; shipToHome:false"
"0007232304541","Don Francisco's Coffee® Hawaiian Hazelnut Flavor Medium Roast Ground Coffee","Don Francisco's Coffee","10.99","10 oz","HIGH","inStore:true; curbside:true; delivery:true; shipToHome:false"
"0066350500214","Counter Culture Coffee Forty-Six Whole Bean Coffee","Counter Culture","17.49","12 oz","TEMPORARILY_OUT_OF_STOCK","inStore:true; curbside:true; delivery:true; shipToHome:false"
"0087356200092","Wicked Joe® Wicked French® Organic Ground Coffee","Wicked Joe","16.99","12 oz","","inStore:false; curbside:false; delivery:false; shipToHome:false"
"0066350500206","Counter Culture Coffee Big Trouble™ Medium-Dark Roast Whole Bean Coffee","Counter Culture","17.49","12 oz","HIGH","inStore:true; curbside:true; delivery:true; shipToHome:false"
"0087356200090","Wicked Joe® Sumatra Medium Roast Organic Ground Coffee","Wicked Joe","16.99","12 oz","","inStore:false; curbside:false; delivery:false; shipToHome:false"
"0081570902133","Bulletproof™ The Mentalist™ Medium Dark Roast Ground Coffee","Bulletproof","15.79","12 oz","LOW","inStore:true; curbside:true; delivery:true; shipToHome:false"
"0085320400760","Bizzy® Organic Espresso Blend Ready to Drink Cold Brew Coffee","Bizzy","7.99","48 fl oz","","inStore:false; curbside:false; delivery:false; shipToHome:false"
"0081570902091","Bulletproof™ The Original Medium Roast Ground Coffee","Bulletproof","15.79","12 oz","LOW","inStore:true; curbside:true; delivery:true; shipToHome:false"
"0001111015707","Simple Truth® Protein 7 Superfood Mushroom Blend Instant Decaf Coffee","Simple Truth","25.99","8.5 oz","LOW","inStore:true; curbside:true; delivery:true; shipToHome:false"
"0081008710493","Black Rifle Coffee Company® Medium Roast Ground Coffee - Kodiak Attack","Black Rifle Coffee Company","13.99","12 oz","HIGH","inStore:true; curbside:true; delivery:true; shipToHome:false"
"0081008710570","Black Rifle Loyalty Light Roast Ground Coffee","Black Rifle Coffee Company","13.99","12 oz","HIGH","inStore:true; curbside:true; delivery:true; shipToHome:false"
"0081008710492","Black Rifle® Coffee Company Dark Roast Ground Coffee - Beyond Black","Black Rifle Coffee Company","13.99","12 oz","HIGH","inStore:true; curbside:true; delivery:true; shipToHome:false"
"0081008710491","Black Rifle® Coffee Company Dark Roast Ground Coffee - Tactisquatch","Black Rifle Coffee Company","13.99","12 oz","HIGH","inStore:true; curbside:true; delivery:true; shipToHome:false"
"0001111009059","Simple Truth Organic® 100% Peruvian Decaf Medium Roast Coffee Pods","Simple Truth Organic","7.99","12 ct","HIGH","inStore:true; curbside:true; delivery:true; shipToHome:false"
"0000000830187","Black Rifle® Coffee Company Beyond Black Dark Roast Ground Coffee","Black Rifle Coffee Company","25.18","24 oz","","inStore:false; curbside:false; delivery:false; shipToHome:false"
"0081363602065","Califia Farms Pure Black Blonde Roast Cold Brew Coffee","Califia Farms","5.99","48 fl oz","LOW","inStore:true; curbside:true; delivery:true; shipToHome:false"
"0081363602064","Califia Farms Pure Black Medium Roast Cold Brew Coffee","Califia Farms","5.99","48 fl oz","HIGH","inStore:true; curbside:true; delivery:true; shipToHome:false"
"0081008710494","Black Rifle® Coffee Company Medium Roast Ground Coffee - Spirit of '76","Black Rifle Coffee Company","13.99","12 oz","HIGH","inStore:true; curbside:true; delivery:true; shipToHome:false"
"0001111066212","Kroger® Mild Chipotle Crema Dip","Kroger","4.99","10 oz","LOW","inStore:true; curbside:true; delivery:true; shipToHome:false"
"0000000830189","Black Rifle® Coffee Company Tactisquatch Dark Roast Ground Coffee","Black Rifle Coffee Company","25.18","24 oz","","inStore:false; curbside:false; delivery:false; shipToHome:false"
"0000000830188","Black Rifle® Coffee Company Just Black Medium Roast Ground Coffee","Black Rifle Coffee Company","25.18","24 oz","","inStore:false; curbside:false; delivery:false; shipToHome:false"
"0002550030439","FOLGERS 22.6 OUNCE BLACK SILK Each","Folgers","16.99","22.6 ounces","HIGH","inStore:true; curbside:true; delivery:true; shipToHome:false"
"0061124740348","McCafé Premium Roast 10ct","McCafé","10.49","10 ct","HIGH","inStore:true; curbside:true; delivery:true; shipToHome:false"
"0001111003581","Simple Truth Organic® House Blend Medium Dark Roast Whole Bean Coffee","Simple Truth Organic","9.99","11 oz","HIGH","inStore:true; curbside:true; delivery:true; shipToHome:false"
"0085155200501","Death Wish Coffee Co® Dark Roast Single-Serve Coffee Pods","Death Wish","14.99","4.4 oz","LOW","inStore:true; curbside:true; delivery:true; shipToHome:false"
"0061124736764","Newman's Own Organics Newman's Special Blend Medium Roast K-Cup Coffee Pods","Newman's Own","25.99","32 ct","LOW","inStore:true; curbside:true; delivery:true; shipToHome:false"
"0001111010343","Simple Truth Organic® Mushroom Instant Coffee","Simple Truth Organic","11.99","2.12 oz","HIGH","inStore:true; curbside:true; delivery:true; shipToHome:false"
"0001111009003","Simple Truth Organic® 100% Columbian Medium Roast Coffe Pods","Simple Truth Organic","7.99","12 ct","HIGH","inStore:true; curbside:true; delivery:true; shipToHome:false"
"0066350500032","Counter Culture Fast Forward™ Organic Medium-Dark Roast Whole Bean Coffee","Counter Culture","17.49","12 oz","HIGH","inStore:true; curbside:true; delivery:true; shipToHome:false"
"0081006334300","Death Wish Coffee Co.® Vanilla Flavored Single-Serve Coffee Pods","Death Wish Coffee","14.99","10 ct","HIGH","inStore:true; curbside:true; delivery:true; shipToHome:false"
"0076211162287","Starbucks® Caffè Verona Dark Roast Ground Coffee","Starbucks","12.99","12 oz","HIGH","inStore:true; curbside:true; delivery:true; shipToHome:false"
"0076211162285","Starbucks® Italian Roast Dark Roast Ground Coffee","Starbucks","12.99","12 oz","HIGH","inStore:true; curbside:true; delivery:true; shipToHome:false"
"0002550030447","Folgers Black Silk Ground Coffee, Smooth Dark Roast Coffee","Folgers","20.99","33.7 ounces","LOW","inStore:true; curbside:true; delivery:true; shipToHome:false"
"0078535702358","Peet's Coffee, French Roast Organic Dark Roast Ground Coffee - 18oz Bag","Peet's®","18.99","18 oz","HIGH","inStore:true; curbside:true; delivery:true; shipToHome:false"
"0002550030443","Folgers Gourmet Supreme Ground Coffee, Medium-Dark Roast","Folgers","16.99","22.6 oz","HIGH","inStore:true; curbside:true; delivery:true; shipToHome:false"
"0002550030444","Folgers Half Caff Medium Roast Coffee","Folgers","16.99","22.6 ounces","HIGH","inStore:true; curbside:true; delivery:true; shipToHome:false"
"0078535702356","Peet's Coffee, Major Dickason's Dark Roast Ground Coffee - 18oz Bag","Peet's®","18.99","18 oz","HIGH","inStore:true; curbside:true; delivery:true; shipToHome:false"
"0001291912261","Seattle’s Best Coffee 6th Ave Bistro Dark Roast Ground Coffee","Seattle's Best","9.79","12 oz","HIGH","inStore:true; curbside:true; delivery:true; shipToHome:false"
"0002550030440","Folgers Breakfast Blend Ground Coffee, Mild Roast","Folgers","16.99","22.6 oz","HIGH","inStore:true; curbside:true; delivery:true; shipToHome:false"
"0076211162289","Starbucks® Decaf Caffè Verona Dark Roast Ground Coffee","Starbucks","12.99","12 oz","LOW","inStore:true; curbside:true; delivery:true; shipToHome:false"
"0002550030442","Folgers French Roast Ground Coffee, Medium-Dark Roast","Folgers","16.99","22.6 oz","LOW","inStore:true; curbside:true; delivery:true; shipToHome:false"
"0078535702350","Peet's Coffee, Major Dickason's Blend, Dark Roast Ground Coffee - 10.5oz Bag","Peet's®","13.99","10.5 oz","HIGH","inStore:true; curbside:true; delivery:true; shipToHome:false"
"0001291912211","Seattle’s Best Coffee Decaf Portside Medium Roast Ground Coffee","Seattle's Best","9.79","12 oz","HIGH","inStore:true; curbside:true; delivery:true; shipToHome:false"
"0001291912212","Seattle’s Best Coffee Portside Medium Roast Ground Coffee","Seattle's Best","9.79","12 oz","HIGH","inStore:true; curbside:true; delivery:true; shipToHome:false"
"0078535702552","Peet's Coffee, French Roast Dark Roast Ground Coffee - 10.5oz Bag","Peet's®","13.99","10.5 oz","TEMPORARILY_OUT_OF_STOCK","inStore:true; curbside:true; delivery:true; shipToHome:false"
"0004300009424","Maxwell House 100% Colombian Ground Coffee, Canister","Maxwell House","7.99","9.9 oz","HIGH","inStore:true; curbside:true; delivery:true; shipToHome:false"
"0001291901132","Seattle's Best Coffee Post Alley Dark Roast Ground Coffee","Seattle's Best","13.49","20 oz","TEMPORARILY_OUT_OF_STOCK","inStore:true; curbside:true; delivery:true; shipToHome:false"
"0076211193598","Starbucks® Mocha Flavored Ground Coffee","Starbucks","12.99","11 oz","HIGH","inStore:true; curbside:true; delivery:true; shipToHome:false"
"0001111014954","Kroger® Half Caff Light Roast Ground Coffee","Kroger","14.49","24 oz","HIGH","inStore:true; curbside:true; delivery:true; shipToHome:false"
"0001111014955","Kroger® Breakfast Blend Light Roast Ground Coffee","Kroger","14.49","24 oz","HIGH","inStore:true; curbside:true; delivery:true; shipToHome:false"
"0001111014956","Kroger® Master Blend Medium Roast Ground Coffee","Kroger","14.49","26.8 oz","HIGH","inStore:true; curbside:true; delivery:true; shipToHome:false"
"0002550030418","Folgers Classic Roast Ground Coffee, Medium Roast","Folgers","20.99","33.7 ounces","HIGH","inStore:true; curbside:true; delivery:true; shipToHome:false"
"0076211181056","Starbucks® Caramel Flavored Ground Coffee","Starbucks","12.99","11 oz","HIGH","inStore:true; curbside:true; delivery:true; shipToHome:false"
"0078535702248","Peet's Coffee, Decaffeinated Major Dickason's Blend Dark Roast Ground Coffee - 10.5oz Bag","Peet's®","13.99","10.5 oz","TEMPORARILY_OUT_OF_STOCK","inStore:true; curbside:true; delivery:true; shipToHome:false"
"0002550030411","Folgers House Blend Ground Coffee, Medium Roast","Folgers","16.99","25.9 ounces","HIGH","inStore:true; curbside:true; delivery:true; shipToHome:false"
"0001291900943","Seattle's Best Coffee 6th Ave Bistro Dark Roast Ground Coffee","Seattle's Best","13.49","20 oz","HIGH","inStore:true; curbside:true; delivery:true; shipToHome:false"
"0076211128784","Starbucks® French Roast Dark Roast Ground Coffee","Starbucks","18.99","18 oz","LOW","inStore:true; curbside:true; delivery:true; shipToHome:false"
"0078535702360","Peet's Coffee, Big Bang Medium Roast Ground Coffee - 18oz Bag","Peet's®","18.99","18 oz","TEMPORARILY_OUT_OF_STOCK","inStore:true; curbside:true; delivery:true; shipToHome:false"
"0076211128788","Starbucks® Pike Place Medium Roast Ground Coffee","Starbucks","18.99","18 oz","LOW","inStore:true; curbside:true; delivery:true; shipToHome:false"
"0004300004300","Gevalia French Roast Dark Roast Ground Coffee, Bag","Gevalia","12.99","12 oz","LOW","inStore:true; curbside:true; delivery:true; shipToHome:false"
"0001291964128","Seattle's Best Coffee Toasted Hazelnut Flavored Ground Coffee","Seattle's Best","9.79","11 oz","HIGH","inStore:true; curbside:true; delivery:true; shipToHome:false"
"0001111002343","Kroger® French Roast Dark Roast Ground Coffee","Kroger","14.49","24 oz","TEMPORARILY_OUT_OF_STOCK","inStore:true; curbside:true; delivery:true; shipToHome:false"
"0004195307506","LavAzza Dolcevita Classico Medium Roast Ground Coffee","LavAzza","12.99","12 oz","LOW","inStore:true; curbside:true; delivery:true; shipToHome:false"
"0088133400047","Dunkin’ French Vanilla Artificially Flavored Ground Coffee","Dunkin' Donuts","11.99","12 ounces","LOW","inStore:true; curbside:true; delivery:true; shipToHome:false"
"0004195300352","LavAzza Espresso Italiano Medium Roast Ground Coffee","LavAzza","12.99","10.5 oz","HIGH","inStore:true; curbside:true; delivery:true; shipToHome:false"
"0004195307507","LavAzza House Blend Perfetto Medium Roast Ground Coffee","LavAzza","12.99","12 oz","LOW","inStore:true; curbside:true; delivery:true; shipToHome:false"
"0004300007103","Maxwell House Half Caff Medium Roast Ground Coffee","Maxwell House","15.49","25.6 oz","LOW","inStore:true; curbside:true; delivery:true; shipToHome:false"
"0001291927263","Seattle's Best Coffee Lighthouse Light Roast Ground Coffee","Seattle's Best","9.79","12 oz","HIGH","inStore:true; curbside:true; delivery:true; shipToHome:false"
"0076211120613","Starbucks® French Roast Dark Roast Ground Coffee","Starbucks","12.99","12 oz","LOW","inStore:true; curbside:true; delivery:true; shipToHome:false"
"0001291901254","Seattle's Best Coffee Henry's Blend Dark Roast Ground Coffee","Seattle's Best","9.79","12 oz","HIGH","inStore:true; curbside:true; delivery:true; shipToHome:false"
"0076211120611","Starbucks® Single-Origin Colombia Medium Roast Ground Coffee","Starbucks","12.99","12 oz","HIGH","inStore:true; curbside:true; delivery:true; shipToHome:false"
"0002550030432","Folgers Colombian Ground Coffee, Medium Roast","Folgers","9.49","9.6 ounces","HIGH","inStore:true; curbside:true; delivery:true; shipToHome:false"
"0001111002336","Kroger® Special Roast Medium Roast Ground Coffee","Kroger","14.49","29 oz","HIGH","inStore:true; curbside:true; delivery:true; shipToHome:false"
"0001111010740","PREMIUM DECAFFEINATED COFFEE BLEND - KROGER - 11 OZ","Kroger","6.99","11 oz","HIGH","inStore:true; curbside:true; delivery:true; shipToHome:false"
"0004300009410","Yuban Traditional Roast Ground Coffee, Canister","Yuban","15.49","27.9 oz","HIGH","inStore:true; curbside:true; delivery:true; shipToHome:false"
"0004300007035","Maxwell House Breakfast Blend Mild Roast Ground Coffee, Canister","Maxwell House","15.49","25.6 oz","HIGH","inStore:true; curbside:true; delivery:true; shipToHome:false"
"0004300009414","Maxwell House Original Roast Ground Coffee, Canister","Maxwell House","7.99","10.3 oz","HIGH","inStore:true; curbside:true; delivery:true; shipToHome:false"
"0004300007032","Maxwell House Master Blend Mild Roast Ground Coffee, Canister","Maxwell House","15.49","26.8 oz","HIGH","inStore:true; curbside:true; delivery:true; shipToHome:false"
"0076211120609","Starbucks® Decaf House Blend Medium Roast Ground Coffee","Starbucks","12.99","12 oz","LOW","inStore:true; curbside:true; delivery:true; shipToHome:false"
"0076211193446","Starbucks® Decaf Pike Place Medium Roast Ground Coffee","Starbucks","12.99","12 oz","LOW","inStore:true; curbside:true; delivery:true; shipToHome:false"
"0007447194528","Café Bustelo Medium Roast Ground Coffee","Cafe Bustelo","11.99","11 ounces","TEMPORARILY_OUT_OF_STOCK","inStore:true; curbside:true; delivery:true; shipToHome:false"
"0076211162281","Starbucks® Morning Joe Dark Roast Ground Coffee","Starbucks","12.99","12 oz","LOW","inStore:true; curbside:true; delivery:true; shipToHome:false"
"0081570902551","Bulletproof™ The High Achiever™ Coffee Ground","Bulletproof","15.79","10 oz","TEMPORARILY_OUT_OF_STOCK","inStore:true; curbside:true; delivery:true; shipToHome:false"
"0078535702554","Peet's Coffee, House Blend Dark Roast Ground Coffee - 10.5oz Bag","Peet's®","13.99","10.5 oz","LOW","inStore:true; curbside:true; delivery:true; shipToHome:false"
"0078535702559","Peet's Coffee, Luminosa Breakfast Blend, Light Roast Ground Coffee - 10.5oz Bag","Peet's®","13.99","10.5 oz","HIGH","inStore:true; curbside:true; delivery:true; shipToHome:false"
"0001111009758","Private Selection® Caramel Truffle Medium Roast Ground Coffee","Private Selection","15.79","20 oz","HIGH","inStore:true; curbside:true; delivery:true; shipToHome:false"
"0001114110237","Eight O' Clock Colombian Peak Ground Coffee 10.5 oz","Eight O'Clock","8.99","10.5 oz","HIGH","inStore:true; curbside:true; delivery:true; shipToHome:false"
"0001111009750","Private Selection® Breakfast Blend Medium-Dark Roast Ground Coffee","Private Selection","9.49","12 oz","HIGH","inStore:true; curbside:true; delivery:true; shipToHome:false"
"0001111015005","Kroger® Bold Satin Dark Roast Ground Coffee","Kroger","14.49","24 oz","HIGH","inStore:true; curbside:true; delivery:true; shipToHome:false"
"0001111015006","Kroger® Mercado Cuban Style Espresso Ground Coffee","Kroger Mercado","14.49","22 oz","LOW","inStore:true; curbside:true; delivery:true; shipToHome:false"
"0076211199617","Starbucks® Sunsera Blend Light Roast Ground Coffee","Starbucks","12.99","12 oz","LOW","inStore:true; curbside:true; delivery:true; shipToHome:false"
"0004300004297","Gevalia Decaf House Blend Medium Roast Ground Coffee","Gevalia","12.99","12 oz","HIGH","inStore:true; curbside:true; delivery:true; shipToHome:false"
"0004300004296","Gevalia Traditional Roast Light Roast Ground Coffee","Gevalia","12.99","12 oz","HIGH","inStore:true; curbside:true; delivery:true; shipToHome:false"
"0006320900992","Tim Horton's® Original Blend Medium Roast Ground Coffee","Tim Horton's","12.49","12 oz","LOW","inStore:true; curbside:true; delivery:true; shipToHome:false"
"0001111009746","Private Selection® Mocha Latte Medium Roast Ground Coffee","Private Selection","9.49","12 oz","TEMPORARILY_OUT_OF_STOCK","inStore:false; curbside:false; delivery:false; shipToHome:false"
"0001111009747","Private Selection® Caramel Truffle Medium Roast Ground Coffee","Private Selection","9.49","12 oz","HIGH","inStore:true; curbside:true; delivery:true; shipToHome:false"
"0076211181059","Starbucks® Vanilla Flavored Ground Coffee","Starbucks","12.99","11 oz","HIGH","inStore:true; curbside:true; delivery:true; shipToHome:false"
"0007447104238","Café Bustelo Dark Roast Ground Coffee","Cafe Bustelo","11.99","11 ounces","HIGH","inStore:true; curbside:true; delivery:true; shipToHome:false"
"0076211128786","Starbucks® Caffè Verona Dark Roast Ground Coffee","Starbucks","18.99","18 oz","LOW","inStore:true; curbside:true; delivery:true; shipToHome:false"
"0088133401645","Dunkin’ French Vanilla Artificially Flavored Ground Coffee","Dunkin'","17.79","18 oz","HIGH","inStore:true; curbside:true; delivery:true; shipToHome:false"
"0076211128785","Starbucks® Single-Origin Sumatra Dark Roast Ground Coffee","Starbucks","18.99","18 oz","TEMPORARILY_OUT_OF_STOCK","inStore:true; curbside:true; delivery:true; shipToHome:false"
"0001111012028","Private Selection® Decaf Swiss Water® Process Medium Roast Ground Coffee","Private Selection","9.49","12 oz","HIGH","inStore:false; curbside:false; delivery:false; shipToHome:false"
"0088133400279","Dunkin’ Colombian Medium Roast Ground Coffee","Dunkin'","11.99","11 ounces","TEMPORARILY_OUT_OF_STOCK","inStore:false; curbside:false; delivery:false; shipToHome:false"
"0076211128787","Starbucks® Italian Roast Dark Roast Ground Coffee","Starbucks","18.99","18 oz","LOW","inStore:true; curbside:true; delivery:true; shipToHome:false"
"0088133401646","Dunkin’ Hazelnut Artificially Flavored Ground Coffee","Dunkin'","17.79","18 ounces","LOW","inStore:true; curbside:true; delivery:true; shipToHome:false"
"0078535702560","Peet's Coffee, French Roast Dark Roast Ground Coffee - 18oz Bag","Peet's®","18.99","18 oz","LOW","inStore:true; curbside:true; delivery:true; shipToHome:false"
"0004300004301","Gevalia Colombia Medium Roast Ground Coffee, Bag","Gevalia","12.99","12 oz","LOW","inStore:true; curbside:true; delivery:true; shipToHome:false"
"0076211125834","Starbucks® French Roast Dark Roast Ground Coffee","Starbucks","27.99","28 oz","LOW","inStore:true; curbside:true; delivery:true; shipToHome:false"
"0076211125835","Starbucks® Caffè Verona Dark Roast Ground Coffee","Starbucks","27.99","28 oz","TEMPORARILY_OUT_OF_STOCK","inStore:true; curbside:true; delivery:true; shipToHome:false"
"0076211125836","Starbucks® Pike Place Medium Roast Ground Coffee","Starbucks","27.99","28 oz","TEMPORARILY_OUT_OF_STOCK","inStore:true; curbside:true; delivery:true; shipToHome:false"
"0076211125837","Starbucks® Breakfast Blend Medium Roast Ground Coffee","Starbucks","27.99","28 oz","LOW","inStore:true; curbside:true; delivery:true; shipToHome:false"
"0002550098181","Folgers French Vanilla Artificially Flavored Ground Coffee, Medium Roast","Folgers","10.99","9.6 ounces","TEMPORARILY_OUT_OF_STOCK","inStore:false; curbside:false; delivery:false; shipToHome:false"
"0001114110781","Eight O' Clock The Original Ground Coffee 18 oz","Eight O'Clock","13.99","18 oz","LOW","inStore:true; curbside:true; delivery:true; shipToHome:false"
"0001114110780","Eight O' Clock Original Ground Coffee 11 oz","Eight O'Clock","8.99","11 oz","HIGH","inStore:true; curbside:true; delivery:true; shipToHome:false"
"0002550030425","Folgers Black Silk Ground Coffee, Smooth Dark Roast Coffee","Folgers","10.99","9.6 ounces","HIGH","inStore:true; curbside:true; delivery:true; shipToHome:false"
"0088133401292","Dunkin’ Colombian Medium Roast Ground Coffee","Dunkin'","25.99","27.5 oz","LOW","inStore:true; curbside:true; delivery:true; shipToHome:false"
"0073341190039","Illy® Caffè Classico Medium Roast Ground Coffee","illy","19.99","8.8 oz","LOW","inStore:true; curbside:true; delivery:true; shipToHome:false"
"0076211128791","Starbucks® Veranda Blend Light Roast Ground Coffee","Starbucks","18.99","18 oz","HIGH","inStore:true; curbside:true; delivery:true; shipToHome:false"
"0076211128790","Starbucks® Breakfast Blend Medium Roast Ground Coffee","Starbucks","18.99","18 oz","HIGH","inStore:true; curbside:true; delivery:true; shipToHome:false"
"0078535702613","Peet's Coffee, Big Bang Decaffeinated Medium Roast Ground Coffee - 10.5oz Bag","Peet's®","13.99","10.5 oz","LOW","inStore:true; curbside:true; delivery:true; shipToHome:false"
"0076211152983","Starbucks® Half Caff House Blend Medium Roast Ground Coffee","Starbucks","12.99","12 oz","LOW","inStore:true; curbside:true; delivery:true; shipToHome:false"
"0088133400049","Dunkin’ Hazelnut Artificially Flavored Ground Coffee","Dunkin'","11.99","12 ounces","LOW","inStore:true; curbside:true; delivery:true; shipToHome:false"
"0004195307505","LavAzza Costiera Gran Aroma Light Roast Ground Coffee","LavAzza","12.99","12 oz","HIGH","inStore:true; curbside:true; delivery:true; shipToHome:false"
"0088133400249","Dunkin’ Caramel Me Crazy Ground Coffee","Dunkin'","11.99","11 ounces","LOW","inStore:true; curbside:true; delivery:true; shipToHome:false"
"0073341100007","Illy® Caffè Classico Illy Blend™ Medium Roast Ground Espresso Ground Coffee","illy","19.99","8.8 oz","TEMPORARILY_OUT_OF_STOCK","inStore:false; curbside:false; delivery:false; shipToHome:false"
"0076211101439","Starbucks® Cinnamon Dolce Flavored Ground Coffee","Starbucks","12.99","11 oz","TEMPORARILY_OUT_OF_STOCK","inStore:true; curbside:true; delivery:true; shipToHome:false"
"0001114110296","Eight O' Clock Hazelnut Ground Coffee 10 oz","Eight O'Clock","8.99","10 oz","HIGH","inStore:false; curbside:false; delivery:false; shipToHome:false"
"0001066807502","Cameron's Coffee Bag, Flavored, Toasted Southern Pecan Light Roast Ground Coffee","Cameron's","9.79","12 oz","HIGH","inStore:true; curbside:true; delivery:true; shipToHome:false"
"0001111003229","Private Selection® Highlander Grogg Medium Roast Ground Coffee","Private Selection","9.49","12 oz","HIGH","inStore:true; curbside:true; delivery:true; shipToHome:false"
"0061124740936","McCafe Premium Medium Roast Ground Coffee","McCafé","29.49","30 oz","LOW","inStore:true; curbside:true; delivery:true; shipToHome:false"
"0061124740470","Green Mountain Coffee Roasters Nantucket Blend 10ct","Green Mountain Coffee Roasters","10.49","10 ct","HIGH","inStore:true; curbside:true; delivery:true; shipToHome:false"
"0076211157171","Starbucks® Smoked Butterscotch Flavored Ground Coffee, Smoked Butterscotch Coffee, Fall Flavors","Starbucks","18.99","17 oz","TEMPORARILY_OUT_OF_STOCK","inStore:false; curbside:false; delivery:false; shipToHome:false"
"0081011970464","Black Rifle® Coffee Company Tactisquatch® Dark Roast K-Cup® Coffee Pods","Black Rifle Coffee Company","11.99","12 ct","HIGH","inStore:true; curbside:true; delivery:true; shipToHome:false"
"0081008710789","Black Rifle® Coffee Company Vanilla Bomb™ Coffee Pods","Black Rifle Coffee Company","11.99","12 ct","LOW","inStore:true; curbside:true; delivery:true; shipToHome:false"
"0061124740353","Green Mountain Coffee Roasters Breakfast Blend 10ct","Green Mountain Coffee Roasters","10.49","10 ct","HIGH","inStore:true; curbside:true; delivery:true; shipToHome:false"
"0061124740473","Green Mountain Coffee Roasters Brown Sugar Crumble Medium Roast K-Cup Coffee Pods","Green Mountain Coffee Roasters","10.49","10 ct","HIGH","inStore:true; curbside:true; delivery:true; shipToHome:false"
"0001111016410","Highlander Grogg Coffee - Private Selection - 12 Oz","Private Selection","9.49","12 oz","HIGH","inStore:true; curbside:true; delivery:true; shipToHome:false"
"0061124740355","Green Mountain Coffee Roasters Dark Magic 10ct","Green Mountain Coffee Roasters","10.49","10 ct","HIGH","inStore:true; curbside:true; delivery:true; shipToHome:false"
"0061124740476","Green Mountain Coffee Roasters Vermont Country Blend Medium Roast K-Cup Coffee Pods","Green Mountain Coffee Roasters","10.49","10 ct","HIGH","inStore:true; curbside:true; delivery:true; shipToHome:false"
"0002550000195","Folgers Simply Smooth Ground Coffee, Mild Roast Coffee","Folgers","16.99","23 ounces","HIGH","inStore:true; curbside:true; delivery:true; shipToHome:false"
"0006320900990","Decaf, Medium Roast Ground Coffee, Fine Grind, 12oz Bag","Tim Horton's","12.49","12 oz","HIGH","inStore:true; curbside:true; delivery:true; shipToHome:false"
"0078260516360","Kauai Coffee 10-Count Garden Isle Medium Roast Coffee K-Cups","Kauai Coffee","9.99","10 ct","HIGH","inStore:true; curbside:true; delivery:true; shipToHome:false"
"0001066807522","Cameron's Coffee Light Roast Hawaiian Blend Ground Coffee","Cameron's","9.79","10 oz","HIGH","inStore:true; curbside:true; delivery:true; shipToHome:false"
"0061124740445","Green Mountain Coffee Roasters® Black Granite™ Espresso Style Dark Roast K-Cup® Pods","Green Mountain Coffee Roasters","10.49","10 ct","LOW","inStore:true; curbside:true; delivery:true; shipToHome:false"
"0078535702841","Peet's Coffee, Middle Ground Half Caffeine Medium Roast Ground Coffee - 10.5oz Bag","Peet's®","13.99","10.5 oz","TEMPORARILY_OUT_OF_STOCK","inStore:true; curbside:true; delivery:true; shipToHome:false"
"0006320907232","Tim Hortons® Dark Roast Ground Coffee","Tim Horton's","12.49","12 oz","TEMPORARILY_OUT_OF_STOCK","inStore:true; curbside:true; delivery:true; shipToHome:false"
"0061124740452","Green Mountain Coffee Roasters Caramel Vanilla Cream Light Roast K-Cup Coffee Pods","Green Mountain Coffee Roasters","10.49","10 ct","HIGH","inStore:true; curbside:true; delivery:true; shipToHome:false"
"0061124740450","Green Mountain Coffee Roasters Breakfast Blend Decaf Light Roast K-Cup Coffee Pods","Green Mountain Coffee Roasters","10.49","10 ct","HIGH","inStore:true; curbside:true; delivery:true; shipToHome:false"
"0001111016399","Kroger® Cinnamon Donut Medium Roast Ground Coffee","Kroger","6.99","11 oz","TEMPORARILY_OUT_OF_STOCK","inStore:true; curbside:true; delivery:true; shipToHome:false"
"0061124740455","Green Mountain Coffee Dark Magic Decaf Dark Roast K-Cup Coffee Pods","Green Mountain Coffee Roasters","10.49","10 ct","HIGH","inStore:true; curbside:true; delivery:true; shipToHome:false"
"0007447142425","Café Bustelo® Ground Coffee - Vanilla Horchata","Cafe Bustelo","11.99","11 oz","HIGH","inStore:true; curbside:true; delivery:true; shipToHome:false"
"0061124740458","Green Mountain Coffee Roasters French Vanilla 10ct","Green Mountain Coffee Roasters","10.49","10 ct","HIGH","inStore:true; curbside:true; delivery:true; shipToHome:false"
"0081014015162","Black Rifle® Coffee Company Spirit of '76 Medium Roast Coffee Pods","Black Rifle Coffee Company","11.99","12 ct","LOW","inStore:true; curbside:true; delivery:true; shipToHome:false"
"0061124736757","Green Mountain Coffee Roasters Hazelnut Light Roast K-Cup Coffee Pods","Green Mountain Coffee Roasters","25.99","32 ct","LOW","inStore:true; curbside:true; delivery:true; shipToHome:false"
"0061124740409","Green Mountain Coffee Roasters Horizon Blend By Kevin Costner Dark Roast K-Cup® Coffee Pods","Green Mountain Coffee Roasters","10.49","10 ct","HIGH","inStore:true; curbside:true; delivery:true; shipToHome:false"
"0004195307508","LavAzza Italian Roast Extra Dark Roast Ground Coffee","LavAzza","12.99","12 oz","TEMPORARILY_OUT_OF_STOCK","inStore:true; curbside:true; delivery:true; shipToHome:false"
"0000000834105","Kroger® 100% Columbian Coffee x 2","Kroger","26.08","2x 24 oz","","inStore:false; curbside:false; delivery:false; shipToHome:false"
"0081008710772","Black Rifle® Coffee Company Just Black® Medium Roast K-Cup® Coffee Pods","Black Rifle Coffee Company","11.99","12 ct","HIGH","inStore:true; curbside:true; delivery:true; shipToHome:false"
"0078260516364","Kauai Coffee Single Serve Coffee Island Sunrise 10Ct","Kauai Coffee","9.99","10 ct","HIGH","inStore:true; curbside:true; delivery:true; shipToHome:false"
"0061124736759","Green Mountain Coffee Roasters Breakfast Blend Decaf Light Roast K-Cup Coffee Pods","Green Mountain Coffee Roasters","25.99","32 ct","LOW","inStore:true; curbside:true; delivery:true; shipToHome:false"
"0078260516368","Kauai Coffee Single Serve Coffee Dark Roast 10Ct","Kauai Coffee","9.99","10 ct","HIGH","inStore:true; curbside:true; delivery:true; shipToHome:false"
"0061124736758","Green Mountain Coffee Roasters Caramel Vanilla Cream Light Roast K-Cup Coffee Pods","Green Mountain Coffee Roasters","25.99","32 ct","HIGH","inStore:true; curbside:true; delivery:true; shipToHome:false"
"0061124740460","Green Mountain Coffee Roasters Colombia Select Medium Roast K-Cup Coffee Pods","Green Mountain Coffee Roasters","10.49","10 ct","HIGH","inStore:true; curbside:true; delivery:true; shipToHome:false"
"0001111016521","Caramel Truffle Ground Large Bag Coffee - Private Selection - 20 Oz","Private Selection","15.79","20 oz","LOW","inStore:true; curbside:true; delivery:true; shipToHome:false"
"0061124740462","Green Mountain Coffee Roasters Wild Mountain Blueberry Light Roast K-Cup Coffee Pods","Green Mountain Coffee Roasters","10.49","10 ct","LOW","inStore:true; curbside:true; delivery:true; shipToHome:false"
"0061124736760","Green Mountain Coffee Roaster Dark Magic Keurig Single-Serve K-Cup Pods, Dark Roast Coffee, 32 Count","Green Mountain Coffee Roasters","25.99","32 ct","HIGH","inStore:true; curbside:true; delivery:true; shipToHome:false"
"0004300005534","McCafe Premium Roast Decaf, Ground Coffee, Decaffeinated, 12oz Bagged","McCafé","12.99","12 oz","HIGH","inStore:true; curbside:true; delivery:true; shipToHome:false"
"0061124740467","Green Mountain Coffee Roasters Hazelnut 10ct","Green Mountain Coffee Roasters","10.49","10 ct","HIGH","inStore:true; curbside:true; delivery:true; shipToHome:false"
"0076211147039","Starbucks® Fall Blend Ground Coffee Medium Roast, Spice & Chestnut, Limited Edition Fall Flavors","Starbucks","18.99","17 oz","TEMPORARILY_OUT_OF_STOCK","inStore:false; curbside:false; delivery:false; shipToHome:false"
"0004300005535","McCafe Premium Roast, Ground Coffee, Medium Roast, 12oz. Bagged","McCafé","12.99","12 oz","HIGH","inStore:true; curbside:true; delivery:true; shipToHome:false"
"0061124740466","Green Mountain Coffee Roasters Half Caff Medium Roast K-Cup Coffee Pods","Green Mountain Coffee Roasters","10.49","10 ct","HIGH","inStore:true; curbside:true; delivery:true; shipToHome:false"
"0061124740937","McCafe Colombian Medium Roast Ground Coffee","McCafé","29.49","30 oz","LOW","inStore:true; curbside:true; delivery:true; shipToHome:false"
"0061124736762","Green Mountain Coffee Roasters Breakfast Blend Keurig K-Cup Pods, Light Roast Coffee, 32 Count","Green Mountain Coffee Roasters","25.99","32 ct","HIGH","inStore:true; curbside:true; delivery:true; shipToHome:false"
"0061124736761","Green Mountain Coffee Nantucket Blend Keurig Single-Serve K-Cup Pods, Medium Roast Coffee, 32 Count","Green Mountain Coffee Roasters","25.99","32 ct","LOW","inStore:true; curbside:true; delivery:true; shipToHome:false"
"0004300005533","McCafé® Breakfast Blend Light Roast Ground Coffee","UR","12.99","12 oz","HIGH","inStore:true; curbside:true; delivery:true; shipToHome:false"
"0001111016401","Kroger® Mercado Cuban Style Espresso Dark Roast Ground Coffee","Kroger","6.99","11 oz","TEMPORARILY_OUT_OF_STOCK","inStore:true; curbside:true; delivery:true; shipToHome:false"
"0001111016404","Breakfast Blend Medium-Dark Roast Ground Coffee - Private Selection - 12 Oz","Private Selection","9.49","12 oz","LOW","inStore:true; curbside:true; delivery:true; shipToHome:false"
"0001111016406","Mocha Latte Naturally & Artificially Flavored Coffee - Private Selection - 12 Oz","Private Selection","9.49","12 oz","HIGH","inStore:true; curbside:true; delivery:true; shipToHome:false"
"0061124738703","Green Mountain Coffee Roasters Half- Caff Medium Roast K-Cup Coffee Pods","Green Mountain Coffee Roasters","25.99","32 ct","LOW","inStore:true; curbside:true; delivery:true; shipToHome:false"
"0001111016407","Caramel Truffle Coffee - Private Selection - 12 Oz","Private Selection","9.49","12 oz","HIGH","inStore:true; curbside:true; delivery:true; shipToHome:false"
"0005000091492","Coffee Mate Brown Butter Chocolate Chip Cookie Coffee Creamer","Coffee mate","4.49","32 fl oz","HIGH","inStore:true; curbside:true; delivery:true; shipToHome:false"
"0085000704222","Super Coffee® Caramel Latte","Super Coffee","3.69","12 fl oz","","inStore:false; curbside:false; delivery:false; shipToHome:false"
"0081008710547","Black Rifle® Coffee Company Just Black® Medium Roast K-Cup® Pods","Black Rifle Coffee Company","19.99","22 ct","LOW","inStore:true; curbside:true; delivery:true; shipToHome:false"
"0005000012078","Coffee mate Vanilla Bean Flavored Coffee Creamer Non-Dairy Gluten-Free","Coffee mate","4.49","32 fl oz","HIGH","inStore:true; curbside:true; delivery:true; shipToHome:false"
"0005000014578","Coffee Mate Italian Sweet Crème Flavored Coffee Creamer Zero Added Sugar Gluten-Free","Coffee mate","4.49","32 fl oz","HIGH","inStore:true; curbside:true; delivery:true; shipToHome:false"
"0005000039879","Coffee mate Zero Sugar Italian Sweet Creme Liquid Coffee Creamer","Coffee mate","7.49","64 fl oz","LOW","inStore:true; curbside:true; delivery:true; shipToHome:false"
"0005000088680","Coffee Mate Coconut Crème Flavored Coffee Creamer Non-Dairy Gluten-Free","Coffee mate","4.49","32 fl oz","LOW","inStore:true; curbside:true; delivery:true; shipToHome:false"
"0061124735007","Green Mountain Coffee Roasters Caramel Vanilla Cream Light Roast K-Cup Coffee Pods","Green Mountain Coffee Roasters","33.99","48 ct","TEMPORARILY_OUT_OF_STOCK","inStore:true; curbside:true; delivery:true; shipToHome:false"
"0005000032275","Coffee Mate French Vanilla Flavored Coffee Creamer Non-Dairy Gluten-Free","Coffee mate","4.49","32 fl oz","HIGH","inStore:true; curbside:true; delivery:true; shipToHome:false"
"0005000038825","Coffee Mate Sugar Free French Vanilla Powdered Coffee Creamer","Coffee mate","5.99","10.2 oz","HIGH","inStore:true; curbside:true; delivery:true; shipToHome:false"
"0086589100015","Super Coffee® Mocha Latte","Super Coffee","3.69","12 fl oz","","inStore:false; curbside:false; delivery:false; shipToHome:false"
"0005000035022","Coffee mate French Vanilla Flavored Coffee Creamer Non-Dairy Gluten-Free","Coffee mate","7.49","64 fl oz","HIGH","inStore:true; curbside:true; delivery:true; shipToHome:false"
"0086589100014","Super Coffee® Vanilla Latte","Super Coffee","3.69","12 fl oz","","inStore:false; curbside:false; delivery:false; shipToHome:false"
"0005000097155","Coffee Mate French Vanilla Powder Coffee Creamer","Coffee mate","7.49","30 oz","HIGH","inStore:true; curbside:true; delivery:true; shipToHome:false"
"0005000084808","Coffee mate Zero Sugar Hazelnut Flavored Liquid Coffee Creamer","Coffee mate","4.49","32 fl oz","LOW","inStore:true; curbside:true; delivery:true; shipToHome:false"
"0081011970475","Black Rifle Coffee Company Vanilla Bomb Cold Brew Concentrate","Black Rifle Coffee Company","10.99","32 fl oz","HIGH","inStore:true; curbside:true; delivery:true; shipToHome:false"
"0081011970474","Black Rifle Coffee Company Just Black Cold Brew Concentrate","Black Rifle Coffee Company","10.99","32 fl oz","HIGH","inStore:true; curbside:true; delivery:true; shipToHome:false"
"0005000089984","Coffee Mate Snickers Coffee Creamer","Coffee mate","4.49","32 fl oz","HIGH","inStore:true; curbside:true; delivery:true; shipToHome:false"
"0005000091623","Coffee mate Caramel Flavored Coffee Creamer Non-Dairy Gluten-Free","Coffee mate","4.49","32 fl oz","LOW","inStore:true; curbside:true; delivery:true; shipToHome:false"
"0005000084811","Coffee mate Zero Sugar French Vanilla Flavored Liquid Coffee Creamer","Coffee mate","4.49","32 fl oz","LOW","inStore:true; curbside:true; delivery:true; shipToHome:false"
"0005000059244","Nestle Coffee mate Original Liquid Coffee Creamer Singles","Coffee mate","6.99","18 fl oz","HIGH","inStore:true; curbside:true; delivery:true; shipToHome:false"
"0005000088610","Coffee mate Peppermint Mocha Flavored Coffee Creamer Non-Dairy Gluten-Free 63 Servings","Coffee mate","4.49","32 fl oz","HIGH","inStore:true; curbside:true; delivery:true; shipToHome:false"
"0005000030162","Nestle Coffee mate Original Powdered Coffee Creamer","Coffee mate","5.79","16 oz","HIGH","inStore:true; curbside:true; delivery:true; shipToHome:false"
"0005000049725","Coffee mate Zero Sugar French Vanilla Liquid Coffee Creamer","Coffee mate","7.49","64 fl oz","LOW","inStore:true; curbside:true; delivery:true; shipToHome:false"
"0061124736474","Green Mountain Coffee Roasters Nantucket Blend Medium Roast K-Cup Coffee Pods","Green Mountain Coffee Roasters","33.99","48 ct","LOW","inStore:true; curbside:true; delivery:true; shipToHome:false"
"0081014015163","Black Rifle Loyalty Light Roast K-Cup Coffee Pods","Black Rifle Coffee Company","11.99","12 ct","HIGH","inStore:true; curbside:true; delivery:true; shipToHome:false"
"0005000036938","NESTLE COFFEE MATE NATURAL BLISS Liquid Creamer Chai Vanilla","Coffee mate","5.49","32floz","HIGH","inStore:true; curbside:true; delivery:true; shipToHome:false"
"0081014015164","Black Rifle Coffee Company Beyond Black Dark Roast Coffee Pods","Black Rifle Coffee Company","11.99","12 ct","LOW","inStore:true; curbside:true; delivery:true; shipToHome:false"
"0005000032852","Coffee Mate The Original Coffee Creamer","Coffee mate","7.49","64 fl oz","HIGH","inStore:true; curbside:true; delivery:true; shipToHome:false"
"0005000059135","Coffee mate Zero Sugar Chocolate Caramel Liquid Coffee Creamer","Coffee mate","4.49","32 fl oz","HIGH","inStore:true; curbside:true; delivery:true; shipToHome:false"
"0081008710490","Black Rifle® Coffee Company Tactisquatch® Dark Roast K-Cup® Pods","Black Rifle Coffee Company","19.99","22 ct","LOW","inStore:true; curbside:true; delivery:true; shipToHome:false"
"0005000032290","Coffee mate Hazelnut Flavored Coffee Creamer Non-Dairy Gluten-Free","Coffee mate","4.49","32 fl oz","TEMPORARILY_OUT_OF_STOCK","inStore:true; curbside:true; delivery:true; shipToHome:false"
"0000000830186","Black Rifle® Coffee Company Tactisquatch™ Dark Roast K-Cup Coffee Pods","Black Rifle Coffee Company","32.37","36 ct","","inStore:false; curbside:false; delivery:false; shipToHome:false"
"0000000830185","Black Rifle® Coffee Company Just Black® Medium Roast K-Cup Coffee Pods","Black Rifle Coffee Company","32.37","36 ct","","inStore:false; curbside:false; delivery:false; shipToHome:false"
"0000000830184","Black Rifle® Coffee Company Beyond Black® Dark Roast K-Cup Coffee Pods","Black Rifle Coffee Company","32.37","36 ct","","inStore:false; curbside:false; delivery:false; shipToHome:false"
"0009955515170","Green Mountain Coffee Roasters Breakfast Blend Light Roast K-Cup Coffee Pods","Green Mountain Coffee Roasters","33.99","48 ct","LOW","inStore:true; curbside:true; delivery:true; shipToHome:false"
"0005000060535","Coffee mate Italian Sweet Crème Flavored Coffee Creamer Gluten-Free","Coffee mate","7.49","64 fl oz","LOW","inStore:true; curbside:true; delivery:true; shipToHome:false"
"0009955515171","Green Mountain Coffee Roasters Dark Magic Dark Roast K-Cup Coffee Pods","Green Mountain Coffee Roasters","33.99","48 ct","LOW","inStore:true; curbside:true; delivery:true; shipToHome:false"
"0005000072784","Coffee Mate Sugar Free Coconut Creme Coffee Creamer","Coffee mate","4.49","32 fl oz","TEMPORARILY_OUT_OF_STOCK","inStore:true; curbside:true; delivery:true; shipToHome:false"
"0005000011234","Coffee Mate Vanilla Caramel Coffee Creamer","Coffee mate","4.49","32 fl oz","LOW","inStore:true; curbside:true; delivery:true; shipToHome:false"
"0005000030302","Coffee Mate Original Powdered Coffee Creamer","Coffee mate","7.79","35.2 oz","HIGH","inStore:true; curbside:true; delivery:true; shipToHome:false"
"0005000030262","Coffee mate Original Flavored Coffee Creamer Non-Dairy Gluten-Free","Coffee mate","4.49","32 fl oz","HIGH","inStore:true; curbside:true; delivery:true; shipToHome:false"
"0005000031474","Nestle Coffee mate Hazelnut Powder Coffee Creamer","Coffee mate","5.99","15 oz","HIGH","inStore:true; curbside:true; delivery:true; shipToHome:false"
"0005000028142","Coffee Mate Italian Sweet Creme Coffee Creamer","Coffee mate","4.49","32 fl oz","LOW","inStore:true; curbside:true; delivery:true; shipToHome:false"
"0081006334343","Death Wish Coffee Co. Dark Roast Single Serve Pods","Death Wish Coffee","27.99","24 ct","LOW","inStore:true; curbside:true; delivery:true; shipToHome:false"
"0005000068767","Coffee mate French Vanilla Flavored Coffee Creamer Singles Non-Dairy Creamer","Coffee mate","6.99","48 count","HIGH","inStore:true; curbside:true; delivery:true; shipToHome:false"
"0005000025117","Coffee mate Hazelnut Flavored Coffee Creamer Non-Dairy Gluten-Free","Coffee mate","7.49","64 fl oz","HIGH","inStore:true; curbside:true; delivery:true; shipToHome:false"
"0088491212951","Cocoa Pebbles Chocolate Cereal - 11 oz","Cocoa Pebbles","3.99","11 oz","HIGH","inStore:true; curbside:true; delivery:true; shipToHome:false"
"0001600012222","General Mills® REESE'S™ PUFFS Chocolatey Peanut Butter Cereal","Reese's Puffs","5.49","11.5 oz","HIGH","inStore:true; curbside:true; delivery:true; shipToHome:false"
"0002190845556","Cascadian Farm™ Organic Cinnamon Crunch Cereal","Cascadian Farm Organic","4.99","9.2 oz","HIGH","inStore:true; curbside:true; delivery:true; shipToHome:false"
"0001600012183","General Mills Lucky Charms™ with Marshmallows Giant Size Cereal","Lucky Charms","7.49","26.1 oz","HIGH","inStore:true; curbside:true; delivery:true; shipToHome:false"
"0001600012506","General Mills Honey Nut Cheerios™ Large Size Cereal","Cheerios","5.49","15.4 oz","HIGH","inStore:true; curbside:true; delivery:true; shipToHome:false"
"0003000006322","Life Cinnamon Multigrain Cereal","Life","3.79","13 oz","HIGH","inStore:true; curbside:true; delivery:true; shipToHome:false"
"0003000066507","Cap'n Crunch's Peanut Butter Crunch® Cereal","Cap'N Crunch","3.99","11.4 oz","HIGH","inStore:true; curbside:true; delivery:true; shipToHome:false"
"0088491235915","Post Honey Bunches of Oats Honey Roasted Cereal, 12 oz","Honey Bunches of Oats","3.99","12 ounces","HIGH","inStore:true; curbside:true; delivery:true; shipToHome:false"
"0088491235916","Honey Bunches of Oats with Almonds Cereal - 12 oz","Honey Bunches of Oats","3.99","12 oz","HIGH","inStore:true; curbside:true; delivery:true; shipToHome:false"
"0001111012933","Kroger® Pirate's Charrrms Cereal","Kroger","1.99","11.5 oz","HIGH","inStore:true; curbside:true; delivery:true; shipToHome:false"
"0001600012399","General Mills Lucky Charms™ with Marshmallows Cereal","Lucky Charms","4.29","10.5 oz","HIGH","inStore:true; curbside:true; delivery:true; shipToHome:false"
"0003000057322","Cap'n Crunch's® Crunch Berries® Cereal","Cap'N Crunch","3.99","11.7 oz","HIGH","inStore:true; curbside:true; delivery:true; shipToHome:false"
"0001600012593","General Mills Cinnamon Toast Crunch™ Large Size Cereal","Cinnamon Toast Crunch","5.49","16.8 oz","HIGH","inStore:true; curbside:true; delivery:true; shipToHome:false"
"0088491228433","Honey Ohs! Sweetened Breakfast Cereal with Honey Cereal - 14 oz","Honey Ohs!","3.99","14 oz","HIGH","inStore:true; curbside:true; delivery:true; shipToHome:false"
"0004119210047","Kellogg's® Froot Loops Original with Marshmallows Cereal","Froot Loops","4.79","9.3oz","HIGH","inStore:true; curbside:true; delivery:true; shipToHome:false"
"0001111003245","Kroger® Crispy Rice Cereal","Kroger","1.99","12 oz","HIGH","inStore:true; curbside:true; delivery:true; shipToHome:false"
"0004119210043","Kellogg's Frosted Flakes Original 12oz","Frosted Flakes","4.49","12 oz","HIGH","inStore:true; curbside:true; delivery:true; shipToHome:false"
"0001600012479","General Mills Honey Nut Cheerios™ Cereal","Cheerios","4.29","10.8 oz","HIGH","inStore:true; curbside:true; delivery:true; shipToHome:false"
"0004119210041","Kellogg's Froot Loops Original 8.9oz","Froot Loops","4.49","8.9 oz","HIGH","inStore:true; curbside:true; delivery:true; shipToHome:false"
"0003800027003","Kellogg's® Apple Jacks Giant Size Cereal","Apple Jacks","6.99","23.0 oz","HIGH","inStore:true; curbside:true; delivery:true; shipToHome:false"
"0001111013876","Kroger® Apple Crunch Cereal","Kroger","1.99","12.2 oz","HIGH","inStore:true; curbside:true; delivery:true; shipToHome:false"
"0003800026996","Kellogg's® Frosted Mini-Wheats Giant Size Cereal","Frosted Mini-Wheats","6.99","29.5 oz","HIGH","inStore:true; curbside:true; delivery:true; shipToHome:false"
"0088491227310","Post® Honey Maid® S'mores Cereal - 12.25 oz","Honey Maid","3.99","12.25 oz","LOW","inStore:true; curbside:true; delivery:true; shipToHome:false"
"0003800027009","Kellogg's® Froot Loops Giant Size Cereal","Froot Loops","6.99","23 oz","HIGH","inStore:true; curbside:true; delivery:true; shipToHome:false"
"0001600012685","General Mills Cinnamon Toast Crunch™ Giant Size Cereal","Cinnamon Toast Crunch","7.49","27 oz","HIGH","inStore:true; curbside:true; delivery:true; shipToHome:false"
"0004119210239","Kellogg's Mini-wheats Original 16oz","Frosted Mini-Wheats","4.49","16 oz","HIGH","inStore:true; curbside:true; delivery:true; shipToHome:false"
"0088491211762","Golden Crisp Sweetened Crispy Puffed Wheat Cereal Breakfast Cereal - 14.75 oz","Golden Crisp","3.99","14.75 oz","HIGH","inStore:true; curbside:true; delivery:true; shipToHome:false"
"0088491212971","Fruity PEBBLES Cereal Fruity Kids Cereal - 11 oz","Fruity Pebbles","3.99","11 oz","HIGH","inStore:true; curbside:true; delivery:true; shipToHome:false"
"0003000057331","Cap'n Crunch's® Crunch Berries Giant Size Cereal","Cap'N Crunch","5.79","23.9 oz","HIGH","inStore:true; curbside:true; delivery:true; shipToHome:false"
"0004119210037","Kellogg's Apple Jacks Original 8.9oz","Apple Jacks","4.49","8.9 oz","HIGH","inStore:true; curbside:true; delivery:true; shipToHome:false"
"0088491244963","Post OREO PUFFS™ Chocolate Cereal - 10 oz","Oreo Puffs","3.99","10 oz","HIGH","inStore:true; curbside:true; delivery:true; shipToHome:false"
"0088491200672","Fruity PEBBLES Marshmallow Cereal - 11 oz","Fruity Pebbles","3.99","11 oz","HIGH","inStore:true; curbside:true; delivery:true; shipToHome:false"
"0001600012125","General Mills Reese's™ PUFFS Chocolatey Peanut Butter Cereal Giant Size","Reese's Puffs","7.49","29 oz","HIGH","inStore:true; curbside:true; delivery:true; shipToHome:false"
"0003800027011","Kellogg's® Frosted Flakes Giant Size Cereal","Frosted Flakes","6.99","28.499 oz","HIGH","inStore:true; curbside:true; delivery:true; shipToHome:false"
"0001111086705","Kroger® Bite Size Frosted Shredded Wheat Cereal","Kroger","1.99","18 oz","HIGH","inStore:true; curbside:true; delivery:true; shipToHome:false"
"0004240046293","Mom's Best Jungle Berry Crunch - 13 oz","Mom's Best","3.49","13 oz","TEMPORARILY_OUT_OF_STOCK","inStore:true; curbside:true; delivery:true; shipToHome:false"
"0001111014931","Kroger® Frosted Flakes Cereal","Kroger","3.99","28.5 oz","HIGH","inStore:true; curbside:true; delivery:true; shipToHome:false"
"0088397814726","Mom's Best Crispy Cocoa Rice Cereal - 13 oz","Mom's Best","3.49","13 oz","LOW","inStore:true; curbside:true; delivery:true; shipToHome:false"
"0004240026521","Malt-O-Meal Cocoa Dyno Bites Gluten Free Breakfast Cereal - 17 oz","Malt-O-Meal","4.29","17 ounces","HIGH","inStore:true; curbside:true; delivery:true; shipToHome:false"
"0001600012254","General Mills Cinnamon Toast Crunch™ Cereal","Cinnamon Toast Crunch","4.29","12 oz","HIGH","inStore:true; curbside:true; delivery:true; shipToHome:false"
"0001600012495","General Mills Honey Nut Cheerios™ Giant Size Cereal","Cheerios","7.49","27.2 oz","HIGH","inStore:true; curbside:true; delivery:true; shipToHome:false"
"0004240038887","Malt-O-Meal Fruity Dyno Bites Gluten Free Breakfast Cereal - 32 oz","Malt-O-Meal","5.99","32 ounces","HIGH","inStore:true; curbside:true; delivery:true; shipToHome:false"
"0004240093978","Malt-O-Meal Cinnamon Toasters Breakfast Cereal, Real Cinnamon Squares - 33 oz","Malt-O-Meal","5.99","33 ounces","HIGH","inStore:true; curbside:true; delivery:true; shipToHome:false"
"0001600015128","General Mills Cocoa Puffs™ Cereal","Cocoa Puffs","4.49","10.4 oz","HIGH","inStore:true; curbside:true; delivery:true; shipToHome:false"
"0001111012008","Kroger® Crunchy Raisin Bran with Oat Clusters Cereal","Kroger","2.79","18.2 oz","LOW","inStore:true; curbside:true; delivery:true; shipToHome:false"
"0001600027532","General Mills® Trix™ Fruity Shapes Cereal","Trix","4.49","10.7 oz","HIGH","inStore:true; curbside:true; delivery:true; shipToHome:false"
"0001600015163","General Mills® Cookie Crisp™ Cereal","Cookie Crisp","5.49","10.6 oz","HIGH","inStore:true; curbside:true; delivery:true; shipToHome:false"
"0088491235948","Post Honey Bunches of Oats with Strawberries Cereal, 11 oz","Honey Bunches of Oats","3.99","11 ounces","HIGH","inStore:true; curbside:true; delivery:true; shipToHome:false"
"0088491248176","Post Honeycomb Cereal, 10 oz","Honeycomb","3.99","10 oz","HIGH","inStore:true; curbside:true; delivery:true; shipToHome:false"
"0004240026514","Malt-O-Meal Berry Colossal Crunch Breakfast Cereal, Corn & Oat Cereal - 16.5 oz","Malt-O-Meal","4.29","16.5 ounces","HIGH","inStore:true; curbside:true; delivery:true; shipToHome:false"
"0002190845559","Cascadian Farm™ Organic Honey Nut O's Cereal","Cascadian Farm Organic","4.99","9.5 oz","HIGH","inStore:true; curbside:true; delivery:true; shipToHome:false"
"0088397809598","Mom's Best Sweetened Wheatfuls Cereal - 16.5 oz","Mom's Best","3.49","16.5 oz","HIGH","inStore:true; curbside:true; delivery:true; shipToHome:false"
"0002190845553","Cascadian Farm™ Organic Fruitful O's Cereal","Cascadian Farm Organic","4.99","10.2 oz","TEMPORARILY_OUT_OF_STOCK","inStore:true; curbside:true; delivery:true; shipToHome:false"
"0088397809599","Mom's Best Honey Nut Toasty O's Cereal - 13.5 oz","Mom's Best","3.49","13.5 oz","HIGH","inStore:true; curbside:true; delivery:true; shipToHome:false"
"0004240039548","Malt-O-Meal Marshmallow Mateys Breakfast Cereal with Marshmallow Bits - 33 oz","Malt-O-Meal","5.99","33 ounces","HIGH","inStore:true; curbside:true; delivery:true; shipToHome:false"
"0088491243494","Fruity Pebbles™ Gluten Free Bag Cereal - 32 oz","Fruity Pebbles","7.99","32 oz","HIGH","inStore:true; curbside:true; delivery:true; shipToHome:false"
"0004240040738","Malt-O-Meal S'mores Breakfast Cereal, Graham, Chocolate & Marshmallow - 15 oz","Malt-O-Meal","4.29","15 oz","HIGH","inStore:true; curbside:true; delivery:true; shipToHome:false"
"0004240040732","Malt-O-Meal Tootie Fruities Breakfast Cereal, Colorful Fruity Cereal Rings - 16.2 oz","Malt-O-Meal","4.29","16.2 ounces","HIGH","inStore:true; curbside:true; delivery:true; shipToHome:false"
"0005844977020","Nature's Path Heritage Flakes® Breakfast Cereal","Nature's Path Organic","4.99","13.25 oz","HIGH","inStore:true; curbside:true; delivery:true; shipToHome:false"
"0003800024848","Kellogg's® Krave Chocolate Cereal","Krave","7.99","32 oz","LOW","inStore:true; curbside:true; delivery:true; shipToHome:false"
"0004240091378","Malt-O-Meal Tootie Fruities Breakfast Cereal, Colorful Fruity Cereal Rings - 30 oz","Malt-O-Meal","5.99","30 ounces","HIGH","inStore:true; curbside:true; delivery:true; shipToHome:false"
"0088397814597","Mom's Best Blueberry Wheatfuls Cereal - 15.5 oz","Mom's Best","3.49","15.5 oz","HIGH","inStore:true; curbside:true; delivery:true; shipToHome:false"
"0004240038986","Malt-O-Meal Coco Roos Breakfast Cereal, Crunchy Chocolate Puffs - 32 oz","Malt-O-Meal","5.99","32 oz","HIGH","inStore:true; curbside:true; delivery:true; shipToHome:false"
"0088491243429","Honeycomb Whole Grain Honey Corn & Oats Bag Cereal - 32 oz","Honeycomb","7.99","32 oz","LOW","inStore:true; curbside:true; delivery:true; shipToHome:false"
"0001862711601","Kashi Organic Cereal Cinnamon Harvest 18oz","Kashi","5.99","18 oz","HIGH","inStore:true; curbside:true; delivery:true; shipToHome:false"
"0001111009265","Simple Truth Organic® Toasted Oats Cereal","Simple Truth Organic","3.29","12 oz","HIGH","inStore:true; curbside:true; delivery:true; shipToHome:false"
"0001111009266","Simple Truth Organic® Honey Nut Toasted Oats Cereal","Simple Truth Organic","3.29","12.2 oz","HIGH","inStore:true; curbside:true; delivery:true; shipToHome:false"
"0003800024850","Kellogg's® Frosted Flakes Cereal","Frosted Flakes","7.99","39.5 oz","HIGH","inStore:true; curbside:true; delivery:true; shipToHome:false"
"0001862711569","Kashi Go Cereal Mixed Berry 17.7oz","Kashi Go","5.99","17.7 oz","LOW","inStore:true; curbside:true; delivery:true; shipToHome:false"
"0003000056236","Cap'N Crunch's® Oops! All Berries® Bag Cereal","Cap'N Crunch","7.79","34 oz","HIGH","inStore:true; curbside:true; delivery:true; shipToHome:false"
"0001862711607","Kashi Organic Cereal Berry Fruitful 17.2oz","Kashi","5.99","17.2 oz","LOW","inStore:true; curbside:true; delivery:true; shipToHome:false"
"0002190814275","Cascadian Farm™ Organic Cookie Crunch Cereal","Cascadian Farm Organic","4.99","11.40 oz","HIGH","inStore:true; curbside:true; delivery:true; shipToHome:false"
"0086047900155","Catalina Crunch® Protein Cereal Honey Graham","Catalina Crunch","7.99","9 oz","TEMPORARILY_OUT_OF_STOCK","inStore:true; curbside:true; delivery:true; shipToHome:false"
"0004240038991","Malt-O-Meal Fruity Dyno Bites with Marshmallows Gluten Free Breakfast Cereal - 30 oz","Malt-O-Meal","5.99","30 ounces","HIGH","inStore:true; curbside:true; delivery:true; shipToHome:false"
"0003800018339","Kellogg's® Froot Loops Bag Cereal","Froot Loops","7.99","32.1 oz","HIGH","inStore:true; curbside:true; delivery:true; shipToHome:false"
"0088397814444","Mom's Best Honey Grahams Cereal - 11.5 oz","Mom's Best","3.49","11.5 oz","HIGH","inStore:true; curbside:true; delivery:true; shipToHome:false"
"0001600016243","General Mills Cinnamon Toast Crunch™ Value Bag Cereal","Cinnamon Toast Crunch","6.99","32 oz","HIGH","inStore:true; curbside:true; delivery:true; shipToHome:false"
"0086047900152","Catalina Crunch™ Cinnamon Toast Protein Cereal","Catalina Crunch","7.99","9 oz","HIGH","inStore:true; curbside:true; delivery:true; shipToHome:false"
"0002190840724","Cascadian Farm™ Organic Graham Crunch Cereal","Cascadian Farm Organic","4.99","9.6 oz","HIGH","inStore:true; curbside:true; delivery:true; shipToHome:false"
"0085004411209","Catalina Crunch ™ Blueberry Muffin Protein Cereal with Blueberries","Catalina Crunch","7.99","8 oz","HIGH","inStore:true; curbside:true; delivery:true; shipToHome:false"
"0085001746818","Catalina Crunch® Protein Cereal Chocolate Peanut Butter","Catalina Crunch","7.99","9 oz","HIGH","inStore:true; curbside:true; delivery:true; shipToHome:false"
"0005844986004","Nature's Path Organic EnviroKidz™ Panda Puffs® Cereal","Nature's Path Organic","4.99","10.6 oz","HIGH","inStore:true; curbside:true; delivery:true; shipToHome:false"
"0004240040758","Malt-O-Meal Golden Puffs Sweetened Puffed Wheat Breakfast Cereal - 17.7 oz","Malt-O-Meal","4.29","17.7 ounces","LOW","inStore:true; curbside:true; delivery:true; shipToHome:false"
"0002190813931","Cascadian Farm™ Organic No Added Sugar Vanilla Crisp Cereal","Cascadian Farm Organic","4.99","12 oz","TEMPORARILY_OUT_OF_STOCK","inStore:false; curbside:false; delivery:false; shipToHome:false"
"0004240002554","Malt-O-Meal Frosted Mini Spooners Whole Grain Breakfast Cereal - 18 oz","Malt-O-Meal","4.29","18 oz","HIGH","inStore:true; curbside:true; delivery:true; shipToHome:false"
"0002190813932","Cascadian Farm™ Organic No Added Sugar Mixed Berry Cereal","Cascadian Farm Organic","4.99","12.5 oz","HIGH","inStore:true; curbside:true; delivery:true; shipToHome:false"
"0002190845988","Cascadian Farm™ Honey Oat Crunch Organic Cereal","Cascadian Farm Organic","4.99","13.5 oz","HIGH","inStore:true; curbside:true; delivery:true; shipToHome:false"
"0001600015643","General Mills Honey Nut Cheerios™ Bag Cereal","Cheerios","6.99","32 oz","HIGH","inStore:true; curbside:true; delivery:true; shipToHome:false"
"0002190813673","Cascadian Farm™ Organic No Added Sugar Cinnamon Apple Cereal","Cascadian Farm Organic","4.99","12 oz","LOW","inStore:true; curbside:true; delivery:true; shipToHome:false"
"0004240091078","Malt-O-Meal Frosted Flakes Breakfast Cereal - 37 oz","Malt-O-Meal","5.99","37 ounces","HIGH","inStore:true; curbside:true; delivery:true; shipToHome:false"
"0002190813199","Cascadian Farm™ Organic Brownie Crunch Cereal","Cascadian Farm Organic","4.99","12.4 oz","HIGH","inStore:true; curbside:true; delivery:true; shipToHome:false"
"0004240038888","Malt-O-Meal Cocoa Dyno Bites Gluten Free Breakfast Cereal - 32 oz","Malt-O-Meal","5.99","32 ounces","HIGH","inStore:true; curbside:true; delivery:true; shipToHome:false"
"0008634117052","The Silver Palate Grain Berry® Multi-Bran Flakes Cereal","The Silver Palate","6.29","12 oz","HIGH","inStore:true; curbside:true; delivery:true; shipToHome:false"
"0004240024051","Malt-O-Meal S'mores Breakfast Cereal, Graham, Chocolate & Marshmallow - 30 oz","Malt-O-Meal","5.99","30 ounces","HIGH","inStore:true; curbside:true; delivery:true; shipToHome:false"
"0001600049667","General Mills Lucky Charms™ with Marshmallows Cereal Bag","Lucky Charms","6.99","32 oz","HIGH","inStore:true; curbside:true; delivery:true; shipToHome:false"
"0001600047321","General Mills Reese's™ PUFFS Chocolatey Peanut Butter Cereal Bag","Reese's Puffs","6.99","35 oz","HIGH","inStore:true; curbside:true; delivery:true; shipToHome:false"
"0001600047322","General Mills® Cookie Crisp™ Value Bag Cereal","Cookie Crisp","6.99","35 oz","HIGH","inStore:true; curbside:true; delivery:true; shipToHome:false"
"0005844977731","Nature's Path Organic® Flax Plus® Pumpkin Raisin Crunch Cereal","Nature's Path Organic","4.99","12.3 oz","HIGH","inStore:true; curbside:true; delivery:true; shipToHome:false"
"0088397812911","Mom's Best Toasted Cinnamon Squares Cereal - 12 oz","Mom's Best","3.49","12 oz","HIGH","inStore:true; curbside:true; delivery:true; shipToHome:false"
"0003000031379","Cap'n Crunch's Crunch Berries® Jumbo Bag Cereal","Cap'N Crunch","7.79","40 oz","HIGH","inStore:true; curbside:true; delivery:true; shipToHome:false"
"0085000288741","Magic Spoon® Cocoa High-Protein Grain-Free Breakfast Cereal","Magic Spoon","9.99","7 oz","LOW","inStore:true; curbside:true; delivery:true; shipToHome:false"
"0001600012541","General Mills Cheerios™ Giant Size Cereal","Cheerios","7.49","20 oz","HIGH","inStore:true; curbside:true; delivery:true; shipToHome:false"
"0088491237811","Post Raisin Bran Cereal Breakfast Cereal with Raisins and Bran Flakes - 16.6 oz","Raisin Bran","3.99","16.6 oz","HIGH","inStore:true; curbside:true; delivery:true; shipToHome:false"
"0005844977900","Nature's Path Organic® Mesa Sunrise Cereal","Nature's Path Organic","4.99","10.6 oz","TEMPORARILY_OUT_OF_STOCK","inStore:false; curbside:false; delivery:false; shipToHome:false"
"0085000288789","Magic Spoon® Chocolate Chip Protein Cereal","Magic Spoon","9.99","7 oz","HIGH","inStore:true; curbside:true; delivery:true; shipToHome:false"
"0085000288744","Magic Spoon® Fruity High-Protein Grain-Free Breakfast Cereal","Magic Spoon","9.99","7 oz","HIGH","inStore:true; curbside:true; delivery:true; shipToHome:false"
"0085000288746","Magic Spoon® Peanut Butter High-Protein Grain-Free Breakfast Cereal","Magic Spoon","9.99","7 oz","HIGH","inStore:true; curbside:true; delivery:true; shipToHome:false"
"0088491244385","Honey Bunches of Oats with Almonds Cereal - 15 oz","Honey Bunches of Oats","5.29","15 oz","HIGH","inStore:true; curbside:true; delivery:true; shipToHome:false"
"0085608800375","Seven Sundays Real Cocoa Sunflower Cereal","Seven Sundays","7.49","8 oz","TEMPORARILY_OUT_OF_STOCK","inStore:false; curbside:false; delivery:false; shipToHome:false"
"0081010446232","Magic Spoon® Classic Marshmallow Marbits Cereal","Magic Spoon","9.99","7 oz","TEMPORARILY_OUT_OF_STOCK","inStore:false; curbside:false; delivery:false; shipToHome:false"
"0088491244386","Post Honey Bunches of Oats Honey Roasted Breakfast Cereal, 15 oz Box","Honey Bunches of Oats","5.29","15 oz","HIGH","inStore:true; curbside:true; delivery:true; shipToHome:false"
"0085608800374","Seven Sundays Real Maple Sunflower Cereal","Seven Sundays","7.49","8 oz","TEMPORARILY_OUT_OF_STOCK","inStore:false; curbside:false; delivery:false; shipToHome:false"
"0005844977143","Nature's Path Flax Plus Maple Pecan Crunch Breakfast Cereal","Nature's Path Organic","4.99","11.5 oz","TEMPORARILY_OUT_OF_STOCK","inStore:false; curbside:false; delivery:false; shipToHome:false"
"0001600027526","General Mills Cheerios™ Cereal","Cheerios","4.29","8.9 oz","HIGH","inStore:true; curbside:true; delivery:true; shipToHome:false"
"0085006920124","Catalina Crunch® Strawberry Strudel Protein Cereal","Catalina Crunch","7.99","8 oz","TEMPORARILY_OUT_OF_STOCK","inStore:false; curbside:false; delivery:false; shipToHome:false"
"0003000057321","Cap'n Crunch® Cereal","Cap'N Crunch","3.99","12.6 oz","HIGH","inStore:true; curbside:true; delivery:true; shipToHome:false"
"0086000215249","Three Wishes Grain Free Cereal - Cocoa","Three Wishes","7.29","8.6 oz","TEMPORARILY_OUT_OF_STOCK","inStore:false; curbside:false; delivery:false; shipToHome:false"
"0088491200681","Post Honey Bunches of Oats with Almonds Breakfast Cereal with Granola Clusters, Giant Size 23 oz Box","Honey Bunches of Oats","6.49","23 oz","HIGH","inStore:true; curbside:true; delivery:true; shipToHome:false"
"0001600017003","General Mills Cheerios™ Family Size Cereal","Cheerios","5.99","18 oz","LOW","inStore:true; curbside:true; delivery:true; shipToHome:false"
"0005844987024","Natures Path EnviroKidz Choco Chimps Breakfast Cereal","Nature's Path Organic","4.99","10 oz","HIGH","inStore:true; curbside:true; delivery:true; shipToHome:false"
"0004119210360","Kellogg's Special K Cereal Red Berries 14.7oz","Special K","5.79","14.7 oz","HIGH","inStore:true; curbside:true; delivery:true; shipToHome:false"
"0085001746808","Catalina Crunch Protein Cereal, Fruity 8 oz","Catalina Crunch","7.99","8 oz","TEMPORARILY_OUT_OF_STOCK","inStore:false; curbside:false; delivery:false; shipToHome:false"
"0086000215244","Three Wishes Grain Free Cereal - Cinnamon","Three Wishes","7.29","8.6 oz","LOW","inStore:true; curbside:true; delivery:true; shipToHome:false"
"0001111015898","Simple Truth Cinnamon Protein Cereal 7oz","Simple Truth","8.49","7 oz","LOW","inStore:true; curbside:true; delivery:true; shipToHome:false"
"0002190813323","Cascadian Farm™ Organic Cinnamon Oat Clusters Cereal","Cascadian Farm Organic","4.99","15 oz","HIGH","inStore:true; curbside:true; delivery:true; shipToHome:false"
"0001111015899","Simple Truth Berry Protein Cereal 7oz","Simple Truth","8.49","7 oz","HIGH","inStore:true; curbside:true; delivery:true; shipToHome:false"
"0005844977153","Nature's Path Organic® Sunrise® Crunchy Maple Cereal","Nature's Path Organic","4.99","10.6 oz","LOW","inStore:true; curbside:true; delivery:true; shipToHome:false"
"0001111014801","Kroger® Raisin Bran Cereal","Kroger","2.79","16.6 oz","HIGH","inStore:true; curbside:true; delivery:true; shipToHome:false"
"0005844977155","Nature's Path Sunrise Crunchy Vanilla Breakfast Cereal","Nature's Path Organic","4.99","10.6 oz","TEMPORARILY_OUT_OF_STOCK","inStore:true; curbside:true; delivery:true; shipToHome:false"
"0088491212974","Fruity PEBBLES Cereal Fruity Kids Cereal - 15 oz","Fruity Pebbles","5.29","15 oz","HIGH","inStore:true; curbside:true; delivery:true; shipToHome:false"
"0086047900154","Catalina Crunch® Dark Chocolate Protein Cereal","Catalina Crunch","7.99","9 oz","HIGH","inStore:true; curbside:true; delivery:true; shipToHome:false"
"0005844977765","Nature's Path Organic® Flax Plus® Red Berry Crunch Cereal","Nature's Path Organic","4.99","10.6 oz","LOW","inStore:true; curbside:true; delivery:true; shipToHome:false"
"0002190814276","Cascadian Farm™ Organic Sprinkle Cookie Crunch Cereal","Cascadian Farm Organic","4.99","10.90 oz","HIGH","inStore:true; curbside:true; delivery:true; shipToHome:false"
"0005844977207","Nature's Path Organic® Sunrise Crunchy Cinnamon Cereal","Nature's Path Organic","4.99","10.6 oz","HIGH","inStore:true; curbside:true; delivery:true; shipToHome:false"
"0088491200471","Post® The Original Grape-Nuts Cereal","Grape-Nuts","5.29","20.5 oz","HIGH","inStore:true; curbside:true; delivery:true; shipToHome:false"
"0005844986003","Nature's Path EnviroKidz Koala Crisp Organic Cereal","Nature's Path Organic","4.99","11.5 oz","LOW","inStore:true; curbside:true; delivery:true; shipToHome:false"
"0005844986007","Nature's Path Organic Envirokidz® Leapin' Lemurs® Organic Cereal","Nature's Path Organic","4.99","10 oz","LOW","inStore:true; curbside:true; delivery:true; shipToHome:false"
"0001111014932","Kroger® Honey Nut Toasted Oats Cereal Giant Size","Kroger","3.99","27.2 oz","HIGH","inStore:true; curbside:true; delivery:true; shipToHome:false"
"0007347200258","Food For Life® Organic Ezekiel 4:9® Almond Sprouted Whole Grain Cereal","Food for Life","9.49","16 oz","TEMPORARILY_OUT_OF_STOCK","inStore:false; curbside:false; delivery:false; shipToHome:false"
"0001111087870","Kroger® Corn Flakes Toasted Cereal","Kroger","1.99","18 oz","HIGH","inStore:true; curbside:true; delivery:true; shipToHome:false"
"0008634117055","The Silver Palate Grain Berry Cinnamon Frosted Shredded Wheat Cereal","The Silver Palate","6.29","16 oz","TEMPORARILY_OUT_OF_STOCK","inStore:false; curbside:false; delivery:false; shipToHome:false"
"0005844922101","Nature's Path Organic® Heritage Flakes® Cereal","Nature's Path Organic","9.49","33.5 oz","LOW","inStore:true; curbside:true; delivery:true; shipToHome:false"
"0005571202572","Alpen® No Sugar Added Muesli Cereal","Alpen","5.79","14 oz","TEMPORARILY_OUT_OF_STOCK","inStore:false; curbside:false; delivery:false; shipToHome:false"
"0003000006354","Quaker® Original Life® Cereal","Life","3.79","13 oz","HIGH","inStore:true; curbside:true; delivery:true; shipToHome:false"
"0088491200341","Honey Bunches of Oats Honey Roasted Granola Cereal - 11 oz","Honey Bunches of Oats","4.19","11 oz","HIGH","inStore:true; curbside:true; delivery:true; shipToHome:false"
"0003800063570","Kellogg's® Frosted Flakes Cereal Cup","Frosted Flakes","1.25","2.1 oz","HIGH","inStore:true; curbside:true; delivery:true; shipToHome:false"
"0001600018954","General Mills® Multi Grain Cheerios™ Giant Size Cereal","Cheerios","7.49","20.6 oz","HIGH","inStore:true; curbside:true; delivery:true; shipToHome:false"
"0085001681302","Three Wishes Grain Free Cereal - Fruity","Three Wishes","7.29","8.6 oz","LOW","inStore:true; curbside:true; delivery:true; shipToHome:false"
"0002190845552","Cascadian Farm™ Organic Hearty Morning Fiber Cereal","Cascadian Farm Organic","4.99","14.6 oz","TEMPORARILY_OUT_OF_STOCK","inStore:false; curbside:false; delivery:false; shipToHome:false"
"0005844977099","Nature's Path Organic® Flax Plus Raisin Bran Cereal","Nature's Path Organic","4.99","14 oz","LOW","inStore:true; curbside:true; delivery:true; shipToHome:false"
"0001600012025","General Mills Golden Grahams™ Cereal","General Mills","5.99","11.7 oz","HIGH","inStore:true; curbside:true; delivery:true; shipToHome:false"
"0004119210336","Kellogg's® Raisin Bran Crunch Giant Size Cereal","Raisin Bran","6.99","24.5 oz","TEMPORARILY_OUT_OF_STOCK","inStore:true; curbside:true; delivery:true; shipToHome:false"
"0003000006441","Quaker® Brown Sugar Oatmeal Squares Cereal","Quaker","5.49","14.5 oz","HIGH","inStore:true; curbside:true; delivery:true; shipToHome:false"
"0001111087609","Kroger® Rice Bitz Cereal","Kroger","2.79","12 oz","HIGH","inStore:true; curbside:true; delivery:true; shipToHome:false"
"0004119210373","Kellogg's® Crispix Large Size Cereal","Crispix","5.99","12 oz","HIGH","inStore:true; curbside:true; delivery:true; shipToHome:false"
"0001600012224","General Mills Golden Grahams™ Giant Size Cereal","Golden Grahams","7.49","27.6 oz","HIGH","inStore:true; curbside:true; delivery:true; shipToHome:false"
"0001111012337","Kroger® Honey N' Oats with Almonds Cereal","Kroger","2.79","14.5 oz","HIGH","inStore:true; curbside:true; delivery:true; shipToHome:false"
"0003800023153","Kellogg's® Rice Krispies Giant Size Cereal","Rice Krispies","6.99","24 oz","HIGH","inStore:true; curbside:true; delivery:true; shipToHome:false"
"0003800000110","Kellogg's® Corn Flakes Large Size Cereal","Corn Flakes","5.99","12 oz","TEMPORARILY_OUT_OF_STOCK","inStore:true; curbside:true; delivery:true; shipToHome:false"
"0001600022634","General Mills Strawberry Cheerios™ Protein Large Size Cereal","Cheerios","5.99","11.2 oz","HIGH","inStore:true; curbside:true; delivery:true; shipToHome:false"
"0001600020696","General Mills Rice Chex™ Giant Size Cereal","Chex","8.49","22.2 oz","HIGH","inStore:true; curbside:true; delivery:true; shipToHome:false"
"0001600022636","General Mills Cinnamon Cheerios™ Protein Large Size Cereal","Cheerios","5.99","11.2 oz","HIGH","inStore:true; curbside:true; delivery:true; shipToHome:false"
"0001111078708","Kroger® Bite Size Shredded Wheat Strawberry Frosted Cereal","Kroger","1.99","16.3 oz","HIGH","inStore:true; curbside:true; delivery:true; shipToHome:false"
"0004119210328","Kellogg's Special K Breakfast Cereal Red Berries, Family Breakfast, 19.2 oz","Special K","6.99","19.2 oz","HIGH","inStore:true; curbside:true; delivery:true; shipToHome:false"
"0004119210369","Kellogg's Special K Breakfast Cereal Vanilla and Almond, Fiber Cereal, 16.1 oz","Special K","5.79","16.1 oz","HIGH","inStore:true; curbside:true; delivery:true; shipToHome:false"
"0003800019994","Kellogg's® Rice Krispies Large Size Cereal","Rice Krispies","6.99","12 oz","TEMPORARILY_OUT_OF_STOCK","inStore:true; curbside:true; delivery:true; shipToHome:false"
"0001600010371","General Mills Cinnamon Chex™ Cereal","Chex","4.99","12 oz","HIGH","inStore:true; curbside:true; delivery:true; shipToHome:false"
"0004119210367","Kellogg's Special K Breakfast Cereal Original, Family Breakfast, 12 oz","Special K","5.79","12.0 oz","HIGH","inStore:true; curbside:true; delivery:true; shipToHome:false"
"0088491224929","Cocoa Pebbles Chocolate Cereal - 23 oz","Cocoa Pebbles","6.49","23 oz","HIGH","inStore:true; curbside:true; delivery:true; shipToHome:false"
"0003000057323","Cap'n Crunch's Oops! All Berries® Cereal","Cap'N Crunch","3.99","10.3 oz","TEMPORARILY_OUT_OF_STOCK","inStore:true; curbside:true; delivery:true; shipToHome:false"
"0004119210203","Kellogg's® Frosted Mini-Wheats Little Bites Cereal","Frosted Mini-Wheats","5.29","14.8oz","HIGH","inStore:true; curbside:true; delivery:true; shipToHome:false"
"0088491200680","Post Honey Bunches of Oats Honey Roasted Breakfast Cereal, Giant Size 23 OZ Box","Honey Bunches of Oats","6.49","23 oz","HIGH","inStore:true; curbside:true; delivery:true; shipToHome:false"
"0088491224928","Fruity PEBBLES Breakfast Cereal, Gluten Free Snacks, Sweetened Rice, Extra Large Box, 23 Oz","Fruity Pebbles","6.49","23 oz","HIGH","inStore:true; curbside:true; delivery:true; shipToHome:false"
"0004119210201","Kellogg's® Frosted Mini-Wheats Strawberry Cereal","Frosted Mini-Wheats","5.29","13.301 oz","HIGH","inStore:true; curbside:true; delivery:true; shipToHome:false"
"0004119210363","Kellogg's Special K Cereal Fruit & Yogurt 17.1oz","Special K","5.79","17.1 oz","HIGH","inStore:true; curbside:true; delivery:true; shipToHome:false"
"0001111003249","Kroger® Bite Size Shredded Wheat Cereal","Kroger","2.79","16.4 oz","HIGH","inStore:true; curbside:true; delivery:true; shipToHome:false"
"0001600048794","General Mills Rice Chex™ Cereal","Chex","4.99","12 oz","HIGH","inStore:true; curbside:true; delivery:true; shipToHome:false"
"0003800027088","Kellogg's® Cocoa Krispies Chocolatey Flavor Cereal","Cocoa Krispies","5.99","12.6 oz","HIGH","inStore:true; curbside:true; delivery:true; shipToHome:false"
"0003000056237","Quaker® Original Life® Giant Size Cereal","Life","5.79","24.8 oz","HIGH","inStore:true; curbside:true; delivery:true; shipToHome:false"
"0003000056238","Quaker® Life® Cinnamon Multigrain Cold Breakfast Cereal Giant Size","Life","5.79","24.8 oz","LOW","inStore:true; curbside:true; delivery:true; shipToHome:false"
"0001111014800","Kroger® Bran Flakes Cereal","Kroger","2.79","18 oz","HIGH","inStore:true; curbside:true; delivery:true; shipToHome:false"
"0001111014802","Kroger® Toasted Flakes Cereal with Real Strawberries","Kroger","2.79","11.2 oz","HIGH","inStore:true; curbside:true; delivery:true; shipToHome:false"
"0001600027515","General Mills Multi Grain Cheerios™ Cereal","Cheerios","4.79","9 oz","HIGH","inStore:true; curbside:true; delivery:true; shipToHome:false"
"0088491212611","Great Grains Raisins Dates and Pecans Breakfast Cereal - 16 oz","Great Grains","5.29","16 oz","HIGH","inStore:true; curbside:true; delivery:true; shipToHome:false"
"0001600015154","General Mills Cocoa Puffs™ Giant Size Cereal","Cocoa Puffs","7.49","25.8 oz","HIGH","inStore:true; curbside:true; delivery:true; shipToHome:false"
"0088491248408","Post Honeycomb Cereal, 13.5 oz","Honeycomb","5.29","13.5 oz","HIGH","inStore:true; curbside:true; delivery:true; shipToHome:false"
"0001600023661","General Mills® Honey Nut Cheerios™ Protein Large Size Cereal","Cheerios","5.99","11.2 oz","HIGH","inStore:true; curbside:true; delivery:true; shipToHome:false"
"0001600048769","General Mills Multi Grain Cheerios™ Large Size Cereal","Cheerios","5.99","12 oz","HIGH","inStore:true; curbside:true; delivery:true; shipToHome:false"
"0001111014933","Kroger® Cinnamon Crunch Cereal","Kroger","3.99","27 oz","HIGH","inStore:true; curbside:true; delivery:true; shipToHome:false"
"0001600014156","General Mills Lucky Charms™ with Marshmallows Cereal Cup","Lucky Charms","1.25","1.7 oz","HIGH","inStore:true; curbside:true; delivery:true; shipToHome:false"
"0001600018958","General Mills® Cookie Crisp™ Giant Size Cereal","Cookie Crisp","7.49","26.3 oz","HIGH","inStore:true; curbside:true; delivery:true; shipToHome:false"
"0003800063530","Kellogg's® Froot Loops Cereal Cup","Froot Loops","1.25","1.5 oz","HIGH","inStore:true; curbside:true; delivery:true; shipToHome:false"
"0001600014154","General Mills Cinnamon Toast Crunch™ Cereal Cup","Cinnamon Toast Crunch","1.25","2 oz","HIGH","inStore:true; curbside:true; delivery:true; shipToHome:false"
"0001600014155","General Mills Honey Nut Cheerios™ Cereal Cup","Cheerios","1.25","1.8 oz","HIGH","inStore:true; curbside:true; delivery:true; shipToHome:false"
"0004119210223","Kellogg's Special K Cereal Red Berries 11.4oz","Special K","4.49","11.4 oz","HIGH","inStore:true; curbside:true; delivery:true; shipToHome:false"
"0001600012499","General Mills Lucky Charms™ with Marshmallows Large Size Cereal","Lucky Charms","5.19","14.9 oz","HIGH","inStore:true; curbside:true; delivery:true; shipToHome:false"
"0003800023145","Kellogg's® Corn Flakes Giant Size Cereal","Corn Flakes","6.99","24 oz","HIGH","inStore:true; curbside:true; delivery:true; shipToHome:false"
"0001600022844","General Mills Cinnamon Toast Crunch™ Strawberry Cereal","Cinnamon Toast Crunch","5.79","12 oz","HIGH","inStore:true; curbside:true; delivery:true; shipToHome:false"
"0088491212965","Cocoa Pebbles Chocolate Cereal - 15 oz","Cocoa Pebbles","5.29","15 oz","HIGH","inStore:true; curbside:true; delivery:true; shipToHome:false"
"0088491212601","Great Grains Crunchy Pecan Cereal - 16 oz","Great Grains","5.29","16 oz","HIGH","inStore:true; curbside:true; delivery:true; shipToHome:false"
"0004119210219","Kellogg's® Special K Protein Original Multi-Grain Touch of Cinnamon 12.9oz Cereal","Special K","4.49","12.9 oz","HIGH","inStore:true; curbside:true; delivery:true; shipToHome:false"
"0004119210217","Kellogg's Special K Cereal Fruit & Yogurt 12.6oz","Special K","4.49","12.6 oz","HIGH","inStore:true; curbside:true; delivery:true; shipToHome:false"
"0001600016344","General Mills Cheerios™ Oat Crunch Oats 'N Honey Large Size Cereal","Cheerios","6.99","18.2 oz","HIGH","inStore:true; curbside:true; delivery:true; shipToHome:false"
"0004119211105","Kellogg's® Cocoa Loops Cereal","Cocoa Loops","4.49","9.2oz","HIGH","inStore:true; curbside:true; delivery:true; shipToHome:false"
"0001600012185","General Mills Reese's™ PUFFS Chocolatey Peanut Butter Cereal Large Size","Reese's Puffs","6.99","16.7 oz","HIGH","inStore:true; curbside:true; delivery:true; shipToHome:false"
"0004119210330","Kellogg's Special K Breakfast Cereal Fruit and Yogurt, Family Breakfast, 22 oz","Special K","6.99","22.0 oz","HIGH","inStore:true; curbside:true; delivery:true; shipToHome:false"
"0004119211661","Kellogg's Frosted Flakes® Reduced Sugar Cereal","Frosted Flakes","4.49","11.2 oz","LOW","inStore:true; curbside:true; delivery:true; shipToHome:false"
"0003800019924","Kellogg's® Krave Chocolate Cereal","Krave","5.79","11.4 oz","LOW","inStore:true; curbside:true; delivery:true; shipToHome:false"
"0004119210053","Kellogg's® Frosted Flakes Strawberry Milkshake Cereal","Frosted Flakes","4.49","11.6 oz","HIGH","inStore:true; curbside:true; delivery:true; shipToHome:false"
"0004119211341","Kellogg's® Froot Loops Original with Marshmallows Giant Size Cereal","Froot Loops","6.99","22 oz","HIGH","inStore:true; curbside:true; delivery:true; shipToHome:false"
"0001862711579","Kashi GO Honey Almond Flax Crunch Protein Cereal","Kashi Go","5.99","17.7 oz","HIGH","inStore:true; curbside:true; delivery:true; shipToHome:false"
"0001111014914","Kroger® Fruit Rings Cereal Giant Size","Kroger","3.99","23 oz","HIGH","inStore:true; curbside:true; delivery:true; shipToHome:false"
"0001600027565","General Mills® Wheaties™ Whole Wheat Cereal","Wheaties","6.99","15.6 oz","HIGH","inStore:true; curbside:true; delivery:true; shipToHome:false"
"0001600027563","General Mills Total Wheat Flakes Cereal","Total","5.99","16 oz","HIGH","inStore:true; curbside:true; delivery:true; shipToHome:false"
"0088491218059","Post® Wheat 'N Bran, Shredded Wheat Cereal - 18 oz","Wheat 'N Bran","4.69","18 oz","HIGH","inStore:true; curbside:true; delivery:true; shipToHome:false"
"0001600022195","General Mills Cinnamon Toast Crunch™ Waffle Cereal","Cinnamon Toast Crunch","6.49","11.6 oz","HIGH","inStore:true; curbside:true; delivery:true; shipToHome:false"
"0088491243496","Cocoa Pebbles™ Chocolate Bag Cereal - 32 oz","Cocoa Pebbles","7.99","32 oz","HIGH","inStore:true; curbside:true; delivery:true; shipToHome:false"
"0088491247577","Post Cinnamon Pebbles Cereal, Gluten Free - 11 oz","Cinnamon Pebbles","3.99","11 oz","HIGH","inStore:true; curbside:true; delivery:true; shipToHome:false"
"0001600022996","General Mills Cookies and Crème Cheerios™ Protein Large Size Cereal","Cheerios","5.99","11.2 oz","HIGH","inStore:true; curbside:true; delivery:true; shipToHome:false"
"0001600015781","General Mills Raisin Nut Bran™ Cereal","General Mills","5.99","20.8 oz","HIGH","inStore:true; curbside:true; delivery:true; shipToHome:false"
"0004119210049","Kellogg's® Frosted Krispies Original Cereal","Rice Krispies","5.99","10.6 oz","HIGH","inStore:true; curbside:true; delivery:true; shipToHome:false"
"0001111002278","Kroger® Toasted Oats Cereal Giant Size","Kroger","3.99","20 oz","HIGH","inStore:true; curbside:true; delivery:true; shipToHome:false"
"0004119210365","Kellogg's Special K Breakfast Cereal Chocolatey Delight, Family Breakfast, 15.5 oz","Special K","5.79","15.5 oz","HIGH","inStore:true; curbside:true; delivery:true; shipToHome:false"
"0004119210045","Kellogg's® Frosted Flakes Chocolate Milkshake Cereal","Frosted Flakes","4.49","12.2 oz","HIGH","inStore:true; curbside:true; delivery:true; shipToHome:false"
"0001111014803","Kroger® Fruit and Yogurt Toasted Flakes Cereal","Kroger","2.79","12.5 oz","TEMPORARILY_OUT_OF_STOCK","inStore:true; curbside:true; delivery:true; shipToHome:false"
"0001111013877","Kroger® Honey N' Oats Honey Toasted Cereal","Kroger","2.79","14.5 oz","HIGH","inStore:true; curbside:true; delivery:true; shipToHome:false"
"0001600048793","General Mills Chocolate Chex™ Cereal","Chex","4.99","12.8 oz","HIGH","inStore:true; curbside:true; delivery:true; shipToHome:false"
"0001600048792","General Mills Honey Nut Chex™ Cereal","Chex","4.99","12.5 oz","HIGH","inStore:true; curbside:true; delivery:true; shipToHome:false"
"0001600022783","General Mills® Bluey by Kix™ Berry Flavor Cereal","General Mills","5.99","12 oz","HIGH","inStore:true; curbside:true; delivery:true; shipToHome:false"
"0003800027001","Kellogg's® Corn Pops Giant Size Cereal","Corn Pops","6.99","22.6 oz","HIGH","inStore:true; curbside:true; delivery:true; shipToHome:false"
"0001600048796","General Mills Corn Chex Cereal","Chex","4.99","12 oz","HIGH","inStore:true; curbside:true; delivery:true; shipToHome:false"
"0001600016197","General Mills® Trix™ Fruity Shapes Giant Size Cereal","Trix","7.49","23.4 oz","HIGH","inStore:true; curbside:true; delivery:true; shipToHome:false"
"0088491218005","Post Big Biscuit Shredded Wheat Cereal - 15 oz","Shredded Wheat","4.69","15 oz","TEMPORARILY_OUT_OF_STOCK","inStore:true; curbside:true; delivery:true; shipToHome:false"
"0003000057330","Cap'n Crunch® Giant Size Cereal","Cap'N Crunch","5.79","25.7 oz","HIGH","inStore:true; curbside:true; delivery:true; shipToHome:false"
"0003000057332","Cap'n Crunch's® Oops! All Berries Giant Size Cereal","Cap'N Crunch","5.79","19.6 oz","HIGH","inStore:true; curbside:true; delivery:true; shipToHome:false"
"0004119210399","Kellogg's Cracklin' Oat Bran Breakfast Cereal Original, 16.5 oz","Cracklin' Oat Bran","6.29","16.5 oz","LOW","inStore:true; curbside:true; delivery:true; shipToHome:false"
"0004119210199","Kellogg's® Frosted Mini-Wheats Blueberry Muffin Cereal","Frosted Mini-Wheats","5.29","13.301 oz","HIGH","inStore:true; curbside:true; delivery:true; shipToHome:false"
"0088491200237","Great Grains Cranberry Almond Crunch Breakfast Cereal - 14 oz","Great Grains","5.29","14 oz","LOW","inStore:true; curbside:true; delivery:true; shipToHome:false"
"0088491244365","Fruity PEBBLES Marshmallow Cereal - 13.5 oz","Fruity Pebbles","5.29","13.5 oz","HIGH","inStore:true; curbside:true; delivery:true; shipToHome:false"
"0004240046297","Mom's Best Fruity Rings Cereal - 12.2 oz","Mom's Best","3.49","12.2 oz","HIGH","inStore:true; curbside:true; delivery:true; shipToHome:false"
"0001600016361","General Mills Cheerios™ Oat Crunch Cinnamon Large Size Cereal","Cheerios","5.99","18.2 oz","HIGH","inStore:true; curbside:true; delivery:true; shipToHome:false"
"0001600027549","General Mills Wheat Chex™ Cereal","Chex","4.99","14 oz","HIGH","inStore:true; curbside:true; delivery:true; shipToHome:false"
"0088491228054","Post Fruity PEBBLES Cereal Fruity Kids Cereal","Fruity Pebbles","1.25","2 oz","HIGH","inStore:true; curbside:true; delivery:true; shipToHome:false"
"0001600015762","General Mills® Fiber One™ Original Bran Cereal","Fiber One","5.99","19.6 oz","HIGH","inStore:true; curbside:true; delivery:true; shipToHome:false"
"0001600020819","General Mills Corn Chex™ Giant Size Cereal","Chex","8.49","23.2 oz","HIGH","inStore:true; curbside:true; delivery:true; shipToHome:false"
"0004119210227","Kellogg's® Special K Blueberry Cereal","Special K","4.49","11.2 oz","LOW","inStore:true; curbside:true; delivery:true; shipToHome:false"
"0003000066213","Cap'n Crunch's® Peanut Butter Crunch Giant Size Cereal","Cap'N Crunch","5.79","22.5 oz","HIGH","inStore:true; curbside:true; delivery:true; shipToHome:false"
"0001600017104","General Mills Kix™ Crispy Corn Puffs Family Size Cereal","Kix","5.99","18 oz","HIGH","inStore:true; curbside:true; delivery:true; shipToHome:false"
"0001862711583","Kashi GO Chocolate Crunch Protein Cereal","Kashi Go","5.99","16 oz","LOW","inStore:true; curbside:true; delivery:true; shipToHome:false"
"0088491248496","Post Honeycomb Breakfast Cereal - 23.5 oz","Honeycomb","6.49","23.5 oz","LOW","inStore:true; curbside:true; delivery:true; shipToHome:false"
"0003800019843","Kellogg's® All-Bran Buds Cereal","All-Bran","6.99","22.0 oz","HIGH","inStore:true; curbside:true; delivery:true; shipToHome:false"
"0001600016347","General Mills Chocolate Cheerios™ Large Size Cereal","Cheerios","5.99","14.3 oz","HIGH","inStore:true; curbside:true; delivery:true; shipToHome:false"
"0001600016346","General Mills® Apple Cinnamon Cheerios™ Large Size Cereal","Cheerios","5.99","14.2 oz","TEMPORARILY_OUT_OF_STOCK","inStore:true; curbside:true; delivery:true; shipToHome:false"
"0004119211669","Kellogg's Special K Cereal Banana Nut Bread 12.9oz","Special K","4.49","12.9 oz","HIGH","inStore:true; curbside:true; delivery:true; shipToHome:false"
"0002190813321","Cascadian Farm™ Organic Oats and Honey Granola Cereal","Cascadian Farm Organic","4.99","11 oz","HIGH","inStore:true; curbside:true; delivery:true; shipToHome:false"
"0003800019841","Kellogg's® All-Bran Original Cereal","All-Bran","6.99","18.6 oz","HIGH","inStore:true; curbside:true; delivery:true; shipToHome:false"
"0001862711571","Kashi GO Protein Cereal","Kashi Go","5.99","12.301 oz","LOW","inStore:true; curbside:true; delivery:true; shipToHome:false"
"0001862711573","Kashi GO Cinnamon Crunch Protein Cereal","Kashi Go","5.99","17.4 oz","TEMPORARILY_OUT_OF_STOCK","inStore:false; curbside:false; delivery:false; shipToHome:false"
"0001600016349","General Mills Very Berry Cheerios Large Size Cereal","Cheerios","5.99","14.5 oz","LOW","inStore:true; curbside:true; delivery:true; shipToHome:false"
"0085641600071","Bear Naked Cereal Granola Vanilla Almond Crisp 12oz","Bear Naked","4.79","12 oz","HIGH","inStore:true; curbside:true; delivery:true; shipToHome:false"
"0003000031328","Quaker® Honey Nut Oatmeal Squares Cereal","Quaker","5.49","14.5 oz","HIGH","inStore:true; curbside:true; delivery:true; shipToHome:false"
"0001862711611","Kashi Maple Waffle Bites Cereal","Kashi","5.99","12.7 oz","LOW","inStore:true; curbside:true; delivery:true; shipToHome:false"
"0001111002280","Kroger® Crazy Berry Crunch Cereal Giant Size","Kroger","3.99","23.7 oz","LOW","inStore:true; curbside:true; delivery:true; shipToHome:false"
"0004119211060","Kellogg's® Honey Smacks® Cereal","Kellogg's","5.79","16.3 oz","HIGH","inStore:true; curbside:true; delivery:true; shipToHome:false"
"0001862711737","Kashi Go Cereal Honey Almond 2.1oz","Kashi","2","2.1 oz","HIGH","inStore:true; curbside:true; delivery:true; shipToHome:false"
"0001862711615","Kashi Blueberry Clusters Cereal","Kashi","5.99","17.2 oz","HIGH","inStore:true; curbside:true; delivery:true; shipToHome:false"
"0001862711613","Kashi Autumn Wheat Cereal","Kashi","5.99","18 oz","HIGH","inStore:true; curbside:true; delivery:true; shipToHome:false"
"0001862711739","Kashi Go Cereal Chocolate 2.1oz","Kashi","2","2.1 oz","HIGH","inStore:true; curbside:true; delivery:true; shipToHome:false"
"0001600023247","General Mills® Confetti Cheerios™ Cereal","Cheerios","5.49","11.0 oz","HIGH","inStore:true; curbside:true; delivery:true; shipToHome:false"
"0001600023402","General Mills Cinnamon Toast Crunch™ Peanut Butter Cereal","General Mills","5.99","12.30 oz","HIGH","inStore:true; curbside:true; delivery:true; shipToHome:false"
"0004119211617","Kellogg's® Cocoa Loops Cereal","Cocoa Loops","1.25","1.5oz","HIGH","inStore:true; curbside:true; delivery:true; shipToHome:false"
"0004119210325","Kellogg's® Frosted Mini-Wheats Cocoa Cereal","Frosted Mini-Wheats","5.29","13.3 oz","HIGH","inStore:true; curbside:true; delivery:true; shipToHome:false"
"0001111015011","Kroger® Puffs Peanut Butter Chocolate Corn Cereal","Kroger","2.79","12.3 oz","HIGH","inStore:true; curbside:true; delivery:true; shipToHome:false"
"0001862711565","Kashi Go Cereal Peanut Butter 16.9oz","Kashi Go","5.99","16.9 oz","HIGH","inStore:true; curbside:true; delivery:true; shipToHome:false"
"0088491248554","Honey Bunches of Oats Protein Cinnamon Cereal, 15 oz","Honey Bunches of Oats","5.29","15 oz","HIGH","inStore:true; curbside:true; delivery:true; shipToHome:false"
"0001862711603","Kashi Strawberry Banana Smoothie Loops Cereal","Kashi","5.99","12.7 oz","TEMPORARILY_OUT_OF_STOCK","inStore:false; curbside:false; delivery:false; shipToHome:false"
"0003000031596","Cap'n Crunch's Crunch Berries® Sweetened Corn & Oat Cereal Cup","Cap'N Crunch","1.25","1.3 oz","HIGH","inStore:true; curbside:true; delivery:true; shipToHome:false"
"0001862711609","Kashi Island Vanilla Cereal","Kashi","5.99","18 oz","HIGH","inStore:true; curbside:true; delivery:true; shipToHome:false"
"0088491237747","Premier Protein Mixed Berry Almond Protein Cereal - 9 oz","Premier Protein","6.49","9 oz","HIGH","inStore:true; curbside:true; delivery:true; shipToHome:false"
"0001600022984","General Mills GHOST™ High Protein Cinnamon Breakfast Cereal","General Mills","9.79","9.2 oz","HIGH","inStore:true; curbside:true; delivery:true; shipToHome:false"
"0001600016367","General Mills Frosted Cheerios™ Large Size Cereal","Cheerios","6.99","13.5 oz","HIGH","inStore:true; curbside:true; delivery:true; shipToHome:false"
"0088491237750","Premier Protein Chocolate Almond Protein Cereal - 9 oz","Premier Protein","6.49","9 oz","HIGH","inStore:true; curbside:true; delivery:true; shipToHome:false"
"0004119211247","Kellogg's® Special K Baked Cinnamon Crunch Cereal","Special K","4.49","12.5 oz","HIGH","inStore:true; curbside:true; delivery:true; shipToHome:false"
"0001600016849","General Mills Cheerios™ Oat Crunch Almond Large Size Cereal","Cheerios","6.49","18.2 oz","HIGH","inStore:true; curbside:true; delivery:true; shipToHome:false"
"0001862711599","Kashi Honey Toasted Cereal","Kashi","5.99","13.6 oz","HIGH","inStore:true; curbside:true; delivery:true; shipToHome:false"
"0001111013883","Kroger® Muesli Cereal","Kroger","3.49","14 oz","TEMPORARILY_OUT_OF_STOCK","inStore:false; curbside:false; delivery:false; shipToHome:false"
"0001600016362","General Mills Fruity Cheerios™ Large Size Cereal","Cheerios","5.99","14.2 oz","LOW","inStore:true; curbside:true; delivery:true; shipToHome:false"
"0085608800391","Seven Sundays Simply Honey Oat Protein Cereal","Seven Sundays","7.49","8 oz","HIGH","inStore:false; curbside:false; delivery:false; shipToHome:false"
"0004119211759","Kellogg's® Raisin Bran Protein Touch of Cinnamon Large Size Cereal","Raisin Bran","5.99","14.9 oz","HIGH","inStore:true; curbside:true; delivery:true; shipToHome:false"
"0001600015765","General Mills Fiber One™ Honey Clusters Cereal","Fiber One","5.99","17.5 oz","LOW","inStore:true; curbside:true; delivery:true; shipToHome:false"
"0001600015764","General Mills™ Basic 4™ Fruit and Nut Cereal","General Mills","5.99","19.8 oz","TEMPORARILY_OUT_OF_STOCK","inStore:true; curbside:true; delivery:true; shipToHome:false"
"0001600014159","General Mills Cheerios™ Cereal Cup","Cheerios","1.25","1.3 oz","HIGH","inStore:true; curbside:true; delivery:true; shipToHome:false"
"0001600018517","General Mills Strawberry Banana Cheerios™ Large Size Cereal","Cheerios","6.49","14.9 oz","HIGH","inStore:true; curbside:true; delivery:true; shipToHome:false"
"0008634117056","Grain Berry® Raisin Bran Cereal","Grain Berry","6.29","16.6 oz","TEMPORARILY_OUT_OF_STOCK","inStore:false; curbside:false; delivery:false; shipToHome:false"
"0088491228055","Post Cocoa PEBBLES Cereal Chocolatey Kids Cereal","Cocoa Pebbles","1.25","2 oz","HIGH","inStore:true; curbside:true; delivery:true; shipToHome:false"
"0088462310165","Bear Naked Cereal Granola Cacao Cashew Butter Soft Baked 11oz","Bear Naked","4.79","11 oz","HIGH","inStore:true; curbside:true; delivery:true; shipToHome:false"
"0001600023574","Lucky Charms™ Unicorn Magic Breakfast Cereal","General Mills","5.49","10.500 oz","HIGH","inStore:true; curbside:true; delivery:true; shipToHome:false"
"0003000031378","Cap'n Crunch® Original Bag Cereal","Cap'N Crunch","7.79","40 oz","LOW","inStore:true; curbside:true; delivery:true; shipToHome:false"
"0001600022207","GHOST™ Protein Cereal Marshmallow","Ghost®","9.79","9.4 oz","HIGH","inStore:true; curbside:true; delivery:true; shipToHome:false"
"0001600022208","Ghost™ Protein Cereal Peanut Butter","Ghost®","9.79","10.8 oz","LOW","inStore:true; curbside:true; delivery:true; shipToHome:false"
"0063912389409","Mixed Melon Cubes Fresh Cut In Store Daily","","5","18 oz","","inStore:true; curbside:true; delivery:true; shipToHome:false"
"0000000003093","Fresh Cotton Candy Seedless Green Grapes in Bag","Fresh Grapes","4.99","1 lb","HIGH","inStore:true; curbside:true; delivery:true; shipToHome:false"
"0063912389403","Seedless Watermelon Cubes Fresh Cut In Store Daily","","5","18 oz","","inStore:true; curbside:true; delivery:true; shipToHome:false"
"0000000004022","Kroger® Fresh Seedless White Grapes","Kroger","2.79","1 lb","HIGH","inStore:true; curbside:true; delivery:true; shipToHome:false"
"0003338322101","Fresh Blueberries - 1 PT Clamshell","Fresh Berries","3.99","1 pt","HIGH","inStore:true; curbside:true; delivery:true; shipToHome:false"
"0000000004023","Fresh Seedless Red Grapes","","2.79","1 lb","HIGH","inStore:true; curbside:true; delivery:true; shipToHome:false"
"0001111003931","Private Selection® Fresh Colossal Blueberries","Private Selection","5.99","9.8 oz","TEMPORARILY_OUT_OF_STOCK","inStore:true; curbside:true; delivery:true; shipToHome:false"
"0003338324000","Fresh Blackberries - 6 OZ Clamshell","Fresh Berries","2.99","6 oz","HIGH","inStore:true; curbside:true; delivery:true; shipToHome:false"
"0001111091825","Kroger® Gala Apples – 3 Pound Bag","","3.99","3 lb","TEMPORARILY_OUT_OF_STOCK","inStore:true; curbside:true; delivery:true; shipToHome:false"
"0000000004225","Fresh Large Ripe Avocado","Fresh Avocados","2.5","1 each","HIGH","inStore:true; curbside:true; delivery:true; shipToHome:false"
"0001111001791","Simple Truth Organic® Cherry Berry Blend Frozen Fruit","Simple Truth Organic","8.79","32 oz","LOW","inStore:true; curbside:true; delivery:true; shipToHome:false"
"0085006501613","Pitaya Foods® All Natural 100% Fruit Passion Fruit Seedless Cubes","Pitaya Foods","14.99","32 oz","TEMPORARILY_OUT_OF_STOCK","inStore:false; curbside:false; delivery:false; shipToHome:false"
"0000000004050","Cantaloupe","","3.5","1 ct","TEMPORARILY_OUT_OF_STOCK","inStore:true; curbside:true; delivery:true; shipToHome:false"
"0000000004011","Fresh Bunch of Bananas – 5-7 Bananas","Fresh Bananas","0.49","1 lb","","inStore:true; curbside:true; delivery:true; shipToHome:false"
"0003338314616","Seedless Mandarin Clementine Oranges in 3lb Bag","Fresh Citrus","5.49","3 lb","HIGH","inStore:true; curbside:true; delivery:true; shipToHome:false"
"0081841100163","Sambazon® Organic Acai Bowl Strawberry Flavored Fruit Core With Coconut Flakes Topping","Sambazon","3.99","5.9 oz","HIGH","inStore:true; curbside:true; delivery:true; shipToHome:false"
"0000000003283","Large Honeycrisp Apple – Each","Fresh Apples","2.79","1 lb","HIGH","inStore:true; curbside:true; delivery:true; shipToHome:false"
"0000000004258","Fresh Rainier Cherries in Bag","Fresh Cherries","5.99","1 lb","HIGH","inStore:true; curbside:true; delivery:true; shipToHome:false"
"0085005489409","Strawberry Pineapple And Blueberry Fruit Mix Bowl Fresh Cut In Store Daily","","","32 oz","","inStore:false; curbside:false; delivery:false; shipToHome:false"
"0085368700481","Pitaya Foods® Organic Dragon Fruit Bite Sized Pieces","Pitaya Foods","14.99","32 oz","TEMPORARILY_OUT_OF_STOCK","inStore:false; curbside:false; delivery:false; shipToHome:false"
"0001111001616","Simple Truth Organic® Blueberries","Simple Truth Organic","7.99","18 oz","HIGH","inStore:true; curbside:true; delivery:true; shipToHome:false"
"0085368700480","Pitaya Foods® Organic 100% Fruit Immunity Bite Size Pieces","Pitaya Foods","14.99","32 oz","TEMPORARILY_OUT_OF_STOCK","inStore:true; curbside:true; delivery:true; shipToHome:false"
"0001111018177","Kroger® Fresh Nectarines in 2 LB Bag","Fresh Stone fruit","5.99","2 lb","HIGH","inStore:true; curbside:true; delivery:true; shipToHome:false"
"0003338320027","Fresh Strawberries – 1 LB Clamshell","Fresh Berries","3.29","1 lb","HIGH","inStore:true; curbside:true; delivery:true; shipToHome:false"
"0081884902001","Zespri™ Sungold™ Fresh Kiwi Fruit","Zespri","4.99","1 lb","HIGH","inStore:true; curbside:true; delivery:true; shipToHome:false"
"0000000004045","Fresh Red Cherries in Bag","Fresh Cherries","4.99","1 lb","HIGH","inStore:true; curbside:true; delivery:true; shipToHome:false"
"0000000004046","Fresh Medium Ripe Avocado","Fresh Avocados","1","1 each","HIGH","inStore:true; curbside:true; delivery:true; shipToHome:false"
"0000000003035","Fresh White Nectarine","Fresh Stone fruit","2.99","1 lb","TEMPORARILY_OUT_OF_STOCK","inStore:true; curbside:true; delivery:true; shipToHome:false"
"0003338322241","Fresh Blueberries - 18 OZ - Clamshell","Fresh Berries","6.49","18 oz","HIGH","inStore:true; curbside:true; delivery:true; shipToHome:false"
"0000000004042","Fresh Red Plum - Each","Fresh Stone fruit","2.99","1 lb","HIGH","inStore:true; curbside:true; delivery:true; shipToHome:false"
"0000000003117","Fresh Southern Yellow Peach","Fresh Stone fruit","1.79","1 lb","TEMPORARILY_OUT_OF_STOCK","inStore:true; curbside:true; delivery:true; shipToHome:false"
"0001111064959","Private Selection® Fresh Black Diamond Watermelon","Private Selection","7.99","1 ct","HIGH","inStore:true; curbside:true; delivery:true; shipToHome:false"
"0000000004401","Fresh White Peach - Each","Fresh Stone fruit","2.99","1 lb","HIGH","inStore:true; curbside:true; delivery:true; shipToHome:false"
"0085368700404","Pitaya Foods® Organic Dragon Fruit Smoothie Packs","PitayaPlus","6.79","4 pk / 3.5 oz","LOW","inStore:true; curbside:true; delivery:true; shipToHome:false"
"0001111062374","Simple Truth Organic™ Fresh Yellow Nectarines in 2 LB Bag","Fresh Stone fruit","6.99","32 oz","TEMPORARILY_OUT_OF_STOCK","inStore:false; curbside:false; delivery:false; shipToHome:false"
"0000000093035","Organic Fresh White Nectarine","Fresh Stone fruit","3.99","1 ct","TEMPORARILY_OUT_OF_STOCK","inStore:true; curbside:true; delivery:true; shipToHome:false"
"0001111015029","Simple Truth Organic® Blender Free Green Fruit Smoothie Cubes","Simple Truth Organic","6.99","10.58 oz","HIGH","inStore:true; curbside:true; delivery:true; shipToHome:false"
"0001111084880","Simple Truth Organic® Mixed Fruit Medley Frozen Fruit","Simple Truth Organic","7.29","32 oz","LOW","inStore:true; curbside:true; delivery:true; shipToHome:false"
"0079144700004","Fresh Red Raspberries - 12 OZ Clamshell","Fresh Berries","6.89","12 oz","HIGH","inStore:true; curbside:true; delivery:true; shipToHome:false"
"0001111015030","Simple Truth Organic® Blender Free Probiotic Blue Fruit Smoothie Cubes","Simple Truth Organic","6.99","10.58 oz","HIGH","inStore:true; curbside:true; delivery:true; shipToHome:false"
"0003338320038","Fresh Organic Strawberries - 1 LB clamshell","Fresh Berries","4.99","1 lb","TEMPORARILY_OUT_OF_STOCK","inStore:true; curbside:true; delivery:true; shipToHome:false"
"0085006501618","Pitaya Foods® Organic Protein Smoothie Bowl - Dragon Fruit Mango","Pitaya Foods","4.99","8 fl oz","HIGH","inStore:true; curbside:true; delivery:true; shipToHome:false"
"0063912389439","Strawberry Pineapple And Blueberry Fruit Mix Bowl Fresh Cut In Store Daily","","11.99","32 oz","","inStore:true; curbside:true; delivery:true; shipToHome:false"
"0000000004430","Fresh Ripe Whole Pineapple","","2.99","1 ct","HIGH","inStore:true; curbside:true; delivery:true; shipToHome:false"
"0000000004036","Fresh Yellow Nectarine","Fresh Stone fruit","3.99","1 lb","HIGH","inStore:true; curbside:true; delivery:true; shipToHome:false"
"0003338320030","Fresh Strawberries - 2 LB Clamshell","Fresh Berries","6.49","2 lb","HIGH","inStore:true; curbside:true; delivery:true; shipToHome:false"
"0003338321000","Fresh Red Raspberries - 6 OZ Clamshell","","3.49","6 oz","HIGH","inStore:true; curbside:true; delivery:true; shipToHome:false"
"0000000004032","Seedless Whole Watermelon","Fresh Melons","5.99","1 ct","HIGH","inStore:true; curbside:true; delivery:true; shipToHome:false"
"0000000004038","Fresh California Yellow Peach – Each","Fresh Stone fruit","3.99","1 lb","HIGH","inStore:true; curbside:true; delivery:true; shipToHome:false"
"0000000004959","Large Mangos","","1.67","1 ct","HIGH","inStore:true; curbside:true; delivery:true; shipToHome:false"
"0063912389407","Mixed Melon Cubes Fruit Mix Fresh Cut In Store Daily","","3","10 oz","","inStore:true; curbside:true; delivery:true; shipToHome:false"
"0085005489429","Mango Cubes Fresh Cut In Store Daily","","","18 oz","","inStore:false; curbside:false; delivery:false; shipToHome:false"
"0085004567797","Fresh Cut Tropical Fruit and Blueberries Fruit Mix","","","10 oz","","inStore:false; curbside:false; delivery:false; shipToHome:false"
"0000000004223","Large Ripe Avocado","Fresh Avocados","","large","TEMPORARILY_OUT_OF_STOCK","inStore:true; curbside:true; delivery:true; shipToHome:false"
"0000000004261","Fresh Brown Coconuts","","2.99","1 ct","LOW","inStore:true; curbside:true; delivery:true; shipToHome:false"
"0000000004262","Sweet Young Coconuts","","","1 ct","TEMPORARILY_OUT_OF_STOCK","inStore:true; curbside:true; delivery:true; shipToHome:false"
"0081841100032","Sambazon® Pure Unsweetened Acai Berry Superfruit Packs","Sambazon","6.99","4 ct / 14.1 oz","HIGH","inStore:true; curbside:true; delivery:true; shipToHome:false"
"0063912394044","Strawberry Clementine & Grape Fruit Mix Fresh Cut In Store Daily","","5","9 oz","","inStore:true; curbside:true; delivery:true; shipToHome:false"
"0004126033330","Simple Truth Organic® Freshly Frozen Raspberries","Simple Truth Organic","4.39","10 oz","HIGH","inStore:true; curbside:true; delivery:true; shipToHome:false"
"0001111008143","Simple Truth Organic® Frozen Blueberries BIG DEAL!","Simple Truth Organic","11.99","48 oz","LOW","inStore:true; curbside:true; delivery:true; shipToHome:false"
"0001111036742","Simple Truth Organic® Frozen Blueberries","Simple Truth Organic","4.39","10 oz","HIGH","inStore:true; curbside:true; delivery:true; shipToHome:false"
"0063912389410","Mixed Melon Cubes Fruit Mix Fresh Cut In Store Daily","","10","36 oz","","inStore:true; curbside:true; delivery:true; shipToHome:false"
"0000000094225","Fresh Organic Large Ripe Avocado","Fresh Avocados","2.79","1 each","HIGH","inStore:true; curbside:true; delivery:true; shipToHome:false"
"0001111008142","Simple Truth Organic® Frozen Sliced Strawberries BIG DEAL!","Simple Truth Organic","11.99","48 oz","HIGH","inStore:true; curbside:true; delivery:true; shipToHome:false"
"0063912389496","Fruit Mix Fresh Cut In Store Daily","","7.49","20 oz","","inStore:true; curbside:true; delivery:true; shipToHome:false"
"0063912389497","Fruit Mix Fresh Cut In Store Daily","Japanese Food Express Inc","11.99","36 oz","","inStore:true; curbside:true; delivery:true; shipToHome:false"
"0085004567785","Mixed Berries Fruit Mix Fresh Cut In Store Daily","","","9 oz","","inStore:false; curbside:false; delivery:false; shipToHome:false"
"0085004567788","Mixed Melon Cubes Fruit Mix Fresh Cut In Store Daily","","","10 oz","","inStore:false; curbside:false; delivery:false; shipToHome:false"
"0000000003205","White Coconut","","2.49","1 ct","","inStore:true; curbside:true; delivery:true; shipToHome:false"
"0000000003488","Jumbo Mangos","","","1 ct","TEMPORARILY_OUT_OF_STOCK","inStore:false; curbside:false; delivery:false; shipToHome:false"
"0001111062402","Kroger® Fresh Jumbo Hass Avocados Bag","Kroger","5.99","5 ct","TEMPORARILY_OUT_OF_STOCK","inStore:true; curbside:true; delivery:true; shipToHome:false"
"0063912389422","Tropical Fruit Mix Fresh Cut In Store Daily","","4.99","10 oz","","inStore:true; curbside:true; delivery:true; shipToHome:false"
"0063912389423","Tropical Fruit Mix Fresh Cut In Store Daily","","8.99","20 oz","","inStore:true; curbside:true; delivery:true; shipToHome:false"
"0001111018209","Simple Truth Organic® Fresh Avocados Bag","Simple Truth Organic","4.99","4 ct","TEMPORARILY_OUT_OF_STOCK","inStore:true; curbside:true; delivery:true; shipToHome:false"
"0004114312010","Sun-Maid® California Sun-Dried Raisins Dried Fruit Snack","Sun-Maid","3.29","6 oz","HIGH","inStore:true; curbside:true; delivery:true; shipToHome:false"
"0063912389429","Pineapple Cubes Fresh Cut In Store Daily","Japanese Food Express Inc","10","36 oz","","inStore:true; curbside:true; delivery:true; shipToHome:false"
"0000000094959","Organic Mango","","2.5","1 ct","HIGH","inStore:true; curbside:true; delivery:true; shipToHome:false"
"0063912389426","Pineapple Cubes Fresh Cut In Store Daily","","3","10 oz","","inStore:true; curbside:true; delivery:true; shipToHome:false"
"0085004567778","Seedless Watermelon Cubes Fresh Cut In Store Daily","","","18 oz","","inStore:false; curbside:false; delivery:false; shipToHome:false"
"0000000004040","Fresh Black Plum - Each","Fresh Stone fruit","2.99","1 lb","HIGH","inStore:true; curbside:true; delivery:true; shipToHome:false"
"0081841100174","Sambazon® Berry Bliss™ Organic Frozen Acai Bowl","Sambazon","3.99","6.1 oz","TEMPORARILY_OUT_OF_STOCK","inStore:true; curbside:true; delivery:true; shipToHome:false"
"0001111018174","Kroger® Fresh Peaches in 2 LB Bag","Fresh Stone fruit","5.99","2 lb","HIGH","inStore:true; curbside:true; delivery:true; shipToHome:false"
"0081841100176","Sambazon® Amazon Superberry™ Acai Bowl","Sambazon","3.99","6.1 oz","TEMPORARILY_OUT_OF_STOCK","inStore:false; curbside:false; delivery:false; shipToHome:false"
"0001111015061","Simple Truth Organic® Sliced Strawberries Blackberries and Blueberries Triple Berry Smoothie Blend","Simple Truth","8.79","32 oz","HIGH","inStore:true; curbside:true; delivery:true; shipToHome:false"
"0000000004961","Honey Mangos","","1","1 ct","HIGH","inStore:true; curbside:true; delivery:true; shipToHome:false"
"0000000094046","Fresh Organic Medium Ripe Avocado","Fresh Avocados","","1 each","TEMPORARILY_OUT_OF_STOCK","inStore:false; curbside:false; delivery:false; shipToHome:false"
"0063912394018","Pineapple, Strawberry & Kiwi Bowl Fresh Cut In Store Daily","","7.49","18 oz","","inStore:true; curbside:true; delivery:true; shipToHome:false"
"0063912389435","Mixed Berries Fruit Mix Fresh Cut In Store Daily","","6.99","9 oz","","inStore:true; curbside:true; delivery:true; shipToHome:false"
"0085004567767","Pineapple Cubes Fresh Cut In Store Daily","","","10 oz","","inStore:false; curbside:false; delivery:false; shipToHome:false"
"0001111018180","Kroger® Fresh Hass Avocados Bag","Kroger","3.99","4 ct","HIGH","inStore:true; curbside:true; delivery:true; shipToHome:false"
"0085004567769","Pineapple Cubes Fresh Cut In Store Daily","","","36 oz","","inStore:false; curbside:false; delivery:false; shipToHome:false"
"0001111079135","Simple Truth Organic® Chunked Frozen Pineapple","Simple Truth Organic","2.79","10 oz","HIGH","inStore:true; curbside:true; delivery:true; shipToHome:false"
"0061611226606","Wholly® Avocado Diced Avocado Trays","Wholly","5.99","2 ct / 4 oz","HIGH","inStore:true; curbside:true; delivery:true; shipToHome:false"
"0000000004235","Fresh Plantain - Single","","0.75","1 ea","HIGH","inStore:true; curbside:true; delivery:true; shipToHome:false"
"0000000003421","Mini Seedless Whole Watermelon","","4.49","1 ct","HIGH","inStore:true; curbside:true; delivery:true; shipToHome:false"
"0000000004312","Honey Mangos","","","1 ct","TEMPORARILY_OUT_OF_STOCK","inStore:false; curbside:false; delivery:false; shipToHome:false"
"0085005051508","Fruit Riot!® Strawberry Peach Sour Mango Mix","Fruit Riot!™","7.99","8 oz","TEMPORARILY_OUT_OF_STOCK","inStore:true; curbside:true; delivery:true; shipToHome:false"
"0063912389444","Mixed Fruit Bowl Fresh Cut In Store Daily","","15.99","62 oz","","inStore:true; curbside:true; delivery:true; shipToHome:false"
"0000000094036","Organic Yellow Nectarine","","4.99","1 lb","HIGH","inStore:false; curbside:false; delivery:false; shipToHome:false"
"0004114302917","Sun-Maid® California Sun-Dried Raisins Dried Fruit Snack","Sun-Maid","7.99","32 oz","HIGH","inStore:true; curbside:true; delivery:true; shipToHome:false"
"0063912389404","Seedless Watermelon Cubes Fresh Cut In Store Daily","","10","36 oz","","inStore:true; curbside:true; delivery:true; shipToHome:false"
"0063912389405","Seedless Watermelon Cubes Fresh Cut In Store Daily","","14.99","60 oz","","inStore:true; curbside:true; delivery:true; shipToHome:false"
"0004134531712","Oregon™ Fruit Products Pitted Dark Sweet Cherries","Oregon Fruit Products","5.49","15 oz","HIGH","inStore:true; curbside:true; delivery:true; shipToHome:false"
"0002400026129","Del Monte Escapes Mango Strawberry-Rita Fruit Cups","Del Monte","3.79","2 ct / 7 oz","LOW","inStore:false; curbside:false; delivery:false; shipToHome:false"
"0001111091829","Kroger® Granny Smith Apples – 3 Pound Bag","","3.99","3 lb","HIGH","inStore:true; curbside:true; delivery:true; shipToHome:false"
"0082415011208","POM Wonderful Pomegranate Arils, Ready to Eat Pomegranate Seeds","POM Wonderful","6.99","8 oz","LOW","inStore:true; curbside:true; delivery:true; shipToHome:false"
"0085006501617","Pitaya Foods® Organic Protein Smoothie Bowl - Acai Strawberry Banana","Pitaya Foods","4.99","8 fl oz","HIGH","inStore:true; curbside:true; delivery:true; shipToHome:false"
"0063912389452","Fresh Cut Seedless Watermelon Quarter","Kroger","4.49","1 ct","","inStore:true; curbside:true; delivery:true; shipToHome:false"
"0063912389419","Cantaloupe Cubes Fresh Cut In Store Daily","","5","18 oz","","inStore:true; curbside:true; delivery:true; shipToHome:false"
"0002400013211","Del Monte No Sugar Added Fruit Cocktail","Del Monte","2.89","14.5 oz","HIGH","inStore:true; curbside:true; delivery:true; shipToHome:false"
"0001111015299","Kroger® Dried Mixed Fruit BIG DEAL!","Kroger","13.49","32 oz","LOW","inStore:true; curbside:true; delivery:true; shipToHome:false"
"0001111016025","Private Selection® Frozen Classic Fruit Medley","Private Selection","10.99","48 oz","LOW","inStore:true; curbside:true; delivery:true; shipToHome:false"
"0063912389417","Cantaloupe Cubes Fresh Cut In Store Daily","","3","10 oz","","inStore:true; curbside:true; delivery:true; shipToHome:false"
"0003890009062","Dole Pineapple & Papaya Tropical Fruit 15.25 oz","Dole","3.29","15.25 oz","HIGH","inStore:true; curbside:true; delivery:true; shipToHome:false"
"0000000004053","Fresh Large Lemon - Each","Fresh Citrus","0.85","1 each","HIGH","inStore:true; curbside:true; delivery:true; shipToHome:false"
"0001397100502","Bare® Baked Crunchy Simply Banana Chips Dried Fruit Snack","Bare","5.49","2.7 oz","HIGH","inStore:true; curbside:true; delivery:true; shipToHome:false"
"0000000094011","Fresh Bunch of Organic Bananas – 5-7 Bananas","Fresh Bananas","0.69","1 lb","","inStore:true; curbside:true; delivery:true; shipToHome:false"
"0063912389465","Fresh Cut Seedless Watermelon Quarter","","5.99","40 oz","","inStore:true; curbside:true; delivery:true; shipToHome:false"
"0063912389466","Fresh Cut Seedless Watermelon Quarter","","6.99","46 oz","","inStore:true; curbside:true; delivery:true; shipToHome:false"
"0063912389468","Fresh Cut Seedless Watermelon 4 Slices","","3.99","21-25 oz","","inStore:false; curbside:false; delivery:false; shipToHome:false"
"0063912389464","Fresh Cut Seedless Watermelon Quarter","","4.99","35 oz","","inStore:true; curbside:true; delivery:true; shipToHome:false"
"0085368700494","Pitaya Foods® Organic Premium Acai Berry Bite Sized Pieces","Pitaya Foods","14.99","12 oz","TEMPORARILY_OUT_OF_STOCK","inStore:false; curbside:false; delivery:false; shipToHome:false"
"0001111002947","Kroger® Canned Extra Cherry Mixed Fruit in Light Syrup","Kroger","1.89","15 oz","HIGH","inStore:true; curbside:true; delivery:true; shipToHome:false"
"0063912389469","Seedless Watermelon Slices Fresh Cut In Store Daily","","4.29","26 oz","","inStore:true; curbside:true; delivery:true; shipToHome:false"
"0063912389428","Pineapple Cubes Fresh Cut in Store Daily","Japanese Food Express Inc","5","18 oz","","inStore:true; curbside:true; delivery:true; shipToHome:false"
"0001600014705","Fruit Roll-Ups™ Fruit by the Foot™ Gushers™ Fruit Flavored Snacks Variety Pack","Fruit Roll-Ups","6.49","16 ct / 0.64 oz","HIGH","inStore:true; curbside:true; delivery:true; shipToHome:false"
"0081012048185","Daily Harvest Vanilla Bean Protein Smoothie","Daily Harvest","7.49","7 oz","TEMPORARILY_OUT_OF_STOCK","inStore:false; curbside:false; delivery:false; shipToHome:false"
"0001111002942","Kroger® Canned Fruit Cocktail in Heavy Syrup","Kroger","1.89","15.25 oz","HIGH","inStore:true; curbside:true; delivery:true; shipToHome:false"
"0001111002943","Kroger® Canned Fruit Cocktail in Pear Juice","Kroger","1.89","15 oz","HIGH","inStore:true; curbside:true; delivery:true; shipToHome:false"
"0085004459946","Tattooed Chef™ Organic Acai Bowl","Tattooed Chef","4.49","6.1 oz","HIGH","inStore:true; curbside:true; delivery:true; shipToHome:false"
"0085004459947","Tattooed Chef™ Peanut Butter Acai Bowl","Tattooed Chef","4.49","6.1 oz","HIGH","inStore:true; curbside:true; delivery:true; shipToHome:false"
"0007990000123","Wyman's® Mango Berry Frozen Fruit","Wyman's","15.49","3 lb","HIGH","inStore:true; curbside:true; delivery:true; shipToHome:false"
"0000000004409","Fresh Large Bartlett Pear","","2.69","1 lb","TEMPORARILY_OUT_OF_STOCK","inStore:true; curbside:true; delivery:true; shipToHome:false"
"0001111015824","Simple Truth® Protein Blender Free Smoothie Cubes","Simple Truth Organic","6.99","10.58 oz","HIGH","inStore:true; curbside:true; delivery:true; shipToHome:false"
"0002400016704","Del Monte Fruit Cocktail in Heavy Syrup","Del Monte","2.89","15.25 oz","HIGH","inStore:true; curbside:true; delivery:true; shipToHome:false"
"0001111015031","Simple Truth® Blender Free Mocha Protein Smoothie Cubes","Simple Truth Organic","6.99","10.58 oz","HIGH","inStore:true; curbside:true; delivery:true; shipToHome:false"
"0004134551718","Oregon Fruit Products Pitted Red Tart Cherries","Oregon Fruit Products","5.49","14.5 oz","HIGH","inStore:true; curbside:true; delivery:true; shipToHome:false"
"0085006501619","Pitaya Foods® Organic Protein Smoothie Bowl - Chocolate Banana","Pitaya Foods","4.99","8 fl oz","HIGH","inStore:true; curbside:true; delivery:true; shipToHome:false"
"0081009099125","That's it® Organic Fruit Crunchables™ Apple Crisps","That's It","5.99","6 ct / 0.35 oz","HIGH","inStore:true; curbside:true; delivery:true; shipToHome:false"
"0002400026130","Del Monte Escapes Pineapple Pina Colada Fruit Cups","Del Monte","3.49","2 pk / 7 oz","HIGH","inStore:false; curbside:false; delivery:false; shipToHome:false"
"0002400001092","Del Monte Fruit Cocktail in Heavy Syrup","Del Monte","4.29","30 oz","TEMPORARILY_OUT_OF_STOCK","inStore:true; curbside:true; delivery:true; shipToHome:false"
"0001111002933","Kroger® Canned Fruit Cocktail in Heavy Syrup","Kroger","3.29","30 oz","LOW","inStore:true; curbside:true; delivery:true; shipToHome:false"
"0001111002932","Kroger® Canned Fruit Cocktail in Extra Light Syrup","Kroger","1.89","15 oz","HIGH","inStore:true; curbside:true; delivery:true; shipToHome:false"
"0001111014902","Kroger® Pink Lady® Apples – 3 Pound Bag","Kroger","3.99","3 lb","HIGH","inStore:true; curbside:true; delivery:true; shipToHome:false"
"0000000003107","Medium Fresh Navel Oranges- Each","Fresh Citrus","1.25","1 each","HIGH","inStore:true; curbside:true; delivery:true; shipToHome:false"
"0085006501620","Pitaya Foods® Organic Protein Smoothie Bowl - Blue Spirulina Coconut","Pitaya Foods","4.99","8 fl oz","HIGH","inStore:true; curbside:true; delivery:true; shipToHome:false"
"0081009099171","That's It® Organic Fruit Crunchables™ Apple + Mango Crisps","That's It","5.99","6 ct / 0.35 oz","HIGH","inStore:true; curbside:true; delivery:true; shipToHome:false"
"0085981000250","Cape Cod Select Frozen Cranberries","Cape Cod","4.99","16 oz","HIGH","inStore:true; curbside:true; delivery:true; shipToHome:false"
"0000000003507","Large Cosmic Crisp® Apple – Each","Fresh Apples","2.29","1 lb","HIGH","inStore:true; curbside:true; delivery:true; shipToHome:false"
"0001334306010","La Costena® Fruit Cocktail in Heavy Syrup","La Costena","3.88","29 oz","HIGH","inStore:true; curbside:true; delivery:true; shipToHome:false"
"0003890000473","Dole® Canned Pineapple Chunks Fruit In 100% Pineapple Juice","Dole","2.49","20 oz","HIGH","inStore:true; curbside:true; delivery:true; shipToHome:false"
"0085005489426","Peeled Clementine Pieces Fresh Cut In Store Daily","","","18 oz","","inStore:false; curbside:false; delivery:false; shipToHome:false"
"0001111005556","Simple Truth Organic® Sweet Red Cherries","Fresh Cherries","5.99","1 lb","HIGH","inStore:false; curbside:false; delivery:false; shipToHome:false"
"0000000003094","Fresh Moon Drops Seedless Black Grapes in Bag","Fresh Grapes","","1 lb","HIGH","inStore:true; curbside:true; delivery:true; shipToHome:false"
"0003338324001","Fresh Blackberries - 12 OZ Clamshell","Fresh Berries","5.89","12 oz","HIGH","inStore:true; curbside:true; delivery:true; shipToHome:false"
"0001111008102","Simple Truth® No Sugar Added Freeze-Dried Strawberries BIG DEAL!","Simple Truth","8.49","2 oz","HIGH","inStore:true; curbside:true; delivery:true; shipToHome:false"
"0063912389490","Peeled Clementine Pieces Fresh Cut In Store Daily","Japanese Food Express Inc","6","18 oz","","inStore:true; curbside:true; delivery:true; shipToHome:false"
"0001111061348","Simple Truth Organic® Clamshell Seedless Red Grapes","Simple Truth Organic","6.99","2 lb","HIGH","inStore:true; curbside:true; delivery:true; shipToHome:false"
"0001111004186","Private Selection® Supremely Sweet Fresh Strawberries","Private Selection","","10 oz","TEMPORARILY_OUT_OF_STOCK","inStore:true; curbside:true; delivery:true; shipToHome:false"
"0005916550200","Fresh Organic Red Raspberries - 6 OZ Clamshell","Fresh Berries","4.49","6 oz","HIGH","inStore:true; curbside:true; delivery:true; shipToHome:false"
"0000000003499","Fresh Candy Hearts Seedless Red Grapes in Bag","Fresh Grapes","4.99","1 lb","HIGH","inStore:true; curbside:true; delivery:true; shipToHome:false"
"0003890000513","Dole® Canned Pineapple Tidbits Fruit In 100% Pineapple Juice","Dole","2.49","20 oz","HIGH","inStore:true; curbside:true; delivery:true; shipToHome:false"
"0009792355007","Bard Valley Natural Delights Pitted Fresh Medjool Dates","Bard Valley","5.99","12 oz","HIGH","inStore:true; curbside:true; delivery:true; shipToHome:false"
"0085004567782","Mixed Melon Cubes Fresh Cut In Store Daily","","","18 oz","","inStore:false; curbside:false; delivery:false; shipToHome:false"
"0063912389414","Honeydew Cubes Fresh Cut In Store Daily","","5","18 oz","","inStore:true; curbside:true; delivery:true; shipToHome:false"
"0000000004056","Kroger® Fresh Seedless Black Grapes","","2.79","1 lb","HIGH","inStore:true; curbside:true; delivery:true; shipToHome:false"
"0000000003040","White Dragon Fruit","","4.99","1 ct","HIGH","inStore:true; curbside:true; delivery:true; shipToHome:false"
"0063912394046","Watermelon Spears Fresh Cut In Store Daily","","6","20 oz","","inStore:true; curbside:true; delivery:true; shipToHome:false"
"0001111061356","Kroger® Seedless Tricolor Grapes","Kroger","6.99","3 lb","TEMPORARILY_OUT_OF_STOCK","inStore:true; curbside:true; delivery:true; shipToHome:false"
"0001111061350","Simple Truth Organic® Seedless Black Grapes Clamshell","Simple Truth","6.99","32 oz","HIGH","inStore:true; curbside:true; delivery:true; shipToHome:false"
"0001111001615","Simple Truth Organic® Blueberries","Simple Truth Organic","3.99","6 oz","LOW","inStore:true; curbside:true; delivery:true; shipToHome:false"
"0071575610022","Fresh Organic Blackberries","Fresh Berries","3.99","6 oz","HIGH","inStore:true; curbside:true; delivery:true; shipToHome:false"
"0003485686201","Welch's® Juicefuls® Fruit Wave","Welch's","10.49","20 ct / 0.08 oz","TEMPORARILY_OUT_OF_STOCK","inStore:true; curbside:true; delivery:true; shipToHome:false"
"0085004567779","Cantaloupe Cubes Fresh Cut In Store Daily","","","18 oz","","inStore:false; curbside:false; delivery:false; shipToHome:false"
"0063912389470","Mango Cubes Fresh Cut In Store Daily","Japanese Food Express Inc","7.99","18 oz","","inStore:true; curbside:true; delivery:true; shipToHome:false"
"0001111079120","Private Selection® Triple Berry Blend Frozen Fruit","Private Selection","12.99","48 oz","HIGH","inStore:true; curbside:true; delivery:true; shipToHome:false"
"0001111083119","Private Selection™ Fresh Skylar Rae Super Sweet Washington Cherries - approx 1 LB clamshell","Fresh Cherries","5.99","1 lb","HIGH","inStore:true; curbside:true; delivery:true; shipToHome:false"
"0000000094045","Fresh Organic Red Cherries in bag","Fresh Cherries","5.99","1 lb","HIGH","inStore:false; curbside:false; delivery:false; shipToHome:false"
"0003890000619","Dole® Canned Crushed Pineapple Fruit In 100% Pineapple Juice","Dole","1.79","8 oz","HIGH","inStore:true; curbside:true; delivery:true; shipToHome:false"
"0003890000613","Dole® Canned Crushed Pineapple Fruit In 100% Pineapple Juice","Dole","2.49","20 oz","HIGH","inStore:true; curbside:true; delivery:true; shipToHome:false"
"0007990000321","Wyman's® Cherry Berry & Kale Mix Frozen Fruit","Wyman's","15.49","3 lb","HIGH","inStore:true; curbside:true; delivery:true; shipToHome:false"
"0000000003319","Yellow Dragon Fruit","","4.99","1 ct","HIGH","inStore:true; curbside:true; delivery:true; shipToHome:false"
"0003890000139","Dole® Canned Pineapple Slices Fruit In 100% Pineapple Juice","Dole","1.79","8 oz","HIGH","inStore:true; curbside:true; delivery:true; shipToHome:false"
"0007146430952","Bolthouse Farms™ Amazing Mango 100% Fruit Juice Smoothie","Bolthouse Farms","6.99","52 fl oz","LOW","inStore:true; curbside:true; delivery:true; shipToHome:false"
"0003890000143","Dole® Canned Pineapple Slices Fruit In 100% Pineapple Juice","Dole","2.49","20 oz","HIGH","inStore:true; curbside:true; delivery:true; shipToHome:false"
"0004280800046","Driscoll’s® Rainbow Pack Fresh Blackberries Raspberries an Blueberries","Fresh Berries","5.99","7 oz","TEMPORARILY_OUT_OF_STOCK","inStore:true; curbside:true; delivery:true; shipToHome:false"
"0003890000462","Dole® Canned Pineapple Chunks Fruit In Heavy Syrup","Dole","2.49","20 oz","HIGH","inStore:true; curbside:true; delivery:true; shipToHome:false"
"0003890000102","Dole® Canned Pineapple Slices Fruit In Heavy Syrup","Dole","2.49","20 oz","HIGH","inStore:true; curbside:true; delivery:true; shipToHome:false"
"0073231300224","Crunch Pak® Bluey Snacker with Peeled Sweet Apples Animal Crackers & Reduced Sugar Fruit Snacks","Crunch Pak","2.99","4.25 oz","LOW","inStore:true; curbside:true; delivery:true; shipToHome:false"
"0003890003099","Dole® Mandarin Oranges In 100% Fruit Juice","Dole","5.49","1 jar / 23.5 oz","HIGH","inStore:true; curbside:true; delivery:true; shipToHome:false"
"0001111062618","Simple Truth Organic® Fresh Strawberries","Simple Truth Organic","5.99","10 oz","TEMPORARILY_OUT_OF_STOCK","inStore:true; curbside:true; delivery:true; shipToHome:false"
"0000000004636","Fresh Seeded Red Grapes in Bag","Fresh Grapes","2.99","1 lb","TEMPORARILY_OUT_OF_STOCK","inStore:true; curbside:true; delivery:true; shipToHome:false"
"0063912396007","Pineapple Spears Fresh Cut In Store Daily","","6","20 oz","","inStore:true; curbside:true; delivery:true; shipToHome:false"
"0001111013178","Private Selection® Premium Mandarin Oranges in Fruit Juice from Concentrate","Private Selection","8.49","35 oz","HIGH","inStore:true; curbside:true; delivery:true; shipToHome:false"
"0001111061374","Kroger® Fresh Seedless Black Grapes in Clamshell","Kroger","6.99","3 lb","HIGH","inStore:true; curbside:true; delivery:true; shipToHome:false"
"0063912389401","Seedless Watermelon Fresh Cut In Store Daily","","3","10 oz","","inStore:true; curbside:true; delivery:true; shipToHome:false"
"0001111061376","Kroger® Seedless Red Grapes","Kroger","6.99","3 lb","HIGH","inStore:true; curbside:true; delivery:true; shipToHome:false"
"0001111061375","Kroger® Seedless Green Grapes","","6.99","3 lb","HIGH","inStore:true; curbside:true; delivery:true; shipToHome:false"
"0003890000469","Dole® Canned Pineapple Chunks Fruit In 100% Pineapple Juice","Dole","1.79","8 oz","HIGH","inStore:true; curbside:true; delivery:true; shipToHome:false"
"0085005051501","Fruit Riot!® Sour Grapes Mix Sour Candy Coated Mixed Grapes","Fruit Riot!™","7.99","8 oz","HIGH","inStore:true; curbside:true; delivery:true; shipToHome:false"
"0004114309059","Sun-Maid® Blueberry & Vanilla Yogurt Covered Raisins","Sun-Maid","3.99","4.5 oz","HIGH","inStore:true; curbside:true; delivery:true; shipToHome:false"
"0085004567751","Cantaloupe Cubes Fresh Cut In Store Daily","","","10 oz","","inStore:false; curbside:false; delivery:false; shipToHome:false"
"0001111008429","Simple Truth Organic® Dried Montmorency Tart Cherries","Simple Truth Organic","4.99","5 oz","HIGH","inStore:false; curbside:false; delivery:false; shipToHome:false"
"0085004567758","Fresh Cut Honeydew Cubes","","","7 oz","","inStore:false; curbside:false; delivery:false; shipToHome:false"
"0004114309053","Sun-Maid® Strawberry and Vanilla Yogurt Covered Raisins","Sun-Maid","3.99","6 oz","HIGH","inStore:true; curbside:true; delivery:true; shipToHome:false"
"0085004567759","Fresh Cut Honeydew Cubes","","","10 oz","","inStore:false; curbside:false; delivery:false; shipToHome:false"
"0063912394043","Strawberry Cheese & Grape Combo Fresh Cut In Store Daily","","6","9 oz","","inStore:true; curbside:true; delivery:true; shipToHome:false"
"0009792300010","Bard Valley Natural Delights Organic Pitted Medjool Dates","Bard Valley","8.99","12 oz","HIGH","inStore:true; curbside:true; delivery:true; shipToHome:false"
"0001111012699","Simple Truth Organic® Sweetened Dried Cranberries","Simple Truth Organic","3.29","5 oz","LOW","inStore:false; curbside:false; delivery:false; shipToHome:false"
"0001111012697","Kroger® Dried Cranberries","Kroger","2.29","6 oz","TEMPORARILY_OUT_OF_STOCK","inStore:true; curbside:true; delivery:true; shipToHome:false"
"0001111012694","Kroger® Low Sugar Dried Cranberries","Kroger","2.29","5 oz","LOW","inStore:true; curbside:true; delivery:true; shipToHome:false"
"0063912389412","Fresh Cut Honeydew Cubes","","3","10 oz","","inStore:false; curbside:false; delivery:false; shipToHome:false"
"0007102232126","Mariani® Mediterranean Apricots","Mariani","19.99","32 oz","TEMPORARILY_OUT_OF_STOCK","inStore:true; curbside:true; delivery:true; shipToHome:false"
"0084665900056","Cherry Bay Orchards No Added Sugar Dried Tart Cherries","Cherry Bay Orchards","6.29","4 oz","LOW","inStore:true; curbside:true; delivery:true; shipToHome:false"
"0063912388046","Fresh Cut Veggie Small Tray with Ranch Dip","","12.99","20.5 oz","","inStore:false; curbside:false; delivery:false; shipToHome:false"
"0085004567780","Honeydew Cubes Fresh Cut In Store Daily","","","18 oz","","inStore:false; curbside:false; delivery:false; shipToHome:false"
"0001111015297","Kroger® Pitted Dates BIG DEAL!","Kroger","11.99","32 oz","LOW","inStore:true; curbside:true; delivery:true; shipToHome:false"
"0007102232135","Mariani® Pitted Dried Prunes","Mariani","13.99","32 oz","HIGH","inStore:true; curbside:true; delivery:true; shipToHome:false"
"0001111015298","Kroger® Dried Mediterranean Apricots BIG DEAL!","Kroger","16.99","32 oz","HIGH","inStore:false; curbside:false; delivery:false; shipToHome:false"
"0001111016103","Kroger® Frozen Sliced Bananas","Kroger","2.99","16 oz","HIGH","inStore:true; curbside:true; delivery:true; shipToHome:false"
"0009792300000","Natural Delights® Organic Whole Medjool Dates","Natural Delights","12.99","2 lb","LOW","inStore:true; curbside:true; delivery:true; shipToHome:false"
"0063912396031","Mango Papaya","","6","12 oz","","inStore:true; curbside:true; delivery:true; shipToHome:false"
"0001111004654","Simple Truth Organic® Kiwifruit","Simple Truth Organic","4.49","16 oz","TEMPORARILY_OUT_OF_STOCK","inStore:true; curbside:true; delivery:true; shipToHome:false"
"0063912396032","Fresh Made Daily Kiwi Strawberry Mandarin 9 oz Container","","6","9 oz","","inStore:true; curbside:true; delivery:true; shipToHome:false"
"0063912396034","Pineapple Kiwi Papaya","","5","12 oz","","inStore:true; curbside:true; delivery:true; shipToHome:false"
"0007102231727","Mariani® Sweetened Dried Strawberries","Mariani","5.49","3.5 oz","HIGH","inStore:false; curbside:false; delivery:false; shipToHome:false"
"0001111011379","Simple Truth® Freeze-Dried Bananas","Simple Truth","4.99","1.5 oz","TEMPORARILY_OUT_OF_STOCK","inStore:false; curbside:false; delivery:false; shipToHome:false"
"0001111013874","Kroger® Dried Mango","Kroger","13.99","16 oz","LOW","inStore:true; curbside:true; delivery:true; shipToHome:false"
"0001111089623","Private Selection® Frozen Blueberries Strawberries & Mangoes","Private Selection","10.99","48 oz","HIGH","inStore:true; curbside:true; delivery:true; shipToHome:false"
"0001111015975","Kroger® Freeze Dried Apples","Kroger","3.99","0.75 oz","HIGH","inStore:true; curbside:true; delivery:true; shipToHome:false"
"0063912389420","Cantaloupe Cubes Fresh Cut In Store Daily","","10","36 oz","","inStore:true; curbside:true; delivery:true; shipToHome:false"
"0009792300236","Natural Delights® Organic Pitted Medjool Dates","Natural Delights","12.99","24 oz","TEMPORARILY_OUT_OF_STOCK","inStore:true; curbside:true; delivery:true; shipToHome:false"
"0003890004255","Dole Mandarin Oranges 15 oz","Dole","2.99","15 oz","HIGH","inStore:true; curbside:true; delivery:true; shipToHome:false"
"0085004567774","Whole Strawberries Fresh Cut In Store Daily","","","8 oz","","inStore:false; curbside:false; delivery:false; shipToHome:false"
"0001111016279","Kroger® Dried Apricots","Kroger","16.99","32 oz","HIGH","inStore:true; curbside:true; delivery:true; shipToHome:false"
"0085001211717","Tru Fru Frozen Fresh Banana's in Peanut Butter and Dark Chocolate","Tru Fru","8.99","8 oz","LOW","inStore:true; curbside:true; delivery:true; shipToHome:false"
"0001111011380","Simple Truth® Freeze-Dried Strawberries and Mangos","Simple Truth","4.99","1 oz","TEMPORARILY_OUT_OF_STOCK","inStore:false; curbside:false; delivery:false; shipToHome:false"
"0063912394056","Berry Kiwi Cup Fresh Cut In Store Daily","","7.99","11 oz","","inStore:true; curbside:true; delivery:true; shipToHome:false"
"0001111011424","Simple Truth® Freeze-Dried Strawberries Multipack","Simple Truth","7.49","6 ct / 0.35 oz","LOW","inStore:true; curbside:true; delivery:true; shipToHome:false"
"0009792354330","Bard Valley Natural Delights® Medjool Dates","Natural Delights","7.99","16 oz","HIGH","inStore:true; curbside:true; delivery:true; shipToHome:false"
"0063912396039","Fresh Made Daily Mixed Melon Grapes","","5","18 oz","","inStore:true; curbside:true; delivery:true; shipToHome:false"
"0063912389436","Mixed Berries Fresh Cut In Store Daily","","16.99","32 oz","","inStore:true; curbside:true; delivery:true; shipToHome:false"
"0063912389437","Whole Strawberries Fresh Cut In Store Daily","","6.99","8 oz","","inStore:true; curbside:true; delivery:true; shipToHome:false"
"0063912389438","Fresh Cut Whole Strawberries","","9.99","15 oz","","inStore:false; curbside:false; delivery:false; shipToHome:false"
"0009792300265","Natural Delights® Organic Coconut Rolled Mini Medjools","Natural Delights","5.99","10 oz","HIGH","inStore:true; curbside:true; delivery:true; shipToHome:false"
"0086000627417","Salento Provisions® Organic Dried Pineapple","Salento Provisions","6.99","3.5 oz","LOW","inStore:false; curbside:false; delivery:false; shipToHome:false"
"0001111012004","Simple Truth Organic® Sun Ripened Unsulfured Dried Mangoes","Simple Truth Organic","14.99","16 oz","HIGH","inStore:true; curbside:true; delivery:true; shipToHome:false"
"0063912394029","Yellow Watermelon Slices","","4.49","21 oz","","inStore:false; curbside:false; delivery:false; shipToHome:false"
"0001397100520","Bare® Baked Crunchy Toasted Coconut Chips","Bare","5.49","2.7 oz","HIGH","inStore:true; curbside:true; delivery:true; shipToHome:false"
"0004114309071","Sun-Maid® Vanilla Yogurt Covered Raisins","Sun-Maid","3.99","6 oz","HIGH","inStore:true; curbside:true; delivery:true; shipToHome:false"
"0001111069102","Simple Truth Organic® Fuji Apples – 2 Pound Bag","Simple Truth Organic","4.29","2 lb","HIGH","inStore:true; curbside:true; delivery:true; shipToHome:false"
"0002400055043","Del Monte Diced Mango in Extra Light Syrup","Del Monte","2.89","15 oz","HIGH","inStore:true; curbside:true; delivery:true; shipToHome:false"
"0001111016053","Simple Truth Organic® Frozen Sliced Peaches","Simple Truth Organic","3.29","12 oz","HIGH","inStore:true; curbside:true; delivery:true; shipToHome:false"
"0000000004341","Yellow Seedless Whole Watermelon","Fresh Melons","9.99","1 ct","HIGH","inStore:true; curbside:true; delivery:true; shipToHome:false"
"0890408350945","24 Mantra Organic® Kesar Mango Pulp","24 Mantra","9.99","30 oz","HIGH","inStore:true; curbside:true; delivery:true; shipToHome:false"
"0001111087812","Private Selection® Sliced Freestone Frozen Peaches","Private Selection","4.49","16 oz","LOW","inStore:true; curbside:true; delivery:true; shipToHome:false"
"0001111083931","Private Selection® Diced Haas Frozen Avocados","Private Selection","4.49","16 oz","HIGH","inStore:true; curbside:true; delivery:true; shipToHome:false"
"0000000003611","Fresh Black Plumcot","Fresh Stone fruit","2.99","1 lb","HIGH","inStore:true; curbside:true; delivery:true; shipToHome:false"
"0005783679993","Wow™ Dreamberry Greenhouse Grown Strawberries","","4.99","10 oz","TEMPORARILY_OUT_OF_STOCK","inStore:false; curbside:false; delivery:false; shipToHome:false"
"0000000094409","Organic Fresh Large Bartlett Pear","","3.49","1 lb","HIGH","inStore:false; curbside:false; delivery:false; shipToHome:false"
"0004133109083","Goya Frozen Papaya Pulp","GOYA","4.79","14 oz","","inStore:true; curbside:true; delivery:true; shipToHome:false"
"0001111016022","Private Selection® Frozen Super Sweet Pineapple Chunks","Private Selection","4.49","16 oz","HIGH","inStore:true; curbside:true; delivery:true; shipToHome:false"
"0000000004134","Large Gala Apple - Each","Fresh Apples","1.79","1 lb","HIGH","inStore:true; curbside:true; delivery:true; shipToHome:false"
"0001111001623","Simple Truth Organic® Blueberries","Simple Truth Organic","5.29","1 pt","HIGH","inStore:true; curbside:true; delivery:true; shipToHome:false"
"0000000004131","Large Fuji Apple – Each","Fresh Apples","1.79","1 lb","HIGH","inStore:true; curbside:true; delivery:true; shipToHome:false"
"0071575620022","Fresh Organic Strawberries - 2 LB Clamshell","Fresh Berries","7.99","2 lb","TEMPORARILY_OUT_OF_STOCK","inStore:false; curbside:false; delivery:false; shipToHome:false"
"0000000004416","Fresh Large D'Anjou Pear - Each","","2.69","1 ct","HIGH","inStore:true; curbside:true; delivery:true; shipToHome:false"
"0000000004218","Apricots","Fresh Stone fruit","3.49","1 lb","HIGH","inStore:true; curbside:true; delivery:true; shipToHome:false"
"0000000004417","Fresh Large D'Anjou Red Pear","","2.69","1 lb","TEMPORARILY_OUT_OF_STOCK","inStore:false; curbside:false; delivery:false; shipToHome:false"
"0001111087405","Private Selection® Chunked Super Sweet Frozen Pineapple","Private Selection","10.99","48 oz","LOW","inStore:true; curbside:true; delivery:true; shipToHome:false"
"0000000004413","Fresh Large Bosc Pear - Each","","2.69","1 lb","HIGH","inStore:true; curbside:true; delivery:true; shipToHome:false"
"0000000094131","Organic Fuji Apple – Each","Fresh Apples","2.79","1 lb","HIGH","inStore:true; curbside:true; delivery:true; shipToHome:false"
"0000000003609","Fresh Red Plumcot","Fresh Stone fruit","2.99","1 lb","HIGH","inStore:true; curbside:true; delivery:true; shipToHome:false"
"0001111061351","Private Selection® Fresh Donut Peaches in Clamshell","Fresh Stone fruit","4.99","4 ct","HIGH","inStore:true; curbside:true; delivery:true; shipToHome:false"
"0007432912314","OH SNAP!® Cranberry Sweeties™ Pouch","Oh Snap! Pickling Co.","1.49","2.25 oz","HIGH","inStore:true; curbside:true; delivery:true; shipToHome:false"
"0001111063574","Kroger® Fresh Apricots in 2 LB Clamshell","Fresh Stone fruit","5.99","2 lb.","HIGH","inStore:false; curbside:false; delivery:false; shipToHome:false"
"0000000094218","Organic Fresh Apricot","Fresh Stone fruit","4.49","1 lb","TEMPORARILY_OUT_OF_STOCK","inStore:false; curbside:false; delivery:false; shipToHome:false"
"0001111063055","Private Selection® Triple Berry","Private Selection","","7 oz","TEMPORARILY_OUT_OF_STOCK","inStore:true; curbside:true; delivery:true; shipToHome:false"
"0001111018176","Kroger® Fresh Pluots in 2 LB Bag","Fresh Stone fruit","5.99","32 oz","LOW","inStore:true; curbside:true; delivery:true; shipToHome:false"
"0001111022236","Kroger® Green Beans","Kroger","3.49","12 oz","","inStore:true; curbside:true; delivery:true; shipToHome:false"
"0001111018175","Kroger® Fresh Plums in 2 LB Bag","Fresh Stone fruit","5.99","2 lb","HIGH","inStore:true; curbside:true; delivery:true; shipToHome:false"
"0001111022111","Kroger® Fuji Apples – 5 Pound Bag","Kroger","5","5 lb","HIGH","inStore:true; curbside:true; delivery:true; shipToHome:false"
"0000000094042","Organic Fresh Red Plum","Fresh Stone fruit","3.99","1 ct","HIGH","inStore:false; curbside:false; delivery:false; shipToHome:false"
"0000000004129","Small Fuji Apple – Each","Fresh Apples","","1 each","TEMPORARILY_OUT_OF_STOCK","inStore:true; curbside:true; delivery:true; shipToHome:false"
"0000000094040","Organic Fresh Black Plum","Fresh Stone fruit","3.99","1 lb","TEMPORARILY_OUT_OF_STOCK","inStore:true; curbside:true; delivery:true; shipToHome:false"
"0000000003113","Fresh Donut Peach","Fresh Stone fruit","3.99","1 lb","HIGH","inStore:true; curbside:true; delivery:true; shipToHome:false"
"0000000003278","Fresh Mottled Plumcot","Fresh Stone fruit","2.99","1 lb","TEMPORARILY_OUT_OF_STOCK","inStore:false; curbside:false; delivery:false; shipToHome:false"
"0085004835842","Tru Fru Frozen Bananas in Dark Chocolate & Peanut Butter","Tru Fru","17.49","18.0 oz","HIGH","inStore:true; curbside:true; delivery:true; shipToHome:false"
"0000000094401","Organic Fresh White Peach","Fresh Stone fruit","3.99","1 lb","TEMPORARILY_OUT_OF_STOCK","inStore:true; curbside:true; delivery:true; shipToHome:false"
"0063912389472","Mixed Berries Fresh Cut In Store Daily","","10","15 oz","","inStore:true; curbside:true; delivery:true; shipToHome:false"
"0001111018187","Kroger® Gala Apples – 5 Pound Bag","Kroger","6.49","5 lb","HIGH","inStore:false; curbside:false; delivery:false; shipToHome:false"
"0001111018189","Kroger® Honeycrisp Apples – 3 Pound Bag","Kroger","6.99","3 lb","HIGH","inStore:true; curbside:true; delivery:true; shipToHome:false"
"0001111018188","Kroger® Fuji Apples – 3 Pound Bag","","3.99","3 lb","HIGH","inStore:true; curbside:true; delivery:true; shipToHome:false"
"0000000004034","Honeydew Melon","Fresh Melons","4.99","1 ct","LOW","inStore:true; curbside:true; delivery:true; shipToHome:false"
"0000000004031","Seeded Whole Watermelon","Fresh Melons","8.99","1 ct","HIGH","inStore:true; curbside:true; delivery:true; shipToHome:false"
"0000000004319","Athena Cantaloupe","Fresh Melons","3.99","1 ct","HIGH","inStore:true; curbside:true; delivery:true; shipToHome:false"
"0001111061379","Private Selection® Fresh Cherry Plums in 1 LB Clamshell","Fresh Stone fruit","4.99","1 lb","TEMPORARILY_OUT_OF_STOCK","inStore:true; curbside:true; delivery:true; shipToHome:false"
"0000000094038","Organic Fresh Yellow Peach","Fresh Stone fruit","4.99","1 lb","HIGH","inStore:true; curbside:true; delivery:true; shipToHome:false"
"0000000093421","Organic Mini Seedless Whole Watermelon","Fresh Melons","5.99","1 ct","TEMPORARILY_OUT_OF_STOCK","inStore:true; curbside:true; delivery:true; shipToHome:false"
"0007990000552","Wyman's® Protein Blend Strawberry Banana Pouch","Wyman's","10.99","2 lb","LOW","inStore:true; curbside:true; delivery:true; shipToHome:false"
"0001111022298","Private Selection® Seedless Mini Cucumbers","Private Selection","2.99","16 oz","HIGH","inStore:true; curbside:true; delivery:true; shipToHome:false"
"0000000004066","Fresh Green Beans","","2.19","1 lb","HIGH","inStore:true; curbside:true; delivery:true; shipToHome:false"
"0001111091116","Kroger® Tri-Color Bell Peppers","","3.99","20 oz","LOW","inStore:true; curbside:true; delivery:true; shipToHome:false"
"0000000004067","Zucchini","","1.79","1 lb","HIGH","inStore:true; curbside:true; delivery:true; shipToHome:false"
"0001450002100","Birds Eye Steamfresh Sweet Peas, Frozen Vegetables","Birds Eye","1.39","10 oz","HIGH","inStore:true; curbside:true; delivery:true; shipToHome:false"
"0001111079548","Kroger® Vegetable Medley BIG Deal!","Kroger","6","32 oz","","inStore:true; curbside:true; delivery:true; shipToHome:false"
"0001450003158","Birds Eye Teriyaki Stir Fry Veggies and Sauce, Frozen Vegetables","Birds Eye","3.49","15 oz","HIGH","inStore:true; curbside:true; delivery:true; shipToHome:false"
"0000000004062","Cucumber","","0.89","1 ct","HIGH","inStore:true; curbside:true; delivery:true; shipToHome:false"
"0001450002183","Birds Eye Steamfresh Broccoli Florets, Frozen Vegetables","Birds Eye","2.29","10.800 oz","HIGH","inStore:true; curbside:true; delivery:true; shipToHome:false"
"0000000004065","Fresh Large Green Bell Pepper","","1.19","1 ct","HIGH","inStore:true; curbside:true; delivery:true; shipToHome:false"
"0001111079542","Private Selection® Petite Gold Gourmet Potatoes","Fresh Potatoes","3.99","1.5 lb","HIGH","inStore:true; curbside:true; delivery:true; shipToHome:false"
"0063912388044","Vegetable Bowl Fresh Cut In Store Daily","Japanese Food Express Inc","10","26 oz","","inStore:true; curbside:true; delivery:true; shipToHome:false"
"0003338370154","Brussels Sprouts","Fresh Brussels Sprouts","3.99","1 lb","HIGH","inStore:true; curbside:true; delivery:true; shipToHome:false"
"0003470000060","Veg-All Original Mixed Vegetables","Veg-All","3.49","29 oz","HIGH","inStore:true; curbside:true; delivery:true; shipToHome:false"
"0000000003082","Broccoli Crown","Fresh Broccoli & Cauliflower","2.49","1 lb","HIGH","inStore:true; curbside:true; delivery:true; shipToHome:false"
"0001450002132","Birds Eye Steamfresh Broccoli and Cauliflower, Frozen Vegetables","Birds Eye","2.29","10.800 oz","HIGH","inStore:true; curbside:true; delivery:true; shipToHome:false"
"0000000004693","Fresh Jalapeno Peppers","","1.99","1 lb","HIGH","inStore:true; curbside:true; delivery:true; shipToHome:false"
"0001450002099","Birds Eye Steamfresh Super Sweet Corn, Frozen Vegetables","Birds Eye","1.39","10 oz","HIGH","inStore:true; curbside:true; delivery:true; shipToHome:false"
"0019056953780","Green Giant Simply Steam Garden Vegetable Medley","Green Giant","1.59","8 oz","HIGH","inStore:true; curbside:true; delivery:true; shipToHome:false"
"0001111091620","Kroger® Cut and Peeled Baby Carrots","","1.39","16 oz","HIGH","inStore:true; curbside:true; delivery:true; shipToHome:false"
"0001450002130","Birds Eye Steamfresh Broccoli, Carrots, Sugar Snap Peas, Water Chestnuts, Frozen Vegetables","Birds Eye","2.29","10.800 oz","TEMPORARILY_OUT_OF_STOCK","inStore:true; curbside:true; delivery:true; shipToHome:false"
"0001111010325","Kroger® Meal Ready Sides Frozen Vegetables California Style","Kroger","1.89","12 oz","HIGH","inStore:true; curbside:true; delivery:true; shipToHome:false"
"0001111061236","Kroger® Brussels Sprouts Halves","Kroger","3.99","12 oz","","inStore:true; curbside:true; delivery:true; shipToHome:false"
"0001111062682","Kroger® Vegetable Medley","Kroger","3.49","12 oz","","inStore:true; curbside:true; delivery:true; shipToHome:false"
"0000000004816","Sweet Potato","Fresh Potatoes","1.19","1 lb","HIGH","inStore:true; curbside:true; delivery:true; shipToHome:false"
"0000000004080","Green Asparagus","","3.49","1 lb","HIGH","inStore:true; curbside:true; delivery:true; shipToHome:false"
"0000000004562","Carrots","Fresh Carrots","1.69","1 lb","HIGH","inStore:true; curbside:true; delivery:true; shipToHome:false"
"0086001050713","Fresh Cut Vegetable Bowl","","","26 oz","","inStore:false; curbside:false; delivery:false; shipToHome:false"
"0001111091013","Kroger® Whole Baby Bella Mushrooms","","2.89","8 oz","HIGH","inStore:true; curbside:true; delivery:true; shipToHome:false"
"0001450002163","Birds Eye Steamfresh Asian Vegetable Medley, Frozen Vegetables","Birds Eye","2.99","10.800 oz","LOW","inStore:true; curbside:true; delivery:true; shipToHome:false"
"0001111003559","Simple Truth Organic® Frozen Vegetables Mixed","Simple Truth Organic","2.59","12 oz","LOW","inStore:true; curbside:true; delivery:true; shipToHome:false"
"0000000004087","Fresh Roma Tomato","Fresh Tomatoes","1.49","1 lb","HIGH","inStore:true; curbside:true; delivery:true; shipToHome:false"
"0001450002129","Birds Eye Steamfresh Carrots, Broccoli and Cauliflower, Frozen Vegetables","Birds Eye","2.29","10.8 oz (306g)","LOW","inStore:true; curbside:true; delivery:true; shipToHome:false"
"0003470000049","Veg-All Original Mixed Vegetables","Veg-All","1.89","15 oz","HIGH","inStore:true; curbside:true; delivery:true; shipToHome:false"
"0001450002128","Birds Eye Steamfresh Mixed Vegetables, Frozen Vegetables","Birds Eye","1.39","10 oz","HIGH","inStore:true; curbside:true; delivery:true; shipToHome:false"
"0001111086585","Kroger® Frozen Mixed Vegetables","Kroger","3.19","32 oz","TEMPORARILY_OUT_OF_STOCK","inStore:false; curbside:false; delivery:false; shipToHome:false"
"0001450002270","Birds Eye Teriyaki Frozen Stir Fry Veggies and Sauce, Frozen Vegetables","Birds Eye","8.99","52.200 oz","HIGH","inStore:true; curbside:true; delivery:true; shipToHome:false"
"0085005489433","Small Vegetable Tray No Dip Fresh Cut In Store Daily","","","19.5 oz","","inStore:false; curbside:false; delivery:false; shipToHome:false"
"0001111081119","Kroger Mixed Vegetables - 15oz can","Kroger","1.09","15 oz","HIGH","inStore:true; curbside:true; delivery:true; shipToHome:false"
"0000000004079","Cauliflower","Fresh Broccoli & Cauliflower","4.49","1 ct","HIGH","inStore:true; curbside:true; delivery:true; shipToHome:false"
"0001111018181","Kroger® Mini Sweet Peppers","","3.99","16 oz","HIGH","inStore:true; curbside:true; delivery:true; shipToHome:false"
"0001111018183","Kroger® Sweet Corn on the Cob","Fresh Corn","3.99","4 ct","HIGH","inStore:true; curbside:true; delivery:true; shipToHome:false"
"0000000004590","Fresh Sweet Corn on the Cob-Each","Fresh Corn","0.6","1 ct","HIGH","inStore:true; curbside:true; delivery:true; shipToHome:false"
"0001111091760","Kroger® Russet Potatoes Bag","Kroger","3.49","5 lb","HIGH","inStore:true; curbside:true; delivery:true; shipToHome:false"
"0063912388030","Fresh Cut Asparagus Mushrooms and Red Onions Saute Vegetable Mix","","5","8.2 oz","","inStore:false; curbside:false; delivery:false; shipToHome:false"
"0063912388072","Vegetable Bowl Fresh Cut In Store Daily","Japanese Food Express Inc","5","13 oz","","inStore:true; curbside:true; delivery:true; shipToHome:false"
"0001111002452","Kroger® Sugar Snap Peas","Kroger","3.29","8 oz","","inStore:true; curbside:true; delivery:true; shipToHome:false"
"0002400016319","Del Monte Mixed Vegetables","Del Monte","1.89","14.5 oz","TEMPORARILY_OUT_OF_STOCK","inStore:false; curbside:false; delivery:false; shipToHome:false"
"0001111089790","Kroger® Frozen Vegetable Soup Mix","Kroger","1.79","12 oz","HIGH","inStore:true; curbside:true; delivery:true; shipToHome:false"
"0019056930457","Green Giant Simply Steam Garlic & Herb Vegetable Medley with Dash Salt-Free Seasoning","Green Giant","2.19","9.5 oz","HIGH","inStore:true; curbside:true; delivery:true; shipToHome:false"
"0000000004068","Green Onions","","1.19","1 each","HIGH","inStore:true; curbside:true; delivery:true; shipToHome:false"
"0003338314606","Seedless Mandarin Clementine Oranges in 5lb Bag","Fresh Citrus","8.49","5 lb","HIGH","inStore:true; curbside:true; delivery:true; shipToHome:false"
"0000000004069","Green Cabbage","","0.99","1 lb","HIGH","inStore:true; curbside:true; delivery:true; shipToHome:false"
"0001450002268","Birds Eye Asian Style Stir Fry Vegetables, Frozen Vegetables","Birds Eye","8.99","52.2 oz","TEMPORARILY_OUT_OF_STOCK","inStore:true; curbside:true; delivery:true; shipToHome:false"
"0001111081118","Kroger No Salt added Mixed Vegetables - 15oz can","Kroger","1.09","15 oz","HIGH","inStore:true; curbside:true; delivery:true; shipToHome:false"
"0063912388045","Small Veggie Tray Without Dip Fresh Cut In Store Daily","","9.99","19.5 oz","","inStore:true; curbside:true; delivery:true; shipToHome:false"
"0007056097095","Pictsweet Farms® Frozen Vegetables for Roasting Halved Brussels Sprouts Butternut Squash & Onions","Pictsweet Farms","4.99","18 oz","HIGH","inStore:true; curbside:true; delivery:true; shipToHome:false"
"0001111014479","Simple Truth Organic® Stir Fry Vegetables","Simple Truth","2.59","12 oz","TEMPORARILY_OUT_OF_STOCK","inStore:true; curbside:true; delivery:true; shipToHome:false"
"0001111014237","Kroger® Stir-Fry Starters Mixed Vegetables","Kroger","3.49","16 oz","HIGH","inStore:true; curbside:true; delivery:true; shipToHome:false"
"0063912388047","Veggie Tray With Ranch Dip Fresh Cut In Store Daily","Japanese Food Express Inc","18.99","46.5 oz","","inStore:true; curbside:true; delivery:true; shipToHome:false"
"0001111089780","Kroger® Meal Ready Sides Frozen Vegetables Broccoli & Cauliflower","Kroger","1.89","12 oz","TEMPORARILY_OUT_OF_STOCK","inStore:false; curbside:false; delivery:false; shipToHome:false"
"0001111016342","Private Selection® Balsamic Vegetable Medley","Private Selection","4.29","12 oz","HIGH","inStore:false; curbside:false; delivery:false; shipToHome:false"
"0001111016345","Private Selection® Grilled Mediterranean Vegetables","Private Selection","4.29","16 oz","HIGH","inStore:false; curbside:false; delivery:false; shipToHome:false"
"0001111081934","Kroger® Meal Ready Sides Frozen Vegetables Mixed","Kroger","3.19","32 oz","HIGH","inStore:true; curbside:true; delivery:true; shipToHome:false"
"0001450002134","Birds Eye Steamfresh Corn, Carrots & Asparagus Mixed Vegetables, Frozen Vegetables","Birds Eye","2.29","10.8 oz","HIGH","inStore:true; curbside:true; delivery:true; shipToHome:false"
"0001450001284","Birds Eye® Steamfresh® Tuscan Style Blend Frozen Vegetables","Birds Eye","2.29","10 oz","HIGH","inStore:true; curbside:true; delivery:true; shipToHome:false"
"0000000004811","Turnip","","2.49","1 lb","HIGH","inStore:true; curbside:true; delivery:true; shipToHome:false"
"0019056912312","Green Giant Riced Cauliflower Medley, Frozen Vegetables","Green Giant","2.79","10 oz","HIGH","inStore:true; curbside:true; delivery:true; shipToHome:false"
"0019056912310","Green Giant Riced Veggies, Cauliflower, Frozen Vegetables","Green Giant","2.79","10 oz","HIGH","inStore:true; curbside:true; delivery:true; shipToHome:false"
"0019056961920","Green Giant Restaurant Style Roasted Root Vegetables with Garlic & Thyme","Green Giant","3.79","12 oz","HIGH","inStore:true; curbside:true; delivery:true; shipToHome:false"
"0007056097081","Pictsweet Farms® Red Potatoes Carrots Onions Zucchini Frozen Vegetables","Pictsweet Farms","4.99","18 oz","TEMPORARILY_OUT_OF_STOCK","inStore:false; curbside:false; delivery:false; shipToHome:false"
"0063912388056","Large Veggie Tray Without Dip Fresh Cut In Store Daily","Japanese Food Express Inc","19.99","42 oz","","inStore:true; curbside:true; delivery:true; shipToHome:false"
"0001111089782","Kroger® Meal Ready Sides Frozen Vegetables California Style","Kroger","1.89","12 oz","TEMPORARILY_OUT_OF_STOCK","inStore:false; curbside:false; delivery:false; shipToHome:false"
"0001450001190","Birds Eye® Steamfresh Mediterranean Style Blend Frozen Vegetables","Birds Eye","2.29","10.8 oz","HIGH","inStore:true; curbside:true; delivery:true; shipToHome:false"
"0000000004082","Jumbo Red Onions","Fresh Onions","1.59","1 lb","HIGH","inStore:true; curbside:true; delivery:true; shipToHome:false"
"0001450001991","Birds Eye Oven Roasters Brussels Sprouts & Carrots, Frozen Vegetables","Birds Eye","6.49","28 oz","TEMPORARILY_OUT_OF_STOCK","inStore:true; curbside:true; delivery:true; shipToHome:false"
"0001450001119","Birds Eye®  Steamfresh® Antioxidant Blend Frozen Vegetables","Birds Eye","2.29","10.8 oz","HIGH","inStore:true; curbside:true; delivery:true; shipToHome:false"
"0001111089735","Kroger® Frozen Mixed Vegetables","Kroger","1.29","12 oz","HIGH","inStore:true; curbside:true; delivery:true; shipToHome:false"
"0085004459943","Tattooed Chef™ Crispy Oven Baked Vegetables","Tattooed Chef","6.99","10 oz","TEMPORARILY_OUT_OF_STOCK","inStore:false; curbside:false; delivery:false; shipToHome:false"
"0001111015588","Simple Truth® Frozen Protein Wild Rice Vegetable Blend","Simple Truth","5.99","12 oz","LOW","inStore:true; curbside:true; delivery:true; shipToHome:false"
"0001111015589","Simple Truth® Frozen Protein Mediterranean Style Vegetable Blend","Simple Truth","5.99","12 oz","LOW","inStore:true; curbside:true; delivery:true; shipToHome:false"
"0001115209390","Dynasty® Chinese Stir Fry Vegetables","Dynasty","3.79","15 oz","HIGH","inStore:true; curbside:true; delivery:true; shipToHome:false"
"0007056095011","Pictsweet Farms® Family Size Frozen Simple Harvest Mixed Vegetables","Pictsweet Farms","4.69","24 oz","HIGH","inStore:true; curbside:true; delivery:true; shipToHome:false"
"0001450001265","Birds Eye Normandy Blend, Frozen Vegetables Mix","Birds Eye","8.99","60 oz","TEMPORARILY_OUT_OF_STOCK","inStore:true; curbside:true; delivery:true; shipToHome:false"
"0000000004074","Red Sweet Potato","Fresh Potatoes","1.99","1 lb","TEMPORARILY_OUT_OF_STOCK","inStore:true; curbside:true; delivery:true; shipToHome:false"
"0085004459937","Tattooed Chef™ Sheet Pan Vegetables","Tattooed Chef","6.99","10 oz","TEMPORARILY_OUT_OF_STOCK","inStore:false; curbside:false; delivery:false; shipToHome:false"
"0001450000179","Birds Eye® Ultimate Cheesy California Blend Frozen Vegetables","Birds Eye","3.49","11 oz","HIGH","inStore:true; curbside:true; delivery:true; shipToHome:false"
"0001450001267","Birds Eye California Blend with Carrots, Broccoli, Cauliflower, Frozen Vegetables","Birds Eye","8.99","60 oz","HIGH","inStore:true; curbside:true; delivery:true; shipToHome:false"
"0001111086694","Kroger® Frozen Vegetable Soup Mix","Kroger","1.79","12 oz","TEMPORARILY_OUT_OF_STOCK","inStore:false; curbside:false; delivery:false; shipToHome:false"
"0007056097663","Pictsweet Farms® Frozen Broccoli Florets, Red Potatoes & Carrots Vegetables for Roasting","Pictsweet Farms","4.99","12 oz","HIGH","inStore:true; curbside:true; delivery:true; shipToHome:false"
"0001111009160","Simple Truth Organic® Frozen Vegetables Mixed BIG DEAL!","Simple Truth Organic","8.99","48 oz","HIGH","inStore:true; curbside:true; delivery:true; shipToHome:false"
"0007056090151","Pictsweet Farms® Seasoned Vegetables for the Air Fryer Red Potatoes, Onions & Sweet Peppers","Pictsweet Farms","4.99","14 oz","HIGH","inStore:true; curbside:true; delivery:true; shipToHome:false"
"0001450000937","Birds Eye Mixed Vegetables, Corn, Carrots, Green Beans & Peas, Frozen Vegetables","Birds Eye","8.99","80 oz","LOW","inStore:true; curbside:true; delivery:true; shipToHome:false"
"0000000094539","Organic Red Beets","","2.99","1 lb","HIGH","inStore:true; curbside:true; delivery:true; shipToHome:false"
"0001111022177","Simple Truth Organic® Sliced Shiitake Mushrooms","Simple Truth Organic","5.99","5 oz","HIGH","inStore:true; curbside:true; delivery:true; shipToHome:false"
"0000000004663","Jumbo White Onions","Fresh Onions","1.49","1 lb","HIGH","inStore:true; curbside:true; delivery:true; shipToHome:false"
"0001111091870","Kroger® Radishes","","1.99","16 oz","HIGH","inStore:true; curbside:true; delivery:true; shipToHome:false"
"0000000094062","Organic Cucumber","","1.39","1 ct","HIGH","inStore:true; curbside:true; delivery:true; shipToHome:false"
"0001111002441","Kroger® Brussels Sprouts BIG DEAL!","Kroger","6","24 oz","","inStore:true; curbside:true; delivery:true; shipToHome:false"
"0000000004545","Bok Choy","","2.99","1 lb","HIGH","inStore:true; curbside:true; delivery:true; shipToHome:false"
"0082486200630","Taylor Farms Asian Chopped Salad Kit","Taylor Farms","4.99","13 oz","","inStore:true; curbside:true; delivery:true; shipToHome:false"
"0001111065144","Private Selection® Makoto Asian Style Sesame Ginger Chopped Salad Kit","Private Selection","4.99","11.6 oz","","inStore:true; curbside:true; delivery:true; shipToHome:false"
"0001111091622","Kroger® Whole Carrots","","2.29","2 lb","HIGH","inStore:true; curbside:true; delivery:true; shipToHome:false"
"0001111091342","Simple Truth Organic® Extra Firm Tofu","Simple Truth Organic","1.99","14 oz","HIGH","inStore:true; curbside:true; delivery:true; shipToHome:false"
"0001111091341","Simple Truth Organic® Firm Tofu","Simple Truth Organic","1.99","14 oz","LOW","inStore:true; curbside:true; delivery:true; shipToHome:false"
"0000000094094","Organic Carrots Bunch","Fresh Carrots","2.49","1 ct","HIGH","inStore:true; curbside:true; delivery:true; shipToHome:false"
"0000000004612","Ginger Root","","","1 ct","TEMPORARILY_OUT_OF_STOCK","inStore:true; curbside:true; delivery:true; shipToHome:false"
"0001111091657","Simple Truth Organic® Whole Carrots Bag","Simple Truth Organic","2.99","2 lb","HIGH","inStore:true; curbside:true; delivery:true; shipToHome:false"
"0000000094612","Organic Ginger Root","","3.49","1 lb","TEMPORARILY_OUT_OF_STOCK","inStore:true; curbside:true; delivery:true; shipToHome:false"
"0001111091493","Kroger® Sliced Baby Bella Mushrooms","","2.99","8 oz","HIGH","inStore:true; curbside:true; delivery:true; shipToHome:false"
"0000000004081","Eggplant","","1.49","1 each","HIGH","inStore:true; curbside:true; delivery:true; shipToHome:false"
"0081884902006","Zespri Sungold Kiwifruit","Zespri","8","2 lb","TEMPORARILY_OUT_OF_STOCK","inStore:true; curbside:true; delivery:true; shipToHome:false"
"0001111001816","Simple Truth Organic® Baby Dill","Simple Truth Organic","2.49","0.5 oz","LOW","inStore:true; curbside:true; delivery:true; shipToHome:false"
"0002000019964","Green Giant Simply Steam Sauced Veggies, Broccoli, Carrots, Cauliflower & Cheese Sauce","Green Giant","2.19","10 oz","HIGH","inStore:true; curbside:true; delivery:true; shipToHome:false"
"0001111091612","Kroger® Trimmed Green Beans BIG DEAL!","Kroger","6","32 oz","","inStore:true; curbside:true; delivery:true; shipToHome:false"
"0000000004166","Jumbo Sweet Onions","Fresh Onions","1.29","1 lb","HIGH","inStore:true; curbside:true; delivery:true; shipToHome:false"
"0000000004089","Green Top Red Radishes","","1.99","1 ct","HIGH","inStore:true; curbside:true; delivery:true; shipToHome:false"
"0007143000035","Dole Sesame Asian Chopped Salad Kit","Dole","4.59","12.25 oz","HIGH","inStore:true; curbside:true; delivery:true; shipToHome:false"
"0001111091652","Kroger® Cut and Peeled Carrot Chips","Kroger","2.29","1 lb","HIGH","inStore:true; curbside:true; delivery:true; shipToHome:false"
"0001111091651","Kroger® Steams in Bag Petite Carrots","Kroger","1.99","12 oz","HIGH","inStore:true; curbside:true; delivery:true; shipToHome:false"
"0001111091650","Kroger® Shredded Carrots","Kroger","2.29","10 oz","HIGH","inStore:true; curbside:true; delivery:true; shipToHome:false"
"0001111091011","Kroger® Whole White Mushrooms","","2.39","8 oz","HIGH","inStore:true; curbside:true; delivery:true; shipToHome:false"
"0000000004801","Fresh Tomatillo","","1.99","1 lb","HIGH","inStore:true; curbside:true; delivery:true; shipToHome:false"
"0001111091008","Kroger® Whole White Mushrooms BIG DEAL!","Kroger","6","24 oz","HIGH","inStore:true; curbside:true; delivery:true; shipToHome:false"
"0001111091487","Kroger® Sliced White Mushrooms","","2.49","8 oz","HIGH","inStore:true; curbside:true; delivery:true; shipToHome:false"
"0001111018184","Kroger® Sweet Corn on the Cob","Fresh Corn","6.99","7 ct","TEMPORARILY_OUT_OF_STOCK","inStore:true; curbside:true; delivery:true; shipToHome:false"
"0001111060405","Kroger® Fresh French Green Beans Bag","","","16 oz","TEMPORARILY_OUT_OF_STOCK","inStore:false; curbside:false; delivery:false; shipToHome:false"
"0000000094079","Organic Cauliflower","Fresh Broccoli & Cauliflower","5.49","1 ct","HIGH","inStore:true; curbside:true; delivery:true; shipToHome:false"
"0001111082294","Simple Truth Organic® Extra Firm Tofu Twin Pack","Simple Truth Organic","2.19","2 ct","LOW","inStore:true; curbside:true; delivery:true; shipToHome:false"
"0019056950939","Green Giant Riced Veggies, Asian Stir Fry Style Cauliflower","Green Giant","2.79","10 oz","LOW","inStore:true; curbside:true; delivery:true; shipToHome:false"
"0000000004024","Fresh Small Bartlett Pear - Each","","","small/ 1 count","TEMPORARILY_OUT_OF_STOCK","inStore:true; curbside:true; delivery:true; shipToHome:false"
"0001111009716","Simple Truth Organic® Soft Silken Tofu","Simple Truth Organic","1.99","16 oz","HIGH","inStore:true; curbside:true; delivery:true; shipToHome:false"
"0063912394034","Strawberries With Whipped Topping Fresh Made In Store Daily","","6","9 oz","","inStore:true; curbside:true; delivery:true; shipToHome:false"
"0000000094065","Organic Fresh Green Bell Pepper","","1.79","1 ct","HIGH","inStore:true; curbside:true; delivery:true; shipToHome:false"
"0001111008026","Private Selection® Petite Red Potatoes with Smoked Gouda Onion and Thyme Seasoning Blend","Fresh Potatoes","4.99","16 oz","TEMPORARILY_OUT_OF_STOCK","inStore:false; curbside:false; delivery:false; shipToHome:false"
"0001111061385","Kroger® Snow Peas","Kroger","2.99","8 oz","","inStore:true; curbside:true; delivery:true; shipToHome:false"
"0000000004709","Fresh Green Serrano Peppers","","3.99","1 lb","HIGH","inStore:true; curbside:true; delivery:true; shipToHome:false"
"0000000094544","Organic Baby Bok Choy","","2.99","1 lb","HIGH","inStore:true; curbside:true; delivery:true; shipToHome:false"
"0063912389494","Dragon Fruit and Kiwi Fruit Mix Fresh Cut In Store Daily","Japanese Food Express Inc","7.99","11 oz","","inStore:true; curbside:true; delivery:true; shipToHome:false"
"0001111008021","Private Selection® Petite Gold Potatoes with Herbes De Provence Seasoning Blend","Fresh Potatoes","4.99","16 oz","TEMPORARILY_OUT_OF_STOCK","inStore:false; curbside:false; delivery:false; shipToHome:false"
"0000000004705","Fresh Poblano Peppers","","3.49","1 lb","HIGH","inStore:true; curbside:true; delivery:true; shipToHome:false"
"0001111060492","Kroger® Tri-Color Peppers - BIG DEAL!","","6","6ct","TEMPORARILY_OUT_OF_STOCK","inStore:true; curbside:true; delivery:true; shipToHome:false"
"0000000004093","Jumbo Yellow Onions","Fresh Onions","1.19","1 lb","HIGH","inStore:true; curbside:true; delivery:true; shipToHome:false"
"0087520800133","Gourmet Garden Thai Seasoning Stir-In Paste","Gourmet Garden","4.99","4 oz","TEMPORARILY_OUT_OF_STOCK","inStore:true; curbside:true; delivery:true; shipToHome:false"
"0000000003121","Fresh Orange Bell Pepper","","1.67","1 ct","HIGH","inStore:true; curbside:true; delivery:true; shipToHome:false"
"0001111090010","Simple Truth Organic® Mixed Bell Peppers","Simple Truth Organic","3.99","2 ct","HIGH","inStore:true; curbside:true; delivery:true; shipToHome:false"
"0000000004539","Beets Bunch","","","1 lb","TEMPORARILY_OUT_OF_STOCK","inStore:true; curbside:true; delivery:true; shipToHome:false"
"0000000004655","Fresh Okra","","","1 lb","LOW","inStore:false; curbside:false; delivery:false; shipToHome:false"
"0000000004656","Chinese Okra","","","1 lb","TEMPORARILY_OUT_OF_STOCK","inStore:true; curbside:true; delivery:true; shipToHome:false"
"0001111060786","Simple Truth Organic® Whole Medjool Dates","Simple Truth Organic","7.49","12 oz","HIGH","inStore:true; curbside:true; delivery:true; shipToHome:false"
"0063912388010","Pico De Gallo Mild Fresh Made In Store Daily","Japanese Food Express Inc","4.99","14 oz","","inStore:true; curbside:true; delivery:true; shipToHome:false"
"0000000004088","Fresh Red Bell Pepper","","","1 ct","TEMPORARILY_OUT_OF_STOCK","inStore:true; curbside:true; delivery:true; shipToHome:false"
"0000000004761","Chayote Squash","","1.99","1 lb","HIGH","inStore:true; curbside:true; delivery:true; shipToHome:false"
"0001111013249","Simple Truth Organic® Super Firm Teriyaki Flavored Pre-Marinated Baked Tofu","Simple Truth Organic","3.99","7 oz","HIGH","inStore:true; curbside:true; delivery:true; shipToHome:false"
"0000000094089","Organic Radishes","","2.79","1 ct","LOW","inStore:false; curbside:false; delivery:false; shipToHome:false"
"0000000004688","Fresh Red Hothouse Bell Pepper","","1.67","1 ct","TEMPORARILY_OUT_OF_STOCK","inStore:true; curbside:true; delivery:true; shipToHome:false"
"0000000093273","Organic Gold Grim Beet","","2.69","each","LOW","inStore:false; curbside:false; delivery:false; shipToHome:false"
"0000000004689","Fresh Yellow Bell Pepper","","1.67","1 ct","HIGH","inStore:true; curbside:true; delivery:true; shipToHome:false"
"0000000094688","Organic Fresh Red Bell Pepper","","2.49","1 ct","HIGH","inStore:true; curbside:true; delivery:true; shipToHome:false"
"0063912388067","Garden Salad Fresh Made In Store Daily","Japanese Food Express Inc","6","12 oz","","inStore:true; curbside:true; delivery:true; shipToHome:false"
"0000000004552","Napa Cabbage","Fresh Cabbage","2.99","1 lb","HIGH","inStore:true; curbside:true; delivery:true; shipToHome:false"
"0003022306099","Taylor Farms Mexican St Corn Chopped Salad Kit","Taylor Farms","4.99","11.62 oz","","inStore:true; curbside:true; delivery:true; shipToHome:false"
"0003022304074","Taylor Farms Sweet Kale Chopped Kit 12 oz","Taylor Farms","4.99","12 oz","","inStore:true; curbside:true; delivery:true; shipToHome:false"
"0000000004599","Baby Eggplant","","","1 lb","TEMPORARILY_OUT_OF_STOCK","inStore:true; curbside:true; delivery:true; shipToHome:false"
"0000000004677","Fresh Anaheim Peppers","","2.99","1 lb","HIGH","inStore:true; curbside:true; delivery:true; shipToHome:false"
"0001111062469","Kroger® Shredded Green Leaf Lettuce","Kroger","2.69","4 oz","","inStore:true; curbside:true; delivery:true; shipToHome:false"
"0004432525001","Franklin Farms® Soy Free Chickpea Tofu","Franklin Farms","4.79","12.5 oz","","inStore:false; curbside:false; delivery:false; shipToHome:false"
"0001111012603","Simple Truth Organic® Super Firm Tofu","Simple Truth Organic","3.99","16 oz","TEMPORARILY_OUT_OF_STOCK","inStore:true; curbside:true; delivery:true; shipToHome:false"
"0001111090020","Simple Truth Organic® Mini Sweet Peppers","Simple Truth Organic","4.99","16 oz","HIGH","inStore:true; curbside:true; delivery:true; shipToHome:false"
"0063912388039","Red and Green Peppers With White Onion Fajita Mix Mild Fresh Cut In Store Daily","","5","11 oz","","inStore:true; curbside:true; delivery:true; shipToHome:false"
"0001450001098","Birds Eye Steamfresh Broccoli Cuts, Frozen Vegetables","Birds Eye","1.39","10.800 oz","HIGH","inStore:true; curbside:true; delivery:true; shipToHome:false"
"0003022304064","Taylor Farms Asiago Kale Chopped Salad Kit","Taylor Farms","4.99","9.25 oz","","inStore:true; curbside:true; delivery:true; shipToHome:false"
"0001450002101","Birds Eye Steamfresh Cut Green Beans, Frozen Vegetables","Birds Eye","1.39","10 oz","HIGH","inStore:true; curbside:true; delivery:true; shipToHome:false"
"0001450002260","Birds Eye Baby Gold & White Kernel Corn, Frozen Vegetables","Birds Eye","2.29","14.400 oz","HIGH","inStore:true; curbside:true; delivery:true; shipToHome:false"
"0001450002345","Birds Eye Steamfresh Sauced Cheesy Broccoli, Frozen Vegetables","Birds Eye","2.99","10.800 oz","HIGH","inStore:true; curbside:true; delivery:true; shipToHome:false"
"0085005368522","Diced Yellow Onions Fresh Cut In Store Daily","","","8 oz","","inStore:false; curbside:false; delivery:false; shipToHome:false"
"0085005368524","Diced Red Onions Fresh Cut In Store Daily","","","8 oz","","inStore:false; curbside:false; delivery:false; shipToHome:false"
"0063912388001","Diced Red Onions Fresh Cut In Store Daily","Japanese Food Express Inc","2.99","8 oz","","inStore:true; curbside:true; delivery:true; shipToHome:false"
"0063912388000","Diced Yellow Onions Fresh Cut In Store Daily","Japanese Food Express Inc","2.99","8 oz","","inStore:true; curbside:true; delivery:true; shipToHome:false"
"0001111018238","Kroger® Stir Fry Teriyaki Kit","Kroger","3.49","9.5 oz","","inStore:true; curbside:true; delivery:true; shipToHome:false"
"0001111060770","Private Selection® Seedless Sweet Peppers - 1 LB Bag","Private Selection","4.99","1 lb","HIGH","inStore:true; curbside:true; delivery:true; shipToHome:false"
"0063912388004","Diced Peppers With White Onions Fresh Cut In Store Daily","Japanese Food Express Inc","3.99","7 oz","","inStore:true; curbside:true; delivery:true; shipToHome:false"
"0063912388002","Tri Blend Diced Peppers Fresh Cut In Store Daily","Japanese Food Express Inc","3.99","8 oz","","inStore:true; curbside:true; delivery:true; shipToHome:false"
"0063912388009","Pico De Gallo Medium Fresh Made In Store Daily","Japanese Food Express Inc","4.99","14 oz","","inStore:true; curbside:true; delivery:true; shipToHome:false"
"0007047565714","Giorgio® Spinach & Artichoke Stuffed Baby Bella Mushrooms","Giorgio","5.49","8.5 oz","TEMPORARILY_OUT_OF_STOCK","inStore:true; curbside:true; delivery:true; shipToHome:false"
"0001450002253","Birds Eye Baby Sweet Peas, Frozen Vegetables","Birds Eye","2.29","13 oz","HIGH","inStore:true; curbside:true; delivery:true; shipToHome:false"
"0000000004772","Yellow Chile Peppers","","2.59","1 lb","","inStore:false; curbside:false; delivery:false; shipToHome:false"
"0001111063899","Private Selection® Habanero Peppers","Private Selection","1.99","2 oz","HIGH","inStore:true; curbside:true; delivery:true; shipToHome:false"
"0000000093121","Organic Fresh Orange Bell Pepper","","2.29","1 ct","HIGH","inStore:false; curbside:false; delivery:false; shipToHome:false"
"0002400052541","Del Monte Southwest Whole Kernel Corn Canned Vegetables with Poblano and Red Peppers","Del Monte","2.79","15.25 oz","HIGH","inStore:true; curbside:true; delivery:true; shipToHome:false"
"0063912388011","Pico De Gallo Hot Fresh Made In Store Daily","Japanese Food Express Inc","4.99","14 oz","","inStore:true; curbside:true; delivery:true; shipToHome:false"
"0063912388016","Guacamole Chunky Medium Fresh Made In Store Daily","Japanese Food Express Inc","6.99","14 oz","","inStore:true; curbside:true; delivery:true; shipToHome:false"
"0063912388015","Guacamole Chunky Mild Fresh Made In Store Daily","Japanese Food Express Inc","6.99","14 oz","","inStore:true; curbside:true; delivery:true; shipToHome:false"
"0063912388057","Guacamole And Pico Combo Fresh Made In Store Daily","","7.99","16 oz","","inStore:true; curbside:true; delivery:true; shipToHome:false"
"0089520300177","Organic Romaine Lettuce","","3.99","6 oz","HIGH","inStore:true; curbside:true; delivery:true; shipToHome:false"
"0000000004682","Fresh Orange Bell Pepper","","","1 ct","TEMPORARILY_OUT_OF_STOCK","inStore:true; curbside:true; delivery:true; shipToHome:false"
"0001450001671","Birds Eye Steamfresh Sea Salt & Cracked Pepper Brussels Sprouts, Frozen Vegetables","Birds Eye","2.99","10 oz","LOW","inStore:true; curbside:true; delivery:true; shipToHome:false"
"0001450001352","Birds Eye Steamfresh Edamame in the Pod, Frozen Vegetables","Birds Eye","2.29","10 oz","HIGH","inStore:true; curbside:true; delivery:true; shipToHome:false"
"0001450000380","Birds Eye Extra Sweet Mini Corn On The Cob, Frozen Vegetables","Birds Eye","5.99","51.840 oz","HIGH","inStore:true; curbside:true; delivery:true; shipToHome:false"
"0063912395032","Southwest Chicken Salad Fresh Made In Store Daily","","6","12 oz","","inStore:true; curbside:true; delivery:true; shipToHome:false"
"0000000004680","Fresh Yellow Bell Pepper","","","1 ct","TEMPORARILY_OUT_OF_STOCK","inStore:true; curbside:true; delivery:true; shipToHome:false"
"0063912388063","Cucumbers Bowl With Ranch Dressing Fresh Cut In Store Daily","Japanese Food Express Inc","5","15 oz","","inStore:true; curbside:true; delivery:true; shipToHome:false"
"0001111062656","Private Selection® Platinum Rows™ Cherry Tomatoes on the Vine","Private Selection","5.99","12 oz","HIGH","inStore:true; curbside:true; delivery:true; shipToHome:false"
"0001111062457","Kroger® Cauliflower Florets","Kroger","3.49","12 oz","","inStore:true; curbside:true; delivery:true; shipToHome:false"
"0001111062699","Kroger® Mexican Style Street Corn With Chicken Salad Kit","Kroger","3.99","6.4 oz","","inStore:true; curbside:true; delivery:true; shipToHome:false"
"0085007650302","Sugar Snap Pea Tray","","4","12 oz","HIGH","inStore:true; curbside:true; delivery:true; shipToHome:false"
"0063912388066","Caesar Salad Fresh Made In Store Daily","","6","9.5 oz","","inStore:true; curbside:true; delivery:true; shipToHome:false"
"0085007650303","Brussels Sprouts Tray","","4","1 lb","HIGH","inStore:true; curbside:true; delivery:true; shipToHome:false"
"0063912388026","Snacking Peppers Sliced Fresh Cut In Store Daily","","5","12 oz","","inStore:true; curbside:true; delivery:true; shipToHome:false"
"0000000094689","Organic Fresh Yellow Bell Pepper","","2.29","1 ct","TEMPORARILY_OUT_OF_STOCK","inStore:false; curbside:false; delivery:false; shipToHome:false"
"0063912388029","Celery And Carrot Sticks Fresh Cut In Store Daily","Japanese Food Express Inc","5","14 oz","","inStore:true; curbside:true; delivery:true; shipToHome:false"
"0000000004672","Parsnips Bulk","","2.49","1 lb","HIGH","inStore:true; curbside:true; delivery:true; shipToHome:false"
"0001450002157","Birds Eye Steamfresh Whole Green Beans, Frozen Vegetables","Birds Eye","2.29","10.8 oz","HIGH","inStore:true; curbside:true; delivery:true; shipToHome:false"
"0001111018182","Kroger® Mini Sweet Peppers BIG DEAL!","Kroger","6","32 oz","HIGH","inStore:true; curbside:true; delivery:true; shipToHome:false"
"0001450000256","Birds Eye Baby Broccoli Florets, Frozen Vegetables","Birds Eye","2.29","12.600 oz","HIGH","inStore:true; curbside:true; delivery:true; shipToHome:false"
"0085005368534","Tri Blend Diced Bell Peppers Fresh Cut In Store Daily","","","8 oz","","inStore:false; curbside:false; delivery:false; shipToHome:false"
"0001450001269","Birds Eye Broccoli Florets, Frozen Vegetables","Birds Eye","8.99","52 oz","HIGH","inStore:true; curbside:true; delivery:true; shipToHome:false"
"0001111010308","Kroger® Meal Ready Sides Frozen Vegetables Broccoli & Cauliflower","Kroger","1.89","12 oz","HIGH","inStore:true; curbside:true; delivery:true; shipToHome:false"
"0001450001574","Birds Eye Steamfresh Ranch Broccoli Florets Frozen Vegetables","Birds Eye","2.99","9.500 oz","HIGH","inStore:true; curbside:true; delivery:true; shipToHome:false"
"0003022304181","Taylor Farms® Organic Kale Caesar Chopped Salad Kit","Taylor Farms","4.99","1 ct","","inStore:true; curbside:true; delivery:true; shipToHome:false"
"0000000004745","Rhubarb","","4.99","1 lb","HIGH","inStore:true; curbside:true; delivery:true; shipToHome:false"
"0001450002427","Birds Eye Steamfresh Creamed Spinach, Frozen Vegetables","Birds Eye","2.99","10.800 oz","HIGH","inStore:true; curbside:true; delivery:true; shipToHome:false"
"0063912396014","Fresh Cut Peas Carrot Celery Ranch","","5","10 oz","","inStore:true; curbside:true; delivery:true; shipToHome:false"
"0000000004747","Fresh Rutabaga","","1.29","1 lb","HIGH","inStore:true; curbside:true; delivery:true; shipToHome:false"
"0063912396016","Fresh Cut Carrot Broccoli Tomato Ranch","","5","10 oz","","inStore:true; curbside:true; delivery:true; shipToHome:false"
"0063912388049","Chopped Onion and Celery Fresh Cut In Store Daily","Japanese Food Express Inc","3.99","9 oz","","inStore:true; curbside:true; delivery:true; shipToHome:false"
"0007056090171","Pictsweet Farms® Frozen Lightly Breaded Okra Air Fryer Seasoned Vegetables","Pictsweet Farms","4.99","14 oz","HIGH","inStore:true; curbside:true; delivery:true; shipToHome:false"
"0063912388006","Cilantro With White Onions Chopped Fresh Cut In Store Daily","Japanese Food Express Inc","2.99","5 oz","","inStore:true; curbside:true; delivery:true; shipToHome:false"
"0001111069754","Simple Truth Organic® Broccoli Florets BIG DEAL!","Simple Truth","7","32 oz","HIGH","inStore:true; curbside:true; delivery:true; shipToHome:false"
"0001111069755","Simple Truth Organic® Trimmed Green Beans BIG DEAL!","Simple Truth","7","32 oz","HIGH","inStore:true; curbside:true; delivery:true; shipToHome:false"
"0001111069757","Simple Truth Organic® Brussel Sprouts BIG DEAL!","Simple Truth Organic","7","32 oz","TEMPORARILY_OUT_OF_STOCK","inStore:true; curbside:true; delivery:true; shipToHome:false"
"0001450002374","Birds Eye Steamfresh Alfredo Penne & Vegetables, Frozen Side","Birds Eye","2.99","10.800 oz","HIGH","inStore:true; curbside:true; delivery:true; shipToHome:false"
"0063912394050","Guacamole Chunky Mild Fresh Made In Store Daily","","4.99","7 oz","","inStore:true; curbside:true; delivery:true; shipToHome:false"
"0063912394052","Mango Pico De Gallo Fresh Made In Store Daily","","5.99","15 oz","","inStore:true; curbside:true; delivery:true; shipToHome:false"
"0001450002690","Birds Eye Riced Cauliflower, Frozen Vegetables","Birds Eye","2.99","10 oz","HIGH","inStore:true; curbside:true; delivery:true; shipToHome:false"
"0063912395023","Fresh Cut Chicken Breast Grilled","Japanese Food Express Inc","3.99","4 oz","","inStore:true; curbside:true; delivery:true; shipToHome:false"
"0000000004692","Fresh Yellow Hungarian Peppers","","3.99","1 lb","HIGH","inStore:true; curbside:true; delivery:true; shipToHome:false"
"0063912394045","Baby Carrots And Cucumbers Tray With Ranch Dip Fresh Cut In Store Daily","","5","15 oz","","inStore:true; curbside:true; delivery:true; shipToHome:false"
"0085005368555","Butternut Squash Cubes Fresh Cut In Store Daily","","","14 oz","","inStore:false; curbside:false; delivery:false; shipToHome:false"
"0063912388012","Smashed Avocado Fresh Made In Store Daily","Japanese Food Express Inc","7.99","14 oz","","inStore:true; curbside:true; delivery:true; shipToHome:false"
"0085005368553","Snacking Peppers Mix Fresh Cut In Store Daily","","","12 oz","","inStore:false; curbside:false; delivery:false; shipToHome:false"
"0063912388018","Salsa Medium Fresh Made In Store Daily","Japanese Food Express Inc","4.99","16 oz","","inStore:true; curbside:true; delivery:true; shipToHome:false"
"0063912388017","Salsa Mild Fresh Made In Store Daily","Japanese Food Express Inc","4.99","16 oz","","inStore:true; curbside:true; delivery:true; shipToHome:false"
"0001450001351","Birds Eye Steamfresh Asparagus Spears, Frozen Vegetables","Birds Eye","4.49","8 oz","HIGH","inStore:true; curbside:true; delivery:true; shipToHome:false"
"0001450000142","Birds Eye® Ultimate Cheesy Broccoli Frozen Vegetables","Birds Eye","3.49","11 oz","LOW","inStore:true; curbside:true; delivery:true; shipToHome:false"
"0001450000301","Birds Eye Skillets Garlic Butter Green Beans, Frozen Vegetables","Birds Eye","3.49","11 oz","LOW","inStore:true; curbside:true; delivery:true; shipToHome:false"
"0001450001955","Birds Eye Steamfresh Cauliflower Florets, Frozen Vegetables","Birds Eye","2.29","10.8 oz","HIGH","inStore:true; curbside:true; delivery:true; shipToHome:false"
"0063912388061","Fresh Cut Carrots Celery and Onions Soup Mix Bowl","Japanese Food Express Inc","2.99","9 oz","","inStore:true; curbside:true; delivery:true; shipToHome:false"
"0001450002402","Birds Eye Steamfresh Garlic Butter Rotini and Vegetables, Frozen Side","Birds Eye","2.99","11 oz","TEMPORARILY_OUT_OF_STOCK","inStore:true; curbside:true; delivery:true; shipToHome:false"
"0001450000984","Birds Eye Fire Roasted Corn, Frozen Vegetables","Birds Eye","4.99","12 oz","HIGH","inStore:true; curbside:true; delivery:true; shipToHome:false"
"0001111063105","Simple Truth Organic® Avocado Ranch Chopped Salad Kit","Simple Truth Organic","4.79","10.25 oz","","inStore:false; curbside:false; delivery:false; shipToHome:false"
"0001450000501","Birds Eye Crispy Green Beans, Frozen Vegetables","Birds Eye","3.49","12 oz","HIGH","inStore:true; curbside:true; delivery:true; shipToHome:false"
"0001450018500","Birds Eye Steamfresh Garlic Butter Broccoli, Frozen Vegetables","Birds Eye","2.99","9 oz","LOW","inStore:true; curbside:true; delivery:true; shipToHome:false"
"0063912388065","Family Garden Salad Fresh Made In Store Daily","","12","24 oz","","inStore:true; curbside:true; delivery:true; shipToHome:false"
"0007056090166","Pictsweet Farms® Seasoned Vegetables for the Air Fryer Cut Asparagus Spears","Pictsweet Farms","4.99","11 oz","LOW","inStore:true; curbside:true; delivery:true; shipToHome:false"
"0085005368542","Fresh Cut Cilantro and White Onions Chopped","","","5 oz","","inStore:false; curbside:false; delivery:false; shipToHome:false"
"0085005368580","Red and Green Peppers With Onions Fajita Mix Mild Fresh Cut In Store Daily","","","16 oz","","inStore:false; curbside:false; delivery:false; shipToHome:false"
"0063912388025","Sliced Yellow Onions Fresh Cut In Store Daily","Japanese Food Express Inc","5","8 oz","","inStore:true; curbside:true; delivery:true; shipToHome:false"
"0063912388068","Family Cobb Salad Fresh Made In Store Daily","Japanese Food Express Inc","12","22 oz","","inStore:true; curbside:true; delivery:true; shipToHome:false"
"0071138100009","Stonewall Kitchen Red Pepper Jelly","Stonewall Kitchen","6.99","13 oz","HIGH","inStore:true; curbside:true; delivery:true; shipToHome:false"
"0085005368538","Diced Peppers and White Onions Fresh Cut In Store Daily","","","7 oz","","inStore:false; curbside:false; delivery:false; shipToHome:false"
"0001450001669","Birds Eye Steamfresh Steakhouse Green Beans, Frozen Vegetables","Birds Eye","2.99","10 oz","HIGH","inStore:true; curbside:true; delivery:true; shipToHome:false"
"0063912388074","Diced Celery Fresh Cut In Store Daily","","3.99","10 oz","","inStore:true; curbside:true; delivery:true; shipToHome:false"
"0001450002158","Birds Eye Steamfresh Brussels Sprouts, Frozen Vegetables","Birds Eye","2.29","10.8 oz","HIGH","inStore:true; curbside:true; delivery:true; shipToHome:false"
"0001450001741","Birds Eye Mashed Cauliflower, Frozen Vegetables","Birds Eye","3.49","12 oz","HIGH","inStore:true; curbside:true; delivery:true; shipToHome:false"
"0063912388037","Lettuce Onion and Tomato Hamburger Mix Fresh Cut In Store Daily","Japanese Food Express Inc","5","20 oz","","inStore:true; curbside:true; delivery:true; shipToHome:false"
"0085005368572","Celery And Carrot Sticks Fresh Cut In Store Daily","","","14 oz","","inStore:false; curbside:false; delivery:false; shipToHome:false"
"0063912388035","Butternut Squash Cubes Fresh Cut In Store Daily","Japanese Food Express Inc","5","12 oz","","inStore:true; curbside:true; delivery:true; shipToHome:false"
"0081019692005","Goodies Banana Bread Mini Oat Bites, Kid Snack Bites","Goodies","4.99","4.94 oz","HIGH","inStore:true; curbside:true; delivery:true; shipToHome:false"
"0001356211999","Annie's™ Organic Fruit Peel-A-Parts Fruit Flavored Snacks Variety Pack","Annie's","9.99","12 ct / 0.56 oz","LOW","inStore:false; curbside:false; delivery:false; shipToHome:false"
"0001356212766","Annie's™ Organic Summer Strawberry Fruit Flavored Snacks","Annie's","6.99","10 ct / 0.7 oz","HIGH","inStore:true; curbside:true; delivery:true; shipToHome:false"
"0001356212765","Annie's™ Organic Berry Patch Bunny Fruit Flavored Snacks","Annie's","6.99","10 ct / 0.7 oz","LOW","inStore:true; curbside:true; delivery:true; shipToHome:false"
"0007203096013","Entennmann's Little Bites Party Cake Mini Muffins","Entenmann's Little Bites","5.79","5 ct / 1.5 oz","","inStore:true; curbside:true; delivery:true; shipToHome:false"
"0003485610812","Welch's Fruit Snacks Berries 'N Cherries","Welch's","3.29","10 ct / 0.8 oz","HIGH","inStore:true; curbside:true; delivery:true; shipToHome:false"
"0003800026500","Rice Krispies Treats® Original Marshmallow Treat Bars","Rice Krispies Treats","3.49","8 ct","TEMPORARILY_OUT_OF_STOCK","inStore:true; curbside:true; delivery:true; shipToHome:false"
"0089386900028","Sahale Snacks® Banana Rum Pecans Glazed Mix","Sahale Snacks","5.79","4 oz","LOW","inStore:true; curbside:true; delivery:true; shipToHome:false"
"0001600014481","General Mills Reese's™ Puffs Cereal Treat Bars","Reese's","3.79","8 ct / 0.85 oz","LOW","inStore:true; curbside:true; delivery:true; shipToHome:false"
"0003485682268","Welch's Fruit Snacks Mixed Fruit","Welch's","5.99","22 ct / 0.8 oz","HIGH","inStore:true; curbside:true; delivery:true; shipToHome:false"
"0003485610818","Welch's Fruit Snacks, Mixed Fruit","Welch's","3.29","10 ct / 0.8 oz","HIGH","inStore:true; curbside:true; delivery:true; shipToHome:false"
"0003800035055","Rice Krispies Treats® Original Marshmallow Treat Bars","Rice Krispies Treats","5.49","16 ct","HIGH","inStore:true; curbside:true; delivery:true; shipToHome:false"
"0004114312576","Sun-Maid® California Sun-Dried Raisins Dried Fruit Snack","Sun-Maid","2.89","6 oz","HIGH","inStore:true; curbside:true; delivery:true; shipToHome:false"
"0001356212757","Annie's™ Organic Bernie's Farm Fruit Flavored Snacks","Annie's","6.99","10 ct / 0.7 oz","HIGH","inStore:true; curbside:true; delivery:true; shipToHome:false"
"0004280010953","Totino's™ Pepperoni Pizza Rolls™ Frozen Snacks","Totino's","5.99","50 ct / 0.5 oz","HIGH","inStore:true; curbside:true; delivery:true; shipToHome:false"
"0004610035859","Sargento® Mighty Bites™ with Salami Mild Cheddar Cheese Mini Ritz® Crackers & Pretzels Snack Kit","Sargento","3.29","2.8 oz","LOW","inStore:true; curbside:true; delivery:true; shipToHome:false"
"0001397100385","Bare® Baked Crunchy™ Apple Chips Snack Pack","Bare","9.79","7 ct / 0.53 oz","TEMPORARILY_OUT_OF_STOCK","inStore:true; curbside:true; delivery:true; shipToHome:false"
"0001356212754","Annie's™ Organic Bees Bugs and Butterflies Fruit Flavored Snacks","Annie's","6.99","10 ct / 0.7 oz","HIGH","inStore:true; curbside:true; delivery:true; shipToHome:false"
"0001356213688","Annie's™ Sour Bunnies Value Pack Fruit Flavored Snacks","Annie's","10.99","22 ct / 0.7 oz","LOW","inStore:true; curbside:true; delivery:true; shipToHome:false"
"0002700041900","Snack Pack Chocolate Pudding Cups","Snack Pack","1.79","13 oz","HIGH","inStore:true; curbside:true; delivery:true; shipToHome:false"
"0004114309044","Sun-Maid® Mini Snacks Vanilla Yogurt Covered Raisins","Sun-Maid","3.69","5 oz","LOW","inStore:true; curbside:true; delivery:true; shipToHome:false"
"0001600014733","Gushers™ Tropical and Strawberry Fruit Flavored Snacks Variety Pack","Betty Crocker","3.49","6 ct / 0.8 oz","HIGH","inStore:true; curbside:true; delivery:true; shipToHome:false"
"0003800026596","Rice Krispies Treats® Rainbow Marshmallow Snack Bars","Rice Krispies Treats","3.49","8 ct","LOW","inStore:true; curbside:true; delivery:true; shipToHome:false"
"0004280011846","Totino's™ Pepperoni Pizza Rolls™ Frozen Snacks","Totino's","12.49","130 ct / 0.49 oz","HIGH","inStore:true; curbside:true; delivery:true; shipToHome:false"
"0001111011856","Simple Truth Organic™ Fruit Snacks","Simple Truth Organic","8.49","20 ct","LOW","inStore:true; curbside:true; delivery:true; shipToHome:false"
"0085007181928","BEEUP Sour Watermelon Honey Fruit Snacks","BEEUP","7.49","6.54 oz","","inStore:false; curbside:false; delivery:false; shipToHome:false"
"0004142008102","Black Forest Juicy Burst Mixed Fruit Fruit Flavored Snacks","Black Forest","6.99","22 ct","HIGH","inStore:true; curbside:true; delivery:true; shipToHome:false"
"0002700041911","Snack Pack Chocolate Vanilla Flavored Pudding Cups","Snack Pack","1.79","13 oz","HIGH","inStore:true; curbside:true; delivery:true; shipToHome:false"
"0001600014941","Nature Valley™ Coconut Butter Biscuit Sandwiches Snack Bars","Nature Valley","7.49","10 ct / 1.35 oz","HIGH","inStore:true; curbside:true; delivery:true; shipToHome:false"
"0003800029676","Rice Krispies Treats® Original Crispy Marshmallows Squares","Rice Krispies Treats","3.49","8 ct","HIGH","inStore:true; curbside:true; delivery:true; shipToHome:false"
"0000000834140","Kroger® Snack Variety Pack x 2","Kroger","16.18","2x 18 ct/1 oz","","inStore:false; curbside:false; delivery:false; shipToHome:false"
"0004950800612","Snack Factory Buffalo Wing Pretzel Crisps 7.2 OZ Resealable Bag","Snack Factory","4.49","7.2 oz","HIGH","inStore:true; curbside:true; delivery:true; shipToHome:false"
"0085109300419","Gimme ® Sea Salt 6 Pack Pillow Roasted Seaweed Snack","Gimme Seaweed","6.99","6 pk","HIGH","inStore:true; curbside:true; delivery:true; shipToHome:false"
"0004749521001","Nature's Bakery® Whole Wheat Blueberry Fig Bars","Nature's Bakery","4.99","6 ct / 2 oz","LOW","inStore:true; curbside:true; delivery:true; shipToHome:false"
"0085001746814","Catalina Crunch Creamy Ranch Protein Snack Mix","Catalina Crunch","6.49","5.25 oz","TEMPORARILY_OUT_OF_STOCK","inStore:false; curbside:false; delivery:false; shipToHome:false"
"0001111086983","Kroger® Fruit and Grain Strawberry Cereal Bars","Kroger","2.49","8 ct / 1.3 oz","HIGH","inStore:true; curbside:true; delivery:true; shipToHome:false"
"0085007181917","BEEUP Very Berry Honey Fruit Snacks","BEEUP","7.49","6.54 oz","","inStore:false; curbside:false; delivery:false; shipToHome:false"
"0002410012562","Rice Krispies Treats®, Cheez-It®, Pringles® Sweet and Salty Variety Pack Snacks","Kellogg's","7.99","12 ct / 0.82 oz","HIGH","inStore:true; curbside:true; delivery:true; shipToHome:false"
"0085651600224","Mamma Chia® Organic Chia Squeeze Blackberry Bliss Vitality Snacks","Mamma Chia","6.79","4 ct / 3.5 oz","LOW","inStore:true; curbside:true; delivery:true; shipToHome:false"
"0002700041922","Snack Pack Strawberry Flavored Juicy Gels","Snack Pack","1.79","13 oz","HIGH","inStore:true; curbside:true; delivery:true; shipToHome:false"
"0001600018910","Fruit Roll-Ups™ Gluten Free Fruit Flavored Snacks Variety Pack","Fruit Roll-Ups","3.49","10 ct / 0.5 oz","HIGH","inStore:true; curbside:true; delivery:true; shipToHome:false"
"0001356212772","Annie's™ Organic Bunny Fruit Snacks Variety Pack","Annie's","10.99","22 ct / 0.7 oz","LOW","inStore:true; curbside:true; delivery:true; shipToHome:false"
"0001600014711","Fruit Roll-Ups™ Fruit by the Foot™ Gushers™ Fruit Flavored Snacks Variety Pack","Fruit by the Foot","3.49","8 ct / 0.64 oz","HIGH","inStore:true; curbside:true; delivery:true; shipToHome:false"
"0001356214077","Annie's™ Organic Fruit Twists Sweet and Sour Fruit Flavored Snacks","Annie's","6.49","6 ct / 1.5 oz","HIGH","inStore:false; curbside:false; delivery:false; shipToHome:false"
"0003800024474","Rice Krispies Treats® Homestyle Marshmallow Treat Bars","Rice Krispies Treats","4.29","6 ct","HIGH","inStore:true; curbside:true; delivery:true; shipToHome:false"
"0007432912338","Oh Snap!® Dilly Bites® Fresh Dill Pickle Snack Pack","Oh Snap! Pickling Co.","1.49","3.25 fl oz","HIGH","inStore:true; curbside:true; delivery:true; shipToHome:false"
"0001600046759","General Mills Golden Grahams S'mores Cereal Treat Bars","Golden Grahams","3.79","8 ct / 1.06 oz","HIGH","inStore:true; curbside:true; delivery:true; shipToHome:false"
"0001600046757","General Mills Lucky Charms™ Cereal Treat Bars","Lucky Charms","3.79","8 ct / 0.85 oz","LOW","inStore:true; curbside:true; delivery:true; shipToHome:false"
"0001600017999","Mott's™ Animals Assorted Fruit Flavored Snacks Family Pack","Mott's","8.99","40 ct / 0.8 oz","HIGH","inStore:true; curbside:true; delivery:true; shipToHome:false"
"0007203095839","Entenmann's Brookie Snack Cakes","Entenmann's","5.49","6 ct / 2.0 oz","","inStore:true; curbside:true; delivery:true; shipToHome:false"
"0081944201028","Gutzy Organic Apple, Raspberry, Blueberry & Beet Prebiotic Gut Health Snack Pouch","Gutzy Organic","1.99","3.9 oz","HIGH","inStore:true; curbside:true; delivery:true; shipToHome:false"
"0001600035540","Fruit Roll-Ups™ Gluten Free Strawberry Blast™ Fruit Flavored Snacks","Fruit Roll-Ups","3.49","10 ct / 0.5 oz","HIGH","inStore:true; curbside:true; delivery:true; shipToHome:false"
"0003485682265","Welch's Fruit Punch & Berries 'N Cherries Fruit Snacks","Welch's","5.99","22 ct / 0.8 oz","HIGH","inStore:true; curbside:true; delivery:true; shipToHome:false"
"0001600018003","Mott's™ Berry Fruit Flavored Snacks Family Pack","Mott's","8.99","32 oz","HIGH","inStore:true; curbside:true; delivery:true; shipToHome:false"
"0003800007781","Rice Krispies Treats® Squares Original","Rice Krispies Treats","11.99","40 pk","HIGH","inStore:true; curbside:true; delivery:true; shipToHome:false"
"0003800030679","Rice Krispies Treats® Chocolatey Peanut Butter Crispy Rice Squares","Rice Krispies Treats","3.49","7 ct","HIGH","inStore:true; curbside:true; delivery:true; shipToHome:false"
"0003800030446","Rice Krispies Treats® Bliss Chocolate Sea Salt Pretzel Crispy Marshmallow Squares","Rice Krispies Treats","4.29","6 ct","HIGH","inStore:true; curbside:true; delivery:true; shipToHome:false"
"0001600044262","Mott's™ Gluten Free Assorted Fruit Flavored Snacks","Mott's","3.29","10 ct / 0.8 oz","HIGH","inStore:true; curbside:true; delivery:true; shipToHome:false"
"0068745622355","MadeGood™ Organic Chocolate Chip Granola Bites 5pk","MadeGood","4.49","5 count","LOW","inStore:true; curbside:true; delivery:true; shipToHome:false"
"0001600022035","Bluey™ Gluten Free Assorted Fruit Flavored Snacks","Betty Crocker","8.99","40 ct / 32 oz","HIGH","inStore:true; curbside:true; delivery:true; shipToHome:false"
"0003485610811","Welch's® Island Fruit Gummy Snacks","Welch's","3.29","10 ct / 0.8 oz","HIGH","inStore:true; curbside:true; delivery:true; shipToHome:false"
"0003485622198","Welch's Fruit Snacks, Reduced Sugar, Mixed Fruit","Welch's","3.29","8 ct / 0.8 oz","HIGH","inStore:true; curbside:true; delivery:true; shipToHome:false"
"0001600022236","Minecraft Gluten Free Assorted Fruit Flavored Snacks","Betty Crocker","3.29","10 ct / 0.8 oz","HIGH","inStore:true; curbside:true; delivery:true; shipToHome:false"
"0001600016710","Fruit by the Foot™ Gluten Free Fruit Flavored Snacks Variety Pack","Betty Crocker","6.49","12 ct / 0.75 oz","HIGH","inStore:true; curbside:true; delivery:true; shipToHome:false"
"0004142008111","Black Forest Mixed Fruit Juicy Burst Fruit Flavored Snacks Box","Black Forest","11.49","40 ct","HIGH","inStore:true; curbside:true; delivery:true; shipToHome:false"
"0001600014734","Gushers™ Tropical and Strawberry Fruit Flavored Snacks Variety Pack","General Mills","6.49","12 ct / 0.8 oz","HIGH","inStore:true; curbside:true; delivery:true; shipToHome:false"
"0001111014080","Simple Truth Organic® Strawberry Mango Strips","Simple Truth Organic","4.59","8 ct / 0.5 oz","HIGH","inStore:true; curbside:true; delivery:true; shipToHome:false"
"0003800030449","Rice Krispies Treats® Bliss Caramel Sea Salt Pretzel Crispy Marshmallow Squares","Rice Krispies Treats","4.29","6 ct","HIGH","inStore:true; curbside:true; delivery:true; shipToHome:false"
"0001600014732","Gushers™ Gluten Free Tropical Fruit Flavored Snacks","Betty Crocker","3.49","6 ct / 0.8 oz","HIGH","inStore:true; curbside:true; delivery:true; shipToHome:false"
"0001600022782","Harry Potter Fruit Flavored Snacks","Betty Crocker","3.29","10 ct / 0.8 oz","HIGH","inStore:true; curbside:true; delivery:true; shipToHome:false"
"0001600023437","Fruit Roll-Ups™ Blue Razzberry and Strawberry Fruit Flavored Snacks","Fruit Roll-Ups","8.99","30 ct / 0.5 oz","HIGH","inStore:true; curbside:true; delivery:true; shipToHome:false"
"0001600022228","Gushers™ Watermelon and Sour Apple Fruit Flavored Kids Snacks","Fruit Gushers","3.49","6 ct / 0.8 oz","HIGH","inStore:true; curbside:true; delivery:true; shipToHome:false"
"0001600022626","Disney Stitch Gluten Free Assorted Fruit Flavored Snacks","Betty Crocker","3.29","10 ct / 0.8 oz","HIGH","inStore:true; curbside:true; delivery:true; shipToHome:false"
"0003800059099","Kellogg's Rice Krispies Treats Original Marshmallow Treat Bars","Rice Krispies Treats","1.79","1 ct","HIGH","inStore:true; curbside:true; delivery:true; shipToHome:false"
"0001600042414","Nickelodeon SpongeBob SquarePants Gluten Free Fruit Flavored Snacks","Betty Crocker","3.29","10 ct / 0.8 oz","HIGH","inStore:true; curbside:true; delivery:true; shipToHome:false"
"0003485684062","WELCH'S Fruit Snacks Family Size Berries 'n Cherries Fruit Snacks","Welch's","9.99","40 pk / .8 oz","HIGH","inStore:true; curbside:true; delivery:true; shipToHome:false"
"0003485684068","WELCH'S Fruit Snacks Family Size Mixed Fruit Snacks","Welch's","9.99","40 pk / .8 oz","HIGH","inStore:true; curbside:true; delivery:true; shipToHome:false"
"0001600018145","Marvel Spider-Man Gluten Free Fruit Flavored Snacks","Betty Crocker","3.29","10 ct / 0.8 oz","HIGH","inStore:true; curbside:true; delivery:true; shipToHome:false"
"0001600022093","Fruit Roll-Ups™ Sour Variety Pack Fruit Flavored Snacks","Fruit Roll-Ups","3.49","10 ct / 0.5 oz","HIGH","inStore:true; curbside:true; delivery:true; shipToHome:false"
"0001600027700","Fruit by the Foot™ Berry Tie-Dye™ Gluten Free Fruit Flavored Snacks","Fruit by the Foot","3.49","6 ct / 0.75 oz","HIGH","inStore:true; curbside:true; delivery:true; shipToHome:false"
"0003485686608","Welch's Fruit Snacks, Mixed Fruit","Welch's","13.99","66 ct / 0.8 oz","HIGH","inStore:true; curbside:true; delivery:true; shipToHome:false"
"0001600048764","Mott's™ Assorted Fruit Flavored Snacks Family Pack","Mott's","8.99","40 ct / 0.8 oz","HIGH","inStore:true; curbside:true; delivery:true; shipToHome:false"
"0001600019430","Fruit by the Foot™ Gluten Free Fruit Flavored Snacks Variety Pack","Betty Crocker","3.49","6 ct / 0.75 oz","HIGH","inStore:true; curbside:true; delivery:true; shipToHome:false"
"0001600022931","Gushers™ Blueberry Grape and Sour Blue Raspberry Fruit Flavored Snacks","Fruit Gushers","3.49","6 ct / 0.8 oz","HIGH","inStore:true; curbside:true; delivery:true; shipToHome:false"
"0001600016212","Fruit by the Foot™ Gluten Free Starburst® Fruit Flavored Snacks Variety Pack","Fruit by the Foot","3.49","6 ct / 0.75 oz","HIGH","inStore:false; curbside:false; delivery:false; shipToHome:false"
"0003800028073","Rice Krispies Treats® Homestyle Original Crispy Marshmallow Squares","Rice Krispies Treats","1.79","1 ct","TEMPORARILY_OUT_OF_STOCK","inStore:true; curbside:true; delivery:true; shipToHome:false"
"0001600018995","Scooby-Doo!™ Gluten Free Assorted Fruit Flavored Snacks","Betty Crocker","6.49","22 ct / 0.8 oz","HIGH","inStore:true; curbside:true; delivery:true; shipToHome:false"
"0003800027141","Rice Krispies Treats® Homestyle Marshmallow Treat Bars","Rice Krispies Treats","11.99","24 ct","LOW","inStore:true; curbside:true; delivery:true; shipToHome:false"
"0001111009408","Kroger® Original Snack Sticks","Kroger","3.99","14 ct / 3.92 oz","HIGH","inStore:true; curbside:true; delivery:true; shipToHome:false"
"0003485678886","Welch's Fruit 'n Yogurt, Strawberry","Welch's","3.29","8 ct / 0.7 oz","HIGH","inStore:true; curbside:true; delivery:true; shipToHome:false"
"0081010446025","Magic Spoon® High-Protein Gluten-Free Marshmallow Cereal Treat Bar","Magic Spoon","2.99","1.4 oz","HIGH","inStore:true; curbside:true; delivery:true; shipToHome:false"
"0081010446024","Magic Spoon® High-Protein Gluten-Free Chocolate Peanut Butter Cereal Treat Bar","Magic Spoon","2.99","1.4 oz","HIGH","inStore:true; curbside:true; delivery:true; shipToHome:false"
"0081010446027","Magic Spoon® High-Protein Gluten-Free Marshmallow Cereal Treat Bars","Magic Spoon","10.99","4 ct","LOW","inStore:true; curbside:true; delivery:true; shipToHome:false"
"0001600014709","Gushers™ Tropical and Strawberry Fruit Flavored Snacks Variety Pack","Fruit Gushers","8.99","20 ct / 0.8 oz","HIGH","inStore:true; curbside:true; delivery:true; shipToHome:false"
"0003800028711","Rice Krispies Treats® Mini Crispy Marshmallow Squares Variety Pack","Rice Krispies Treats","11.99","52 ct","TEMPORARILY_OUT_OF_STOCK","inStore:true; curbside:true; delivery:true; shipToHome:false"
"0081010446026","Magic Spoon® High-Protein Gluten-Free Chocolate Peanut Butter Cereal Treat Bars","Magic Spoon","10.99","4 ct","TEMPORARILY_OUT_OF_STOCK","inStore:true; curbside:true; delivery:true; shipToHome:false"
"0001600020101","Bluey Gluten Free Assorted Fruit Flavored Snacks","Betty Crocker","3.29","10 ct / 0.8 oz","HIGH","inStore:true; curbside:true; delivery:true; shipToHome:false"
"0001600021997","Betty Crocker™ SCOOBY-DOO™! Fruit Flavored Family Pack Kids Snacks","Betty Crocker","8.99","40 ct / 0.8 oz","HIGH","inStore:true; curbside:true; delivery:true; shipToHome:false"
"0081019692007","Goodies Cinna-Toast Squares, Kid Snack Pack","Goodies","7.99","3.95 oz","HIGH","inStore:true; curbside:true; delivery:true; shipToHome:false"
"0003485682260","Welch's Mango Peach Fruit Snacks Value Pack 22 - 0.8 oz Pouches","Welch's","5.99","22 ct / 0.8 oz","HIGH","inStore:true; curbside:true; delivery:true; shipToHome:false"
"0004142008120","Black Forest® Juicy Burst Berry Medley Fruit Snacks","Black Forest","6.99","22 ct / .08 oz","HIGH","inStore:true; curbside:true; delivery:true; shipToHome:false"
"0001356212768","Annie's™ Organic Summer Strawberry Value Pack Fruit Flavored Snacks","Annie's","10.99","22 ct / 0.7 oz","LOW","inStore:true; curbside:true; delivery:true; shipToHome:false"
"0001600022947","Fruit Roll-Ups™ Star Spangled Cherry Fruit Flavored Snacks Party Pack","Fruit Roll-Ups","9.49","30 ct / 15 oz","LOW","inStore:true; curbside:true; delivery:true; shipToHome:false"
"0081019692002","Goodies Grape PB&J Poppers Kids' Snack Bars","Goodies","4.99","3.5 oz","HIGH","inStore:true; curbside:true; delivery:true; shipToHome:false"
"0001356212767","Annie's™ Organic Berry Patch Bunny Fruit Flavored Snacks","Annie's","10.99","22 ct / 0.7 oz","HIGH","inStore:true; curbside:true; delivery:true; shipToHome:false"
"0085005362414","Chomps® Original Turkey Snack Sticks","Chomps","19.99","9.2 oz","HIGH","inStore:true; curbside:true; delivery:true; shipToHome:false"
"0001600017996","Fruit Roll-Ups™ Gluten Free Variety Pack Fruit Flavored Snacks","Fruit Roll-Ups","8.99","15 oz","HIGH","inStore:false; curbside:false; delivery:false; shipToHome:false"
"0004142005459","Funables Mixed Berry Fruit Flavored Snacks Box","Funables","6.99","22 ct / 0.8 oz","HIGH","inStore:true; curbside:true; delivery:true; shipToHome:false"
"0081019692008","Goodies Sea Salt Sweet Potato Sticks, Kid Snack Pack","Goodies","7.99","3.95 oz","HIGH","inStore:true; curbside:true; delivery:true; shipToHome:false"
"0004142006948","Funables Cocomelon Fruit Snacks","Funables","2.99","10 ct","TEMPORARILY_OUT_OF_STOCK","inStore:false; curbside:false; delivery:false; shipToHome:false"
"0001600023161","Gushers™ Fruit Flavored Snacks Family Pack","Fruit Gushers","8.99","20 ct / 0.8 oz","LOW","inStore:true; curbside:true; delivery:true; shipToHome:false"
"0003485605098","Welch's® Mixed Fruit Fruit Snacks","Welch's","2.39","5 oz","TEMPORARILY_OUT_OF_STOCK","inStore:false; curbside:false; delivery:false; shipToHome:false"
"0001600022234","Disney Moana Gluten Free Assorted Fruit Flavored Snacks","Betty Crocker","3.29","10 ct / 0.8 oz","HIGH","inStore:true; curbside:true; delivery:true; shipToHome:false"
"0004142008112","Black Forest Juicy Burst Berry Medley Fruit Flavored Snacks Box","Black Forest","11.49","40 ct","HIGH","inStore:true; curbside:true; delivery:true; shipToHome:false"
"0001600022859","Cheerios™ Protein Chocolate Peanut Butter Chewy Cereal Treat Bars","Cheerios","3.79","5 ct / 1.27 oz","LOW","inStore:true; curbside:true; delivery:true; shipToHome:false"
"0001111014485","Kroger® Sea Creatures Fruity Snacks","Kroger","4.99","22 ct / 0.8 oz","HIGH","inStore:true; curbside:true; delivery:true; shipToHome:false"
"0001111014486","Kroger® Assorted Flavors Dinosaurs Fruit Snacks Box","Kroger","4.99","22 ct / 0.8 oz","LOW","inStore:true; curbside:true; delivery:true; shipToHome:false"
"0001600018574","Disney Mickey and Friends Gluten Free Fruit Flavored Snacks Value Pack","Betty Crocker","6.49","22 ct / 0.8 oz","HIGH","inStore:true; curbside:true; delivery:true; shipToHome:false"
"0081957301830","Happy Tot Organics Bestie Bars Peanut Butter & Blueberry Nut Butter Crust & Fruit-Filled Snack Bars","Happy Tot","4.79","5 ct / 0.74 fl oz","TEMPORARILY_OUT_OF_STOCK","inStore:true; curbside:true; delivery:true; shipToHome:false"
"0004142005487","Funables Mixed Berry Fruity Snacks Box","Funables","11.49","40 ct / 0.8 oz","HIGH","inStore:true; curbside:true; delivery:true; shipToHome:false"
"0001600018576","Sonic The Hedgehog Gluten Free Fruit Flavored Snacks","Betty Crocker","6.49","17.6 oz","HIGH","inStore:true; curbside:true; delivery:true; shipToHome:false"
"0001356213441","Annie's Organic Building Blocks Fruit Flavored Snacks","Annie's","6.99","10 ct / 0.7 oz","LOW","inStore:true; curbside:true; delivery:true; shipToHome:false"
"0003800032947","Rice Krispies Treats® Confetti Cake Crispy Marshmallow Squares","Kellogg's","3.69","8 ct","LOW","inStore:true; curbside:true; delivery:true; shipToHome:false"
"0001600020086","Mott's™ Gluten Free Apple Orchard Fruit Flavored Snacks Family Pack","Mott's","8.99","40 ct / 0.8 oz","TEMPORARILY_OUT_OF_STOCK","inStore:false; curbside:false; delivery:false; shipToHome:false"
"0060265217056","KIND Peanut Butter Dark Chocolate Snack Bars","KIND","1.89","1 ct","HIGH","inStore:true; curbside:true; delivery:true; shipToHome:false"
"0060265218664","KIND Peanut Butter Dark Chocolate Snack Bars","KIND","14.99","12 ct","HIGH","inStore:true; curbside:true; delivery:true; shipToHome:false"
"0080717654005","Bibigo Sea Salt Seaweed Snack","bibigo","2.19","0.35 oz","HIGH","inStore:true; curbside:true; delivery:true; shipToHome:false"
"0001376402839","Dave's Killer Bread Cocoa Brownie Blitz Organic Snack Bars","Dave's Killer Bread","5.79","4 ct","LOW","inStore:true; curbside:true; delivery:true; shipToHome:false"
"0085004574824","FruitBlox Sours Unspeakable Apple Strawberry & Watermelon Fruit Snacks","FruitBlox","6.49","22 ct","TEMPORARILY_OUT_OF_STOCK","inStore:false; curbside:false; delivery:false; shipToHome:false"
"0001600042419","Scooby-Doo Gluten Free Fruit Flavored Snacks","Betty Crocker","3.29","10 ct / 0.8 oz","TEMPORARILY_OUT_OF_STOCK","inStore:false; curbside:false; delivery:false; shipToHome:false"
"0001111002542","Simple Truth® Protein Original Beef Stick Snacks","Simple Truth","13.99","8 ct / 8 oz","TEMPORARILY_OUT_OF_STOCK","inStore:false; curbside:false; delivery:false; shipToHome:false"
"0001600022091","Fruit by the Foot™ Berry and Strawberry Tie-Dye King Size Fruit Flavored Snacks","Fruit by the Foot","10.99","12 ct / 1.25 oz","TEMPORARILY_OUT_OF_STOCK","inStore:false; curbside:false; delivery:false; shipToHome:false"
"0003485684061","Welch's Fruit Snacks, Fruit Punch & Island Fruits","Welch's","9.99","40 ct / 0.8 oz","HIGH","inStore:true; curbside:true; delivery:true; shipToHome:false"
"0001600022693","Fruit by the Foot™ Splitz Fruit Flavored Snacks Watermelon and Lemonade","Fruit by the Foot","3.49","6 ct / 0.75 oz","LOW","inStore:false; curbside:false; delivery:false; shipToHome:false"
"0001600022854","Harry Potter Gluten Free Fruit Flavored Snacks","Betty Crocker","6.49","22 ct / 0.8 oz","HIGH","inStore:true; curbside:true; delivery:true; shipToHome:false"
"0001600022855","Cheerios™ Protein Mixed Berry Chewy Cereal Treat Bars","Cheerios","3.79","5 ct / 1.27 oz","HIGH","inStore:true; curbside:true; delivery:true; shipToHome:false"
"0003485686204","Welch's Juicefuls Fusions Fruit Snacks","Welch's","9.99","20 ct / 0.8 oz","LOW","inStore:false; curbside:false; delivery:false; shipToHome:false"
"0001600022653","Fruit by the Foot™ Strawberry and Mixed Berry Fruit Flavored Snacks Party Pack","Fruit by the Foot","9.49","18 ct / 13.5 oz","LOW","inStore:true; curbside:true; delivery:true; shipToHome:false"
"0003485686209","Welch's® Juicefuls® Island Splash and Berry Blast Fruit Snacks","Welch's","10.49","20 ct / 0.8 oz","TEMPORARILY_OUT_OF_STOCK","inStore:false; curbside:false; delivery:false; shipToHome:false"
"0001600015243","Fruit Roll-Ups™ Gluten Free Jolly Rancher Fruit Flavored Snacks Variety Pack","Fruit Roll-Ups","3.49","10 ct / 0.5 oz","TEMPORARILY_OUT_OF_STOCK","inStore:false; curbside:false; delivery:false; shipToHome:false"
"0001600016452","Disney Pixar Gluten Free Fruit Flavored Snacks","Betty Crocker","3.29","10 ct / 0.8 oz","HIGH","inStore:true; curbside:true; delivery:true; shipToHome:false"
"0001600018993","Disney™ Pixar Gluten Free Fruit Flavored Snacks Value Pack","Betty Crocker","6.49","22 ct / 0.8 oz","TEMPORARILY_OUT_OF_STOCK","inStore:false; curbside:false; delivery:false; shipToHome:false"
"0001376402842","Dave's Killer Bread Oat-Rageous Honey Almond Organic Snack Bars, Individually Wrapped Snack Bar","Dave's Killer Bread","","1.75 oz","TEMPORARILY_OUT_OF_STOCK","inStore:true; curbside:true; delivery:true; shipToHome:false"
"0001376402841","Dave's Killer Bread Oat-Rageous Honey Almond Organic Snack Bars","Dave's Killer Bread","5.79","4 ct","LOW","inStore:true; curbside:true; delivery:true; shipToHome:false"
"0085109300406","Gimme® Organic Sea Salt Roasted Seaweed Snacks","Gimme Seaweed","2.49","0.35 oz","HIGH","inStore:true; curbside:true; delivery:true; shipToHome:false"
"0085004574804","FruitBlox Unspeakable Apple & Strawberry Fruit Snacks","FruitBlox","6.49","22 pk","HIGH","inStore:false; curbside:false; delivery:false; shipToHome:false"
"0001600046758","General Mills Cinnamon Toast Crunch™ Cereal Treat Bars","Cinnamon Toast Crunch","3.79","8 ct / 0.85 oz","HIGH","inStore:true; curbside:true; delivery:true; shipToHome:false"
"0085004574805","FruitBlox Aphmau Mixed Fruit Fruit Snacks","FruitBlox","6.49","22 ct / 0.8 oz","HIGH","inStore:false; curbside:false; delivery:false; shipToHome:false"
"0001111091472","Kroger® Carrots Celery And Broccoli Snack Tray With Ranch Dip","Kroger","2.49","6.75 oz","","inStore:true; curbside:true; delivery:true; shipToHome:false"
"0004610035860","Sargento® Mighty Bites™ with Pepperoni Mozzarella Cheese & Mini Wheat Thins™ Crackers Snack Kit","Sargento","3.29","2.8 oz","HIGH","inStore:true; curbside:true; delivery:true; shipToHome:false"
"0004610035862","Sargento® Mighty Bites™ with Turkey Monterey Jack Cheese Mini Ritz® Crackers & Gummy Bears Snack Kit","Sargento","3.29","2.8 oz","HIGH","inStore:true; curbside:true; delivery:true; shipToHome:false"
"0004610035861","Sargento® Mighty Bites™ Ham Colby Jack Cheese Mini Ritz® Crackers & Pretzel Balls Snack Kit","Sargento","3.29","2.8 oz","HIGH","inStore:true; curbside:true; delivery:true; shipToHome:false"
"0004610035863","Sargento® Mighty Bites™ with Salami Pepper Jack Cheese & Mini Triscuit™ Crackers Snack Kit","Sargento","3.29","2.8 oz","HIGH","inStore:true; curbside:true; delivery:true; shipToHome:false"
"0001600019370","Gardetto's™ Snack Mix Original Recipe Snack Bag","Gardetto's","3.49","8.6 oz","HIGH","inStore:true; curbside:true; delivery:true; shipToHome:false"
"0081002440197","Little Bellies™ Organic Berry Yoghurt Pick-Me Sticks Puffed Multigrain Snacks","Little Bellies","2.49","0.56 oz","HIGH","inStore:true; curbside:true; delivery:true; shipToHome:false"
"0007203096018","Entenmann's Little Bites Blueberry Mini Muffins","Entenmann's Little Bites","5.79","5 ct / 1.5 oz","","inStore:true; curbside:true; delivery:true; shipToHome:false"
"0007203095923","Entenmann's Iced Lemon Mini Snack Cakes","Entenmann's","5.49","6 ct / 1.83 oz","","inStore:false; curbside:false; delivery:false; shipToHome:false"
"0004369543998","Hot Pockets Four Cheese Pizza Italian-Style Seasoned Crust Frozen Snacks 4PK","Hot Pockets","5.49","4 pack / 17 oz","HIGH","inStore:true; curbside:true; delivery:true; shipToHome:false"
"0004280010952","Totino's™ Combination Pizza Rolls™ Frozen Snacks","Totino's","5.99","50 ct / 0.5 oz","HIGH","inStore:true; curbside:true; delivery:true; shipToHome:false"
"0004369518691","Hot Pockets Meatballs and Mozzarella Frozen Snacks Air Fryer Snacks 9g Protein 4PK","Hot Pockets","5.49","4 pack / 18 oz","HIGH","inStore:true; curbside:true; delivery:true; shipToHome:false"
"0004470007529","P3 Portable Protein Snack Pack with Dark Chocolate Almond Nut, Turkey & Cheddar Cheese, Tray","P3","2.49","2 oz","TEMPORARILY_OUT_OF_STOCK","inStore:true; curbside:true; delivery:true; shipToHome:false"
"0081957301831","Happy Tot Organics Bestie Bars Peanut Butter & Raspberry Nut Butter Crust & Fruit-Filled Snack Bars","Happy Tot","4.79","3.7 oz","LOW","inStore:true; curbside:true; delivery:true; shipToHome:false"
"0001500004830","Gerber Stage 3 Baby Food Snacks Mild Cheddar Lil' Crunchies Baby Led Feeding","Gerber","3.19","1.48 oz","HIGH","inStore:true; curbside:true; delivery:true; shipToHome:false"
"0001111063216","Kroger® Turkey And Cheese Snack Tray","Kroger","2.99","6 oz","","inStore:true; curbside:true; delivery:true; shipToHome:false"
"0085005362413","Chomps® Sea Salt Beef Snack Sticks","Chomps","19.99","9.2 oz","TEMPORARILY_OUT_OF_STOCK","inStore:false; curbside:false; delivery:false; shipToHome:false"
"0007203095995","Entenmann's Crumb Mini Snack Cakes","Entenmann's","5.49","6 ct / 1.92 oz","","inStore:true; curbside:true; delivery:true; shipToHome:false"
"0007008503508","Bagel Bites Cheese & Pepperoni Mini Bagel Pizza Snacks, Box","Bagel Bites","11.49","40 ct","TEMPORARILY_OUT_OF_STOCK","inStore:true; curbside:true; delivery:true; shipToHome:false"
"0002620011700","Slim Jim Giant Sized Original Smoked Snack Stick","Slim Jim","1.79","0.97 oz","HIGH","inStore:true; curbside:true; delivery:true; shipToHome:false"
"0080717654003","Bibigo Sesame Flavor Seaweed Snacks","bibigo","6.99","0.16 oz 6 pack","TEMPORARILY_OUT_OF_STOCK","inStore:true; curbside:true; delivery:true; shipToHome:false"
"0080717654004","Bibigo Sesame Flavor Seaweed Snacks","bibigo","2.19","0.35 oz","LOW","inStore:true; curbside:true; delivery:true; shipToHome:false"
"0004280010918","Totino's™ Triple Cheese Flavored Pizza Rolls™ Frozen Snacks","Totino's","5.99","50 ct / 0.5 oz","HIGH","inStore:true; curbside:true; delivery:true; shipToHome:false"
"0004369561254","Hot Pockets Hickory Ham and Cheddar Croissant Crust Frozen Sandwiches Frozen Snacks 4PK","Hot Pockets","5.49","4 pack / 18 oz","HIGH","inStore:true; curbside:true; delivery:true; shipToHome:false"
"0001111015068","Kroger® Pepperoni Pizza Snack Rolls","Kroger","4.79","25 oz","TEMPORARILY_OUT_OF_STOCK","inStore:true; curbside:true; delivery:true; shipToHome:false"
"0004450006245","Hillshire® Snacking Small Plate All Natural* Uncured Pepperoni with Natural White Cheddar Cheese","Hillshire Farm","3.79","2.76 oz","TEMPORARILY_OUT_OF_STOCK","inStore:true; curbside:true; delivery:true; shipToHome:false"
"0004470007859","P3 Portable Protein Snack Pack with Turkey, Ham & Cheddar Cheese, Tray","P3","2.49","2.3 oz","HIGH","inStore:true; curbside:true; delivery:true; shipToHome:false"
"0007203096072","Entenmann's® Pound Mini Snack Cakes","Entenmann's","8.99","12 ct / 1.38 oz","","inStore:false; curbside:false; delivery:false; shipToHome:false"
"0004450020182","Hillshire® Snacking Small Plates Italian Dry Salami and Gouda Cheese","Hillshire Farm","3.79","2.76 oz","HIGH","inStore:true; curbside:true; delivery:true; shipToHome:false"
"0001111002581","Simple Truth® Protein Jalapeno Beef Stick Snacks","Simple Truth","13.99","8 ct / 8 oz","TEMPORARILY_OUT_OF_STOCK","inStore:false; curbside:false; delivery:false; shipToHome:false"
"0001500004520","Gerber Baby Snacks Grain & Grow Puffs Strawberry Apple Clean Label Project Canister","Gerber","2.99","1.48 oz","HIGH","inStore:true; curbside:true; delivery:true; shipToHome:false"
"0007432912325","Oh Snap!® Sassy Bites™ Sweet N' Spicy Pickle Snack Pack","Oh Snap! Pickling Co.","1.49","3.25 fl oz","HIGH","inStore:true; curbside:true; delivery:true; shipToHome:false"
"0004280011838","Totino's™ Pepperoni Pizza Rolls™ Frozen Snacks","Totino's","9.99","100 ct / 0.49 oz","HIGH","inStore:true; curbside:true; delivery:true; shipToHome:false"
"0004450020181","Hillshire® Snacking Small Plates Genoa Salami and White Cheddar Cheese","Hillshire Farm","3.79","2.76 oz","LOW","inStore:true; curbside:true; delivery:true; shipToHome:false"
"0001111062491","Kroger® Sliced Apples Chocolatey Caramels and Pretzels Snack Tray","Kroger","2","2.4 oz","HIGH","inStore:true; curbside:true; delivery:true; shipToHome:false"
"0004369587476","Hot Pockets Philly Steak and Cheese Crispy Crust Frozen Sandwiches Frozen Snacks 4PK","Hot Pockets","5.49","4 pack / 18 oz","HIGH","inStore:true; curbside:true; delivery:true; shipToHome:false"
"0007008504690","Bagel Bites Cheese & Pepperoni Mini Bagel Pizza Snacks, Box","Bagel Bites","7.99","24 ct","HIGH","inStore:true; curbside:true; delivery:true; shipToHome:false"
"0073231300226","Crunch Pak® Bluey Medley with Peeled Sweet Apples Cheese and Pretzels Snack","Crunch Pak","1.99","2.5 oz","HIGH","inStore:true; curbside:true; delivery:true; shipToHome:false"
"0001111002970","Kroger® Sweet Apples and Caramel Snack Tray","Kroger","1.5","2.75 oz","LOW","inStore:true; curbside:true; delivery:true; shipToHome:false"
"0081957301777","Happy Baby® Organic Fruit & Veggie Creamies Strawberry Butternut Squash & Banana Baby Snacks","Happy Baby","3.99","1 oz","HIGH","inStore:false; curbside:false; delivery:false; shipToHome:false"
"0001111015072","Kroger® Pepperoni Pizza Snack Rolls BIG DEAL!","Kroger","9.99","65 oz","HIGH","inStore:true; curbside:true; delivery:true; shipToHome:false"
"0001111008837","Kroger® Roasted Seaweed Snack with Sea Salt","Kroger","1.49","0.4 oz","HIGH","inStore:true; curbside:true; delivery:true; shipToHome:false"
"0004369550650","Hot Pockets Extra Cheese Ham and Cheddar Air Fryer Snacks Frozen Sandwiches 4PK","Hot Pockets","5.49","17 oz","HIGH","inStore:true; curbside:true; delivery:true; shipToHome:false"
"0001500004730","Gerber Stage 3 Baby Food Snacks Strawberry Yogurt Melts Baby Led Feeding","Gerber","2.99","1 oz","HIGH","inStore:true; curbside:true; delivery:true; shipToHome:false"
"0004400008588","OREO Lovers Cookies and Cakesters Soft Snack Cakes Variety Pack","Oreo","10.99","20 ct","","inStore:false; curbside:false; delivery:false; shipToHome:false"
"0088810963496","Hostess Suzy Q’s Chocolate Snack Cake with Creamy Filling","Hostess","1.99","2.6 oz","LOW","inStore:true; curbside:true; delivery:true; shipToHome:false"
"0004114312870","Sun-Maid® California Sun-Dried Raisins Dried Fruit Snack","Sun-Maid","5.49","20 oz","HIGH","inStore:true; curbside:true; delivery:true; shipToHome:false"
"0007432912339","Oh Snap!® Pickling Co. Hottie Bites® Pickle Cuts Snack Pack","Oh Snap! Pickling Co.","1.49","3.25 fl oz","HIGH","inStore:true; curbside:true; delivery:true; shipToHome:false"
"0007203095979","Entenmann's Crumb Mini Snack Cakes","Entenmann's","8.99","12 ct / 1.92 oz","","inStore:false; curbside:false; delivery:false; shipToHome:false"
"0080717654027","Bibigo Wasabi Flavored Seaweed Snacks","bibigo","2.19","0.35 oz","LOW","inStore:true; curbside:true; delivery:true; shipToHome:false"
"0002392353293","Earth's Best Ages 6M+ Organic Cheddar Cheese Crunchy Sticks Baby Food Snacks","Earth's Best","2.59",".56 oz","HIGH","inStore:true; curbside:true; delivery:true; shipToHome:false"
"0002392353295","Earth's Best Crunchy Sticks Strawberry Banana Baby Food Snack","Earth's Best","2.59",".56 oz","HIGH","inStore:true; curbside:true; delivery:true; shipToHome:false"
"0007008503512","Bagel Bites Three Cheese Mini Bagel Pizza Snacks, Box","Bagel Bites","11.49","40 ct","LOW","inStore:true; curbside:true; delivery:true; shipToHome:false"
"0004280000036","Totino's™ Ultimate Uncured Pepperoni Pizza Rolls™ Frozen Snacks","Totino's","7.99","24.46 oz","HIGH","inStore:true; curbside:true; delivery:true; shipToHome:false"
"0004280000039","Totino's™ Ultimate Mozzarella Cheese Pizza Rolls™ Frozen Snacks","Totino's","7.99","24.46 oz","HIGH","inStore:true; curbside:true; delivery:true; shipToHome:false"
"0004280010924","Totino's™ Pizza Rolls Supreme Flavored Frozen Snacks","Totino's","5.99","50 ct / 0.5 oz","HIGH","inStore:true; curbside:true; delivery:true; shipToHome:false"
"0004114312460","Sun-Maid® California Sun-Dried Raisins Dried Fruit Snack","Sun-Maid","3.99","12 oz","HIGH","inStore:true; curbside:true; delivery:true; shipToHome:false"
"0006310048196","Greenfield Natural* Meat Co. Pepperoni Protein+ Snack Kit","Greenfield","3","3 oz","LOW","inStore:true; curbside:true; delivery:true; shipToHome:false"
"0001500000509","Gerber Toddler Snacks Banana Cookies Toddler Cookies Finger Foods Snacks for Toddlers","Gerber","3.19","5 oz","HIGH","inStore:true; curbside:true; delivery:true; shipToHome:false"
"0004369545738","Hot Pockets Steak and Cheddar Crispy Crust Frozen Sandwiches Frozen Snacks 4PK","Hot Pockets","5.49","4 packs / 18 oz","LOW","inStore:true; curbside:true; delivery:true; shipToHome:false"
"0004280012531","Totino's™ NXTLVL Buffalo Style Chicken Pizza Rolls™ Frozen Snacks","Totino's","5.99","50 ct / 0.49 oz","LOW","inStore:true; curbside:true; delivery:true; shipToHome:false"
"0085269700147","Happy Baby Organics Yogis Strawberry & Yogurt Freeze-Dried Organic Baby Snack Bag","Happy Baby","3.99","1 fl oz","HIGH","inStore:true; curbside:true; delivery:true; shipToHome:false"
"0004280011845","Totino's™ Combination Pizza Rolls™ Frozen Snacks","Totino's","12.49","130 ct / 0.49 oz","TEMPORARILY_OUT_OF_STOCK","inStore:false; curbside:false; delivery:false; shipToHome:false"
"0073231300204","Crunch Pak® Nickelodeon Paw Patrol™ Sliced Sweet Apples Cheese Grapes and Cookies Snack Tray","Crunch Pak","2.99","3.65 oz","","inStore:true; curbside:true; delivery:true; shipToHome:false"
"0004280011844","Totino's™ Triple Cheese Flavored Pizza Rolls™ Frozen Snacks","Totino's","12.49","130 ct / 0.49 oz","HIGH","inStore:true; curbside:true; delivery:true; shipToHome:false"
"0004126033082","Simple Truth Organic® Banana and Strawberry Freeze-Dried Smoothie Melts Snack","Simple Truth Organic","1.19","0.21 oz","HIGH","inStore:true; curbside:true; delivery:true; shipToHome:false"
"0001500004791","Gerber Snacks for Baby Fruit & Veggie Melts Baby Snack Very Berry Blend 1 oz Bag","Gerber","2.99","1 oz","HIGH","inStore:true; curbside:true; delivery:true; shipToHome:false"
"0001500004798","Gerber Stage 3 Baby Food Snacks Banana Vanilla Yogurt Melts Baby Led Feeding","Gerber","2.99","1 oz","LOW","inStore:true; curbside:true; delivery:true; shipToHome:false"
"0001500004831","Gerber Snacks for Baby Lil Crunchies Veggie Dip Puffs Canister","Gerber","3.19","1.48 oz","HIGH","inStore:true; curbside:true; delivery:true; shipToHome:false"
"0001500004832","Gerber Snacks for Baby Lil Crunchies Garden Tomato Puffs Canister","Gerber","3.19","1.48 oz","HIGH","inStore:true; curbside:true; delivery:true; shipToHome:false"
"0002392320196","Earth's Best Organic Sunny Days Snack Bars, 2+ Years Up, Strawberry & Other Natural Flavors","Earth's Best","4.99","7 ct","HIGH","inStore:true; curbside:true; delivery:true; shipToHome:false"
"0001500000596","Gerber Snacks for Baby Biscuits Arrowroot Bag","Gerber","3.19","5.5 oz","HIGH","inStore:true; curbside:true; delivery:true; shipToHome:false"
"0002392320190","Earth's Best Organic Sunny Days Snack Bars, 2+ Years Up, Apple & Other Natural Flavors","Earth's Best","4.99","7 ct","LOW","inStore:true; curbside:true; delivery:true; shipToHome:false"
"0004280013828","Totino's™ Pizza Rolls Hellfire Club Spicy Pepperoni Stranger Things Frozen Snacks","Totino's","5.99","50 ct / 0.49 oz","HIGH","inStore:true; curbside:true; delivery:true; shipToHome:false"
"0004280010915","Totino's™ Pizza Rolls Triple Meat Flavored Frozen Snacks","Totino's","5.99","50 ct / 0.5 oz","HIGH","inStore:true; curbside:true; delivery:true; shipToHome:false"
"0001500004834","Gerber Snacks for Baby Lil Crunchies Apple Sweet Potato Puffs","Gerber","3.19","1.48 oz","LOW","inStore:true; curbside:true; delivery:true; shipToHome:false"
"0004610035882","Sargento® Balanced Breaks®  Monterey Jack & Buffalo Ranch Seasoned Snack Mix Packs","Sargento","4.29","3 pk / 1.5 oz","HIGH","inStore:true; curbside:true; delivery:true; shipToHome:false"
"0073231300198","Crunch Pak® Lunch Kitz Snack Pack","Crunch Pak","3.99","4 oz","LOW","inStore:true; curbside:true; delivery:true; shipToHome:false"
"0085002344618","Gimme® Grab & Go Teriyaki Roasted Seawood Snacks Multipack","Gimme Seaweed","4.49","5 pk / 0.14 oz","HIGH","inStore:true; curbside:true; delivery:true; shipToHome:false"
"0085002344612","Gimme® Grab & Go Roasted Sea Salt Seaweed Snacks Multipack","Gimme Seaweed","4.49","5 pk / 0.14 oz","HIGH","inStore:true; curbside:true; delivery:true; shipToHome:false"
"0001111015069","Kroger® Pepperoni Pizza Snack Rolls","Kroger","7.99","50 oz","LOW","inStore:true; curbside:true; delivery:true; shipToHome:false"
"0003760025773","Hormel Gatherings® Smoked Turkey with Cheese and Crackers Deli Snack Tray","Hormel","9.99","14 oz","TEMPORARILY_OUT_OF_STOCK","inStore:true; curbside:true; delivery:true; shipToHome:false"
"0001500004521","Gerber Stage 3 Baby Snacks Banana Puffs Puffed Grain Snack Baby Led Feeding","Gerber","2.99","1.48 oz","HIGH","inStore:true; curbside:true; delivery:true; shipToHome:false"
"0001500004522","Gerber Snacks for Baby Grain & Grow Puffs Sweet Potato Canister","Gerber","2.99","1.48 oz","HIGH","inStore:true; curbside:true; delivery:true; shipToHome:false"
"0001500004962","Gerber Snacks for Baby Teethers Banana Peach Box (12 Pack)","Gerber","3.79","1.7 oz","HIGH","inStore:true; curbside:true; delivery:true; shipToHome:false"
"0081957301174","Happy Baby Organics Teethers Blueberry & Purple Carrot Organic Baby Snack Box","Happy Baby","4.99","1.7 fl oz","HIGH","inStore:true; curbside:true; delivery:true; shipToHome:false"
"0081957301175","Happy Baby Organics Teethers Sweet Potato & Banana Organic Baby Snack Box","Happy Baby","4.99","1.7 fl oz","HIGH","inStore:true; curbside:true; delivery:true; shipToHome:false"
"0001500004529","Gerber Snacks for Baby Grain & Grow Puffs Blueberry Canister","Gerber","2.99","1.48 oz","HIGH","inStore:true; curbside:true; delivery:true; shipToHome:false"
"0004280011836","Totino's™ Pizza Rolls™ Combination Flavored Frozen Snacks","Totino's","9.99","100 ct / 0.49 oz","HIGH","inStore:true; curbside:true; delivery:true; shipToHome:false"
"0003760018359","Hormel Gatherings® Pepperoni with Cheese and Crackers Deli Snack Tray","Hormel","9.99","14 oz","LOW","inStore:true; curbside:true; delivery:true; shipToHome:false"
"0001600020676","Chex Mix Muddy Buddies™ Peanut Butter and Chocolate Snack Mix","Chex Mix","4.39","9 oz","HIGH","inStore:true; curbside:true; delivery:true; shipToHome:false"
"0001111015074","Kroger® Combination Pizza Snack Rolls BIG DEAL!","Kroger","9.99","65 oz","HIGH","inStore:true; curbside:true; delivery:true; shipToHome:false"
"0001500004809","Gerber Snacks for Baby Lil Crunchies Baked Grain Vanilla Maple Canister","Gerber","3.19","1.48 oz","HIGH","inStore:true; curbside:true; delivery:true; shipToHome:false"
"0007008504692","Bagel Bites Three Cheese Mini Bagel Pizza Snacks, Box","Bagel Bites","7.99","24 ct","HIGH","inStore:true; curbside:true; delivery:true; shipToHome:false"
"0001111015071","Kroger® Combination Pizza Snack Rolls","Kroger","7.99","50 oz","LOW","inStore:true; curbside:true; delivery:true; shipToHome:false"
"0001500004731","Gerber Stage 3 Baby Food Snacks Mixed Berries Yogurt Melts Baby Led Feeding","Gerber","2.99","1 oz","HIGH","inStore:true; curbside:true; delivery:true; shipToHome:false"
"0001500004732","Gerber Snacks for Baby Yogurt Melts Peach","Gerber","2.99","1 oz","HIGH","inStore:true; curbside:true; delivery:true; shipToHome:false"
"0004280000583","Totino's Pizza Rolls Pepperoni Flavored Frozen Snacks","Totino's","2","15 ct / 0.5 oz","HIGH","inStore:true; curbside:true; delivery:true; shipToHome:false"
"0081002440085","Little Bellies™ Organic Strawberry Pick-Me Sticks Puffed Corn Baby Food Snacks","Little Bellies","2.49","0.56 oz","HIGH","inStore:true; curbside:true; delivery:true; shipToHome:false"
"0001111015438","Kroger® Combination Pizza Snack Rolls","Kroger","4.79","25 oz","TEMPORARILY_OUT_OF_STOCK","inStore:true; curbside:true; delivery:true; shipToHome:false"
"0001600020928","Chex Mix™ Muddy Buddies™ OREO® Cookies and Cream Snack Mix","Chex Mix","4.39","9 oz","TEMPORARILY_OUT_OF_STOCK","inStore:false; curbside:false; delivery:false; shipToHome:false"
"0081019692001","Goodies Strawberry PB&J Bars, Kid Snack Bars","Goodies","4.99","3.53 oz","HIGH","inStore:true; curbside:true; delivery:true; shipToHome:false"
"0081002440196","Little Bellies™ Organic Mango Yogurt Pick-Me Sticks Puffed Multigrain Snacks","Little Bellies","2.49","0.56 oz","HIGH","inStore:true; curbside:true; delivery:true; shipToHome:false"
"0005220004160","Beech-Nut® Oaty Bites Mixed Berry Toddler Snack Bites","Beech-Nut","3.99","7 ct / 0.7 oz","HIGH","inStore:true; curbside:true; delivery:true; shipToHome:false"
"0004227201191","Amy's® Vegan Cheeze Pizza Snacks","Amy's","5.79","6.0 oz","TEMPORARILY_OUT_OF_STOCK","inStore:false; curbside:false; delivery:false; shipToHome:false"
"0001500070639","Get'ems from Gerber Pumpkin Apple & Cinnamon Cookies Kids Snack Made with Real Veggies & Fruits","Gerber","3.19","5 oz","HIGH","inStore:true; curbside:true; delivery:true; shipToHome:false"
"0001500074519","Gerber Yogurt Blends Stage 3 Baby Snacks Banana Strawberry 4 oz Tubs (Pack of 2)","Gerber","1.99","2 packs / 4 oz","LOW","inStore:true; curbside:true; delivery:true; shipToHome:false"
"0004280011843","Totino's™ Pizza Rolls™ Triple Meat Flavored Frozen Snacks","Totino's","12.49","130 ct / 0.49 oz","HIGH","inStore:true; curbside:true; delivery:true; shipToHome:false"
"0004280010954","Totino's™ Pizza Rolls™ Pepperoni and Bacon Flavored Frozen Snacks","Totino's","5.99","50 ct / 0.5 oz","HIGH","inStore:true; curbside:true; delivery:true; shipToHome:false"
"0085269700149","Happy Baby Organics Yogis Banana Mango & Yogurt Freeze-Dried Organic Baby Snack Bag","Happy Baby","3.99","1 fl oz","TEMPORARILY_OUT_OF_STOCK","inStore:true; curbside:true; delivery:true; shipToHome:false"
"0001500070635","Gerber® Get'ems!™ Roundos Apple Cinnamon Puff Snack Bag","Gerber","3.19","2.25 oz","HIGH","inStore:true; curbside:true; delivery:true; shipToHome:false"
"0085269700148","Happy Baby Organics Yogis Mixed Berry & Yogurt Freeze-Dried Organic Baby Snack Bag","Happy Baby","3.99","1 fl oz","HIGH","inStore:true; curbside:true; delivery:true; shipToHome:false"
"0081957301554","Happy Baby Organics Teether Crackers Mango & Pumpkin Organic Baby Snack Box","Happy Baby","4.99","12 ct / 0.14 fl oz","HIGH","inStore:true; curbside:true; delivery:true; shipToHome:false"
"0081957301555","Happy Baby Organics Teether Crackers Strawberry & Beet Organic Baby Snack Box","Happy Baby","4.99","1.7 fl oz","HIGH","inStore:true; curbside:true; delivery:true; shipToHome:false"
"0089322200082","ParmCrisps® Everything Seasoned Cheese Snack","ParmCrisps","4.49","1.75 oz","","inStore:true; curbside:true; delivery:true; shipToHome:false"
"0001500004790","Gerber Snacks for Baby Fruit & Veggie Melts Baby Snack Truly Tropical Blend 1 oz Bag","Gerber","2.99","1 oz","HIGH","inStore:true; curbside:true; delivery:true; shipToHome:false"
"0004126033081","Simple Truth Organic® Banana Mango and Passion Fruit Freeze-Dried Smoothie Melts Snacks","Simple Truth Organic","1.19","0.21 oz","HIGH","inStore:true; curbside:true; delivery:true; shipToHome:false"
"0001500013821","Gerber Yogurt Blends Stage 2 Baby Snacks Strawberry 4 oz Tubs (Pack of 2)","Gerber","1.99","2 packs / 4 oz","HIGH","inStore:true; curbside:true; delivery:true; shipToHome:false"
"0002392333498","Earth's Best Organic Sunny Days Snack Bars, 2+ Years Up, Sweet Potato Carrot Flavored","Earth's Best","4.99","7 ct","HIGH","inStore:true; curbside:true; delivery:true; shipToHome:false"
"0001500001362","Gerber Snacks for Toddler Soft Baked Grain Bars Strawberry Banana","Gerber","3.69","5.5 oz","HIGH","inStore:true; curbside:true; delivery:true; shipToHome:false"
"0007465324996","Jack’s Pull-Apart Supreme Pizza Sticks Extra Large Pizza Frozen Snack Rolls","Jack's","1.99","8 oz","HIGH","inStore:true; curbside:true; delivery:true; shipToHome:false"
"0002392370890","Earth's Best Organic® Mixed Berry Munchy Fingers Toddler Snacks","Earth's Best","4.29","9 ct / 1.05 oz","HIGH","inStore:true; curbside:true; delivery:true; shipToHome:false"
"0004280013829","Totino's™ Pizza Rolls Hellfire Club Spicy Cheese Stranger Things Frozen Snacks","Totino's","5.99","50 ct / 0.49 oz","HIGH","inStore:false; curbside:false; delivery:false; shipToHome:false"
"0085000389854","Cerebelly Organic Toddler Blueberry Banana Sweet Potato Smart Snack Bars 5PK","Cerebelly","6.79","5 count","TEMPORARILY_OUT_OF_STOCK","inStore:false; curbside:false; delivery:false; shipToHome:false"
"0001500004836","Gerber Snacks for Baby Lil Crunchies Ranch Puffs Canister","Gerber","3.19","1.48 oz","HIGH","inStore:true; curbside:true; delivery:true; shipToHome:false"
"0003760033463","Skippy® PB Bites Girl Scout Chocolate Peanut Butter Snacks","Skippy","3.99","net wt 5.5 oz (156g)","TEMPORARILY_OUT_OF_STOCK","inStore:false; curbside:false; delivery:false; shipToHome:false"
"0004280011834","Totino's™ Triple Cheese Flavored Pizza Rolls™ Frozen Snacks","Totino's","9.99","100 ct / 0.49 oz","HIGH","inStore:true; curbside:true; delivery:true; shipToHome:false"
"0085003332406","YUMI™ Strawberry Rhubarb Organic Toddler Snack Bars","YUMI","5.49","5 ct","HIGH","inStore:true; curbside:true; delivery:true; shipToHome:false"
"0085003332407","YUMI™ Organic Blueberry & Purple Carrot Toddler Snack Bars","YUMI","5.49","5 pk / 0.74 oz","LOW","inStore:true; curbside:true; delivery:true; shipToHome:false"
"0002392370889","Earth's Best® Organic Mango Carrot Munchy Finger Puffed Corn Snacks","Earth's Best","4.29","9 ct / 1.05 oz","HIGH","inStore:true; curbside:true; delivery:true; shipToHome:false"
"0001115222613","Hapi® Snacks Spicy Sriracha Peas","Hapi","2.19","4.23 oz","HIGH","inStore:true; curbside:true; delivery:true; shipToHome:false"
"0005220004149","Beech-Nut® Mini Waffles with Hidden Veggies Toddler Snack, Butternut Berry","Beech-Nut","3.69","3.2 oz","HIGH","inStore:true; curbside:true; delivery:true; shipToHome:false"
"0005220004148","Beech-Nut® Mini Waffles with Hidden Veggies Toddler Snack, Pumpkin & Apple","Beech-Nut","3.69","3.2 oz","HIGH","inStore:true; curbside:true; delivery:true; shipToHome:false"
"0005220004103","Beech-Nut® Melties with Fruit & Veggies Baby Snack Melts, Banana Blueberry & Green Bean","Beech-Nut","3.69","1 oz","HIGH","inStore:true; curbside:true; delivery:true; shipToHome:false"
"0005220004102","Beech-Nut® Melties with Fruit & Veggies Baby Snack Melts, Apple & Pumpkin","Beech-Nut","3.69","1 oz","HIGH","inStore:true; curbside:true; delivery:true; shipToHome:false"
"0004114309083","Sun-Maid® Mini Snacks Chocolate Yog Covered Raisins","Sun-Maid","3.69","5 oz","HIGH","inStore:true; curbside:true; delivery:true; shipToHome:false"
"0084009350091","ParmCrisps® Four Cheese Snacks","ParmCrisps","9.99","5 oz","HIGH","inStore:true; curbside:true; delivery:true; shipToHome:false"
"0001500093799","Gerber Snacks for Baby Lil' Crunchies Baked Corn Value Pack","Gerber","9.99","4 canisters of 1.48 oz","LOW","inStore:true; curbside:true; delivery:true; shipToHome:false"
"0002392320458","Earth's Best Organic Strawberry Sesame Street Sunny Days Snack Bars","Earth's Best","9.99","16 ct","HIGH","inStore:true; curbside:true; delivery:true; shipToHome:false"
"0007465385395","Jack’s Pull-Apart Cheese Pizza Sticks Extra Large Pizza Frozen Snack Rolls","Jack's","1.99","8 oz","HIGH","inStore:true; curbside:true; delivery:true; shipToHome:false"
"0001500093758","Gerber Snacks for Baby Grain & Grow Puffs Banana & Apple Strawberry Variety Pack Canister 4 Pack","Gerber","10.49","4/1.48 oz cannisters","LOW","inStore:true; curbside:true; delivery:true; shipToHome:false"
"0081957301178","Happy Baby Organics Greek Yogis Strawberry Banana & Organic Freeze-Dried Baby Snack Bag","Happy Baby","3.99","1 fl oz","HIGH","inStore:true; curbside:true; delivery:true; shipToHome:false"
"0004132223600","Farm Rich Pepperoni Pizza Roll-Ups with Marinara Dipping Sauce, 13 oz (Frozen Snacks & Appetizers)","Farm Rich","7.99","13 oz","HIGH","inStore:true; curbside:true; delivery:true; shipToHome:false"
"0081957301179","Happy Baby Organics Greek Yogis Blueberry & Purple Carrot Organic Freeze-Dried Baby Snack Bag","Happy Baby","3.99","1 fl oz","HIGH","inStore:true; curbside:true; delivery:true; shipToHome:false"
"0081957301338","Happy Baby Organics Teethers Pea & Spinach Organic Baby Snack Box","Happy Baby","4.99","1.7 fl oz","HIGH","inStore:true; curbside:true; delivery:true; shipToHome:false"
"0004280000586","Totino's Pizza Rolls Combination Flavored Frozen Snacks","Totino's","2","15 ct / 0.5 oz","LOW","inStore:true; curbside:true; delivery:true; shipToHome:false"
"0005220004157","Beech-Nut® Jammin' Waffles with Pear Raspberry Fruit Filling Toddler Snack","Beech-Nut","3.99","5 ct / 2.82 oz","HIGH","inStore:true; curbside:true; delivery:true; shipToHome:false"
"0004227200121","Amy's® Cheese Pizza Snacks","Amy's","5.79","6 oz","HIGH","inStore:true; curbside:true; delivery:true; shipToHome:false"
"0001111066224","Private Selection® Sweet Soppressata Salami Snack Pack","Kroger","2.49","1.5 oz","TEMPORARILY_OUT_OF_STOCK","inStore:false; curbside:false; delivery:false; shipToHome:false"
"0081002440086","Little Bellies™ Organic Sweet Potato Pick-Me Sticks Puffed Corn Baby Food Snacks","Little Bellies","2.49","0.56 oz","HIGH","inStore:true; curbside:true; delivery:true; shipToHome:false"
"0001111085072","Kroger® Tri-Color Rotini","Kroger","1.33","12 oz","HIGH","inStore:true; curbside:true; delivery:true; shipToHome:false"
"0001111085071","Kroger® Rotini","Kroger","1.33","16 oz","HIGH","inStore:true; curbside:true; delivery:true; shipToHome:false"
"0002409407012","De Cecco No. 12 Spaghetti","De Cecco","3.79","16 oz","HIGH","inStore:true; curbside:true; delivery:true; shipToHome:false"
"0085718300512","Banza® Chickpea Spaghetti Pasta","Banza","3.99","8 oz","HIGH","inStore:true; curbside:true; delivery:true; shipToHome:false"
"0001111008985","Private Selection® Italian Penne Rigate","Private Selection","1.99","16 oz","HIGH","inStore:true; curbside:true; delivery:true; shipToHome:false"
"0001111085033","Kroger® Penne Rigate Pasta","Kroger","1.33","16 oz","HIGH","inStore:true; curbside:true; delivery:true; shipToHome:false"
"0007680828073","Barilla Penne Pasta, Quality Non-GMO and Kosher Certified Pasta","Barilla","1.99","16 oz","HIGH","inStore:true; curbside:true; delivery:true; shipToHome:false"
"0001111084381","Kroger® Bow Ties Pasta","Kroger","1.33","12 oz","TEMPORARILY_OUT_OF_STOCK","inStore:false; curbside:false; delivery:false; shipToHome:false"
"0001600020898","Carbe Diem! Spaghetti Pasta","Carbe Diem!","4.29","12 oz","HIGH","inStore:true; curbside:true; delivery:true; shipToHome:false"
"0001111014163","Kroger® Radiatore Pasta","Kroger","1.33","16 oz","HIGH","inStore:true; curbside:true; delivery:true; shipToHome:false"
"0001111014164","Kroger® Cavatappi Noodles","Kroger","1.33","16 oz","HIGH","inStore:true; curbside:true; delivery:true; shipToHome:false"
"0007680800649","Barilla Whole Grain Thin Spaghetti Non-GMO and Kosher Pasta Made With Whole Wheat","Barilla","1.99","16 oz","HIGH","inStore:true; curbside:true; delivery:true; shipToHome:false"
"0001111012349","Kroger® Fettuccine","Kroger","1.25","16 oz","HIGH","inStore:true; curbside:true; delivery:true; shipToHome:false"
"0007680851433","Barilla Campanelle Pasta Quality Non-GMO and Kosher Certified Pasta","Barilla","1.99","16 oz","LOW","inStore:true; curbside:true; delivery:true; shipToHome:false"
"0001111085028","Kroger® Rigatoni","Kroger","1.33","16 oz","HIGH","inStore:true; curbside:true; delivery:true; shipToHome:false"
"0007680851398","Barilla Orzo Pasta, Quality Non-GMO and Kosher Certified Pasta","Barilla","1.99","16 oz","HIGH","inStore:true; curbside:true; delivery:true; shipToHome:false"
"0007680828045","Barilla Ditalini Pasta Quality Non-GMO and Kosher Certified Pasta","Barilla","1.99","16 oz","HIGH","inStore:true; curbside:true; delivery:true; shipToHome:false"
"0001111011693","Kroger® Ditalini Pasta","Kroger","1.33","16 oz","HIGH","inStore:true; curbside:true; delivery:true; shipToHome:false"
"0074747910000","Rao'S Homemade® Spaghetti Pasta","Rao's","3.29","16 oz","HIGH","inStore:true; curbside:true; delivery:true; shipToHome:false"
"0001097889003","Rummo Gluten-Free Spaghetti Pasta","Rummo","4.49","12 oz","HIGH","inStore:true; curbside:true; delivery:true; shipToHome:false"
"0001111085021","Kroger® Elbow Macaroni","Kroger","1.33","16 oz","HIGH","inStore:true; curbside:true; delivery:true; shipToHome:false"
"0001111085020","Kroger® Thin Spaghetti","Kroger","1.33","16 oz","HIGH","inStore:true; curbside:true; delivery:true; shipToHome:false"
"0007680850108","Barilla Farfalle Pasta Quality Non-GMO and Kosher Certified Pasta","Barilla","1.99","16 oz","HIGH","inStore:true; curbside:true; delivery:true; shipToHome:false"
"0007680851437","Barilla Cellentani Pasta Quality Non-GMO and Kosher Certified Pasta","Barilla","1.99","16 oz","HIGH","inStore:true; curbside:true; delivery:true; shipToHome:false"
"0007680851829","Barilla Tri-Color Rotini pasta, Quality Non-GMO and Kosher Certified Pasta","Barilla","1.99","12 oz","HIGH","inStore:true; curbside:true; delivery:true; shipToHome:false"
"0007680850738","Barilla Fettuccine Pasta Quality Non-GMO and Kosher Certified Pasta","Barilla","1.99","16 oz","HIGH","inStore:true; curbside:true; delivery:true; shipToHome:false"
"0002409400240","De Cecco Gluten-Free Pasta Spaghetti","De Cecco","5.49","12 oz","HIGH","inStore:true; curbside:true; delivery:true; shipToHome:false"
"0002409407034","De Cecco® Fusilli Pasta","De Cecco","3.79","1 lb","HIGH","inStore:true; curbside:true; delivery:true; shipToHome:false"
"0007680828009","Barilla Thin Spaghetti Pasta Quality Non-GMO and Kosher Certified Pasta","Barilla","1.99","16 oz","HIGH","inStore:true; curbside:true; delivery:true; shipToHome:false"
"0007680828008","Barilla Spaghetti Pasta, Quality Non-GMO and Kosher Certified Pasta","Barilla","1.99","16 oz","HIGH","inStore:true; curbside:true; delivery:true; shipToHome:false"
"0085001960614","It’s That Simple Pasta Spaghetti — Healthy, Low Calorie, Low-Carb Konjac Pasta","It's Skinny","3.99","9.52 oz","TEMPORARILY_OUT_OF_STOCK","inStore:false; curbside:false; delivery:false; shipToHome:false"
"0001111084923","Kroger® Pot Size Spaghetti","Kroger","1.33","16 oz","HIGH","inStore:true; curbside:true; delivery:true; shipToHome:false"
"0007680828098","Barilla Rotini Pasta, Quality Non-GMO and Kosher Certified Pasta","Barilla","1.99","16 oz","HIGH","inStore:true; curbside:true; delivery:true; shipToHome:false"
"0007680801328","Al Bronzo by Barilla Organic Spaghetti Pasta, Bronze Cut Pasta, Non GMO, Kosher","Barilla","3.29","16 oz","HIGH","inStore:true; curbside:true; delivery:true; shipToHome:false"
"0007680850294","Barilla Rigatoni Pasta, Quality Non-GMO and Kosher Certified Pasta","Barilla","1.99","16 oz","HIGH","inStore:true; curbside:true; delivery:true; shipToHome:false"
"0001111009010","Private Selection® Italian Cavatappi","Private Selection","1.99","16 oz","HIGH","inStore:true; curbside:true; delivery:true; shipToHome:false"
"0007680851504","Barilla Thick Spaghetti Pasta, Quality Non-GMO and Kosher Certified Pasta","Barilla","1.99","16 oz","HIGH","inStore:true; curbside:true; delivery:true; shipToHome:false"
"0007680852319","Barilla Spaghetti Pasta, Quality Non-GMO and Kosher Certified Pasta","Barilla","3.39","32 oz","HIGH","inStore:true; curbside:true; delivery:true; shipToHome:false"
"0002409407024","De Cecco Rigatoni No 24 Pasta","De Cecco","3.79","1 lb","HIGH","inStore:true; curbside:true; delivery:true; shipToHome:false"
"0007680800388","Barilla Gluten Free Spaghetti Non-GMO Project Certified Pasta","Barilla","2.99","12 oz","HIGH","inStore:true; curbside:true; delivery:true; shipToHome:false"
"0007680800584","Barilla Whole Grain Spaghetti Non-GMO and Kosher Pasta Made With Whole Wheat","Barilla","1.99","16 oz","HIGH","inStore:true; curbside:true; delivery:true; shipToHome:false"
"0007680853358","Barilla Protein+ (Plus) Rotini Pasta Non-GMO and Kosher Certified Plant Based Protein Pasta","Barilla","2.99","14.5 oz","HIGH","inStore:true; curbside:true; delivery:true; shipToHome:false"
"0007680853357","Barilla Protein+ (Plus) Spaghetti Pasta Non-GMO and Kosher Certified Plant Based Protein Pasta","Barilla","2.99","14.5 oz","HIGH","inStore:true; curbside:true; delivery:true; shipToHome:false"
"0007680853356","Barilla Protein+ (Plus) Thin Spaghetti Pasta Non-GMO and Kosher Certified Plant Based Protein Pasta","Barilla","2.99","14.5 oz","HIGH","inStore:true; curbside:true; delivery:true; shipToHome:false"
"0007680800073","Barilla Fideo Cut Spaghetti Pasta Quality Non-GMO and Kosher Certified Pasta","Barilla","1.99","16 oz","HIGH","inStore:true; curbside:true; delivery:true; shipToHome:false"
"0001111009004","Private Selection® Italian Spaghetti","Private Selection","1.99","16 oz","HIGH","inStore:true; curbside:true; delivery:true; shipToHome:false"
"0001111085165","Kroger® Bow Ties Pasta","Kroger","1.33","12 oz","TEMPORARILY_OUT_OF_STOCK","inStore:true; curbside:true; delivery:true; shipToHome:false"
"0001111085004","Kroger® Spaghetti","Kroger","1.33","16 oz","HIGH","inStore:true; curbside:true; delivery:true; shipToHome:false"
"0001600020941","Carbe Diem™! Penne Pasta","Carbe Diem!","4.29","12 oz","HIGH","inStore:true; curbside:true; delivery:true; shipToHome:false"
"0007680853557","Barilla Mini Farfalle Pasta, Quality Non-GMO and Kosher Certified Pasta","Barilla","1.99","16 oz","HIGH","inStore:true; curbside:true; delivery:true; shipToHome:false"
"0085001144370","Banza® Cascatelli Pasta from Chickpeas","Banza","3.99","8 oz","HIGH","inStore:true; curbside:true; delivery:true; shipToHome:false"
"0064017337008","Pastabilities® Good Day® Pasta Ruffles","Pastabilities","4.99","8 oz","HIGH","inStore:true; curbside:true; delivery:true; shipToHome:false"
"0001111085070","Kroger® Medium Shells","Kroger","1.33","16 oz","LOW","inStore:true; curbside:true; delivery:true; shipToHome:false"
"0065272971081","Hamburger Helper Pasta Stroganoff","Hamburger Helper","1.99","6.4 oz","HIGH","inStore:true; curbside:true; delivery:true; shipToHome:false"
"0001600022155","Carbe Diem!™ Fettuccine Pasta","Carbe Diem!","4.29","12 oz","TEMPORARILY_OUT_OF_STOCK","inStore:false; curbside:false; delivery:false; shipToHome:false"
"0085543300863","Explore Cuisine® Organic Edamame & Mung Bean Rigatoni Pasta","Explore Cuisine","6.29","8 oz","","inStore:false; curbside:false; delivery:false; shipToHome:false"
"0085418300600","Explore Cuisine® Organic Black Bean Spaghetti","Explore Cuisine","6.79","8 oz","","inStore:false; curbside:false; delivery:false; shipToHome:false"
"0001600020931","Carbe Diem!™ Rotini Pasta, 12 OZ","Carbe Diem!","4.29","12 oz","TEMPORARILY_OUT_OF_STOCK","inStore:false; curbside:false; delivery:false; shipToHome:false"
"0085418300604","Explore Cuisine® Organic Edamame Spaghetti","Explore Cuisine","6.79","8 oz","","inStore:false; curbside:false; delivery:false; shipToHome:false"
"0002409407007","De Cecco No. 7 Linguine","De Cecco","3.79","16 oz","HIGH","inStore:true; curbside:true; delivery:true; shipToHome:false"
"0004126033483","Simple Truth Organic® 100% Whole Wheat Spaghetti","Simple Truth Organic","1.69","16 oz","HIGH","inStore:true; curbside:true; delivery:true; shipToHome:false"
"0004126033484","Simple Truth Organic® 100% Whole Wheat Rotini Pasta","Simple Truth Organic","1.69","16 oz","HIGH","inStore:true; curbside:true; delivery:true; shipToHome:false"
"0007680801334","Al Bronzo by Barilla Organic Radiatori Pasta, Bronze Cut Pasta, Non GMO, Kosher","Barilla","3.29","16 oz","HIGH","inStore:true; curbside:true; delivery:true; shipToHome:false"
"0007680850106","Barilla Angel Hair Pasta Quality Non-GMO and Kosher Certified Pasta","Barilla","1.99","16 oz","HIGH","inStore:true; curbside:true; delivery:true; shipToHome:false"
"0001111085068","Kroger® Angel Hair","Kroger","1.33","16 oz","HIGH","inStore:true; curbside:true; delivery:true; shipToHome:false"
"0001111087270","Kroger® 100% Whole Grain Spaghetti","Kroger","1.33","16 oz","HIGH","inStore:true; curbside:true; delivery:true; shipToHome:false"
"0085718300538","Banza® Chickpea Rigatoni Pasta","Banza","3.99","8 oz","HIGH","inStore:true; curbside:true; delivery:true; shipToHome:false"
"0001111087271","Kroger® 100% Whole Grain Thin Spaghetti","Kroger","1.33","16 oz","HIGH","inStore:true; curbside:true; delivery:true; shipToHome:false"
"0085007323610","Banza Wheat Protein Rotini Pasta – 22g Protein, No-Compromises Pasta Powered by Chickpeas, 12oz","Banza","4.99","12 oz","HIGH","inStore:true; curbside:true; delivery:true; shipToHome:false"
"0085718300534","Banza Chickpea Cavatappi Pasta - Gluten Free, High Protein, Lower Carb","Banza","3.99","8 oz","HIGH","inStore:true; curbside:true; delivery:true; shipToHome:false"
"0007680801331","Al Bronzo by Barilla Organic Mezzi Rigatoni Pasta, Bronze Cut Pasta, Non GMO, Kosher","Barilla","3.29","16 oz","HIGH","inStore:true; curbside:true; delivery:true; shipToHome:false"
"0085001960615","It’s That Simple Pasta Fettuccine — Healthy, Low Calorie, Low-Carb Konjac Pasta","It's Skinny","3.99","9.52 oz","TEMPORARILY_OUT_OF_STOCK","inStore:false; curbside:false; delivery:false; shipToHome:false"
"0081542101130","Jovial Organic Egg Tagliatelle Gluten Free Pasta","Jovial","6.99","9 oz","LOW","inStore:true; curbside:true; delivery:true; shipToHome:false"
"0007680801329","Al Bronzo by Barilla Organic Bucatini Pasta, Bronze Cut Pasta, Non GMO, Kosher","Barilla","3.29","16 oz","HIGH","inStore:true; curbside:true; delivery:true; shipToHome:false"
"0085543300841","Explore Cuisine® Organic Red Lentil Elbows Pasta","Explore Cuisine","6.29","8 oz","","inStore:false; curbside:false; delivery:false; shipToHome:false"
"0085001144399","Banza® Gluten Free Brown Rice Rotini Pasta","Banza","3.99","10 oz","TEMPORARILY_OUT_OF_STOCK","inStore:false; curbside:false; delivery:false; shipToHome:false"
"0085007323609","Banza Wheat Protein Penne Pasta – 22g Protein, No-Compromises Pasta Powered by Chickpeas, 12oz","Banza","4.99","12 oz","HIGH","inStore:true; curbside:true; delivery:true; shipToHome:false"
"0001111009011","Private Selection® Italian Trottole","Private Selection","1.99","16 oz","HIGH","inStore:true; curbside:true; delivery:true; shipToHome:false"
"0085001144394","Banza® Gluten Free Brown Rice Penne Pasta","Banza","3.99","10 oz","TEMPORARILY_OUT_OF_STOCK","inStore:false; curbside:false; delivery:false; shipToHome:false"
"0085347900675","Brami Italian Protein Fusilli Pasta","Brami","4.29","12 oz","HIGH","inStore:true; curbside:true; delivery:true; shipToHome:false"
"0085347900676","Brami Italian Protein Curly Mac Pasta","Brami","4.29","12 oz","HIGH","inStore:true; curbside:true; delivery:true; shipToHome:false"
"0085347900677","Brami Italian Protein Radiatori Pasta","Brami","4.29","12 oz","HIGH","inStore:true; curbside:true; delivery:true; shipToHome:false"
"0007680800625","Barilla Gluten Free Fettuccine Non-GMO Project Verified Pasta","Barilla","2.99","12 oz","HIGH","inStore:true; curbside:true; delivery:true; shipToHome:false"
"0085718300500","Banza® Chickpea Penne Pasta","Banza","3.99","8 oz","TEMPORARILY_OUT_OF_STOCK","inStore:true; curbside:true; delivery:true; shipToHome:false"
"0085003199081","GOODLES Spirali Coiled Again Dry Protein Pasta","Goodles","3.99","8 oz","HIGH","inStore:true; curbside:true; delivery:true; shipToHome:false"
"0085718300501","Banza® Chickpea Rotini Pasta","Banza","3.99","8 oz","LOW","inStore:true; curbside:true; delivery:true; shipToHome:false"
"0085718300502","Banza® Chickpea Elbow Pasta","Banza","3.99","8 oz","LOW","inStore:true; curbside:true; delivery:true; shipToHome:false"
"0085718300503","Banza® Chickpea Shells Pasta","Banza","3.99","8 oz","HIGH","inStore:true; curbside:true; delivery:true; shipToHome:false"
"0081542101128","Jovial® Gluten Free Brown Rice Pasta Farfalle","Jovial","5.79","12 oz","LOW","inStore:true; curbside:true; delivery:true; shipToHome:false"
"0001111013337","Simple Truth® Gluten Free Brown Rice Fusilli Pasta","Simple Truth","2.99","12 oz","HIGH","inStore:true; curbside:true; delivery:true; shipToHome:false"
"0001111008990","Private Selection® Italian Rotini","Private Selection","1.99","16 oz","HIGH","inStore:true; curbside:true; delivery:true; shipToHome:false"
"0001111009008","Private Selection® Italian Farfalle","Private Selection","1.99","16 oz","HIGH","inStore:true; curbside:true; delivery:true; shipToHome:false"
"0001111085126","Kroger® Extra Wide Egg Noodles","Kroger","1.99","16 oz","HIGH","inStore:true; curbside:true; delivery:true; shipToHome:false"
"0001111013336","Simple Truth® Gluten Free Brown Rice Penne Pasta","Simple Truth","2.99","12 oz","HIGH","inStore:true; curbside:true; delivery:true; shipToHome:false"
"0081542101123","Jovial® Organic Brown Rice Fusilli Pasta","Jovial","5.79","12 oz","HIGH","inStore:true; curbside:true; delivery:true; shipToHome:false"
"0001111085847","Simple Truth Organic™ Angel Hair Pasta","Simple Truth Organic","1.69","16 oz","HIGH","inStore:true; curbside:true; delivery:true; shipToHome:false"
"0001111085846","Simple Truth Organic® Spaghetti","Simple Truth Organic","1.69","16 oz","HIGH","inStore:true; curbside:true; delivery:true; shipToHome:false"
"0081542101122","Jovial® Organic Gluten Free Brown Rice Penne Pasta","Jovial","5.79","12 oz","HIGH","inStore:true; curbside:true; delivery:true; shipToHome:false"
"0081542101120","Jovial® Organic Brown Rice Gluten Free Spaghetti","Jovial","5.79","12 oz","HIGH","inStore:true; curbside:true; delivery:true; shipToHome:false"
"0007680851613","Barilla Elbow Pasta Quality Non-GMO and Kosher Certified Pasta","Barilla","1.99","16 oz","HIGH","inStore:true; curbside:true; delivery:true; shipToHome:false"
"0001510080014","Creamette Tricolor Rotini Pasta","Creamette","1.59","12 oz","HIGH","inStore:true; curbside:true; delivery:true; shipToHome:false"
"0001111013340","Kroger® Gluten Free Rotini Pasta","Kroger","1.99","12 oz","HIGH","inStore:true; curbside:true; delivery:true; shipToHome:false"
"0074747910013","Rao'S Homemade® Rigatoni Pasta","Rao's","3.29","16 oz","HIGH","inStore:true; curbside:true; delivery:true; shipToHome:false"
"0001111014950","Kroger® Orzo Pasta","Kroger","1.33","16 oz","HIGH","inStore:true; curbside:true; delivery:true; shipToHome:false"
"0007680828074","Barilla Ziti Pasta, Quality Non-GMO and Kosher Certified Pasta","Barilla","1.99","16 oz","LOW","inStore:true; curbside:true; delivery:true; shipToHome:false"
"0074747910014","Rao'S Homemade® Fettuccine Pasta","Rao's","3.29","16 oz","HIGH","inStore:true; curbside:true; delivery:true; shipToHome:false"
"0007680828071","Barilla Mostaccioli Pasta, Quality Non-GMO and Kosher Certified Pasta","Barilla","1.99","16 oz","TEMPORARILY_OUT_OF_STOCK","inStore:false; curbside:false; delivery:false; shipToHome:false"
"0002409407093","De Cecco Farfalle Bow Tie Pasta","De Cecco","3.79","16 oz","TEMPORARILY_OUT_OF_STOCK","inStore:true; curbside:true; delivery:true; shipToHome:false"
"0002409407091","De Cecco Orecchiette Pasta","De Cecco","3.79","1 lb","HIGH","inStore:true; curbside:true; delivery:true; shipToHome:false"
"0089505900061","Barilla Wavy Lasagne Pasta, Quality Non-GMO and Kosher Certified Pasta","Barilla","2.99","16 oz","HIGH","inStore:true; curbside:true; delivery:true; shipToHome:false"
"0001097820050","Rummo Rigatoni No. 50 Pasta","Rummo","3.99","16 oz","HIGH","inStore:true; curbside:true; delivery:true; shipToHome:false"
"0001111012065","Private Selection® Italian Cavatappi Pasta","Private Selection","3.79","32 oz","HIGH","inStore:true; curbside:true; delivery:true; shipToHome:false"
"0007680801178","Barilla Ready Pasta Rotini Fully Cooked Non-GMO Microwave Pasta","Barilla","2.29","7 oz","HIGH","inStore:true; curbside:true; delivery:true; shipToHome:false"
"0007680852320","Barilla Elbow Pasta Quality Non-GMO and Kosher Certified Pasta","Barilla","3.39","32 oz","HIGH","inStore:true; curbside:true; delivery:true; shipToHome:false"
"0001510000256","Creamette™ Enriched Rotini Pasta","Creamette","1.59","16 oz","HIGH","inStore:true; curbside:true; delivery:true; shipToHome:false"
"0074747910005","Rao'S Homemade® Fusilli Pasta","Rao's","3.29","16 oz","HIGH","inStore:true; curbside:true; delivery:true; shipToHome:false"
"0074747910006","Rao'S Homemade® Penne Rigate Pasta","Rao's","3.29","16 oz","HIGH","inStore:true; curbside:true; delivery:true; shipToHome:false"
"0002409407087","De Cecco Cavatappi 1 LB. Pasta","De Cecco","3.79","1 lbs","LOW","inStore:true; curbside:true; delivery:true; shipToHome:false"
"0002409407041","De Cecco Penne Rigate Pasta","De Cecco","3.79","1 lb","HIGH","inStore:true; curbside:true; delivery:true; shipToHome:false"
"0007680851558","Barilla Oven-Ready Lasagne Kosher Certified Pasta Made with Durum Wheat Semolina","Barilla","2.99","9 oz","HIGH","inStore:true; curbside:true; delivery:true; shipToHome:false"
"0007680851798","Barilla Medium Pasta Shells, Quality Non-GMO and Kosher Certified Pasta","Barilla","1.99","16 oz","HIGH","inStore:true; curbside:true; delivery:true; shipToHome:false"
"0002409407081","De Cecco Enriched Macaroni Elbow Pasta","De Cecco","3.79","1 lb","HIGH","inStore:true; curbside:true; delivery:true; shipToHome:false"
"0007680851708","Barilla Jumbo Pasta Shells, Quality Non-GMO and Kosher Certified Pasta Shells","Barilla","2.99","12 oz","TEMPORARILY_OUT_OF_STOCK","inStore:true; curbside:true; delivery:true; shipToHome:false"
"0007680851709","Barilla Manicotti Pasta, Quality Non-GMO and Kosher Certified Pasta","Barilla","2.99","8 oz","HIGH","inStore:true; curbside:true; delivery:true; shipToHome:false"
"0002924300008","La Moderna® Alphabet Pasta","La Moderna","0.5","7 oz","HIGH","inStore:true; curbside:true; delivery:true; shipToHome:false"
"0007236851097","DeLallo® Italian Potato Gnocchi Pasta","DeLallo","3.39","16 oz","HIGH","inStore:true; curbside:true; delivery:true; shipToHome:false"
"0001097820048","Rummo Lento Lavorazione® Fusilli No. 48 Pasta","Rummo","3.99","1 lb","HIGH","inStore:true; curbside:true; delivery:true; shipToHome:false"
"0007680801177","Barilla Ready Pasta Penne Fully Cooked Non-GMO Microwave Pasta","Barilla","2.29","7 oz","HIGH","inStore:true; curbside:true; delivery:true; shipToHome:false"
"0002924300002","La Moderna® Fideo Macaroni Pasta","La Moderna","0.5","7 oz","HIGH","inStore:true; curbside:true; delivery:true; shipToHome:false"
"0007680828017","Barilla Linguine Pasta, Quality Non-GMO and Kosher Certified Pasta","Barilla","1.99","16 oz","HIGH","inStore:true; curbside:true; delivery:true; shipToHome:false"
"0001510000165","Creamette® Fettuccine Pasta","Creamette","1.59","16 oz","HIGH","inStore:true; curbside:true; delivery:true; shipToHome:false"
"0007680801201","Barilla Protein+ (Plus) Cellentani Pasta Non-GMO and Kosher Certified Plant Based Protein Pasta","Barilla","2.99","14.5 oz","HIGH","inStore:true; curbside:true; delivery:true; shipToHome:false"
"0007236851018","DeLallo® Orzo No. 65 Pasta","DeLallo","3.99","16 oz","HIGH","inStore:true; curbside:true; delivery:true; shipToHome:false"
"0001510000167","Creamette Angel Hair Pasta","Creamette","1.59","16 oz","HIGH","inStore:true; curbside:true; delivery:true; shipToHome:false"
"0007680853560","Barilla Mini Penne Pasta, Quality Non-GMO and Kosher Certified Pasta","Barilla","1.99","16 oz","HIGH","inStore:true; curbside:true; delivery:true; shipToHome:false"
"0002409407074","De Cecco Orzo Pasta","De Cecco","3.79","16 oz","HIGH","inStore:true; curbside:true; delivery:true; shipToHome:false"
"0007680853360","Barilla Protein+ (Plus) Penne Pasta Non-GMO and Kosher Certified Plant Based Protein Pasta","Barilla","2.99","14.5 oz","HIGH","inStore:true; curbside:true; delivery:true; shipToHome:false"
"0007680800389","Barilla Gluten Free Penne Non-GMO Project Verified & Vegan Pasta","Barilla","2.99","12 oz","HIGH","inStore:true; curbside:true; delivery:true; shipToHome:false"
"0001510000073","Creamette Medium Shells Pasta","Creamette","1.59","16 oz","HIGH","inStore:true; curbside:true; delivery:true; shipToHome:false"
"0001510000071","Creamette Small Shells Pasta","Creamette","1.59","16 oz","HIGH","inStore:true; curbside:true; delivery:true; shipToHome:false"
"0007173000720","No Yolks® Dumpling Pasta","No Yolks","3.19","12 oz","HIGH","inStore:true; curbside:true; delivery:true; shipToHome:false"
"0001111013339","Kroger® Gluten Free Penne Rigate Pasta","Kroger","1.99","12 oz","LOW","inStore:true; curbside:true; delivery:true; shipToHome:false"
"0001111014947","Kroger® Protein Penne Pasta","Kroger","1.99","14.5 oz","HIGH","inStore:true; curbside:true; delivery:true; shipToHome:false"
"0007680853355","Barilla Protein+ (Plus) Angel Hair Pasta Non-GMO and Kosher Certified Plant Based Protein Pasta","Barilla","2.99","14.5 oz","LOW","inStore:true; curbside:true; delivery:true; shipToHome:false"
"0001111009001","Private Selection® Italian Angel Hair Pasta","Private Selection","1.99","16 oz","HIGH","inStore:true; curbside:true; delivery:true; shipToHome:false"
"0007680800391","Barilla Gluten Free Elbows Non-GMO Project Certified Pasta","Barilla","2.99","12 oz","LOW","inStore:true; curbside:true; delivery:true; shipToHome:false"
"0007680800390","Barilla Gluten Free Rotini Non-GMO Project Certified Pasta","Barilla","2.99","12 oz","HIGH","inStore:true; curbside:true; delivery:true; shipToHome:false"
"0001510000236","Creamette Penne Rigate Pasta","Creamette","1.59","16 oz","HIGH","inStore:true; curbside:true; delivery:true; shipToHome:false"
"0001111012846","Kroger® Angel Hair Pasta BIG DEAL!","Kroger","1.99","32 oz","HIGH","inStore:true; curbside:true; delivery:true; shipToHome:false"
"0001111014549","Simple Truth® Gluten Free Organic Red Lentil Penne Pasta","Simple Truth","2.99","8 oz","LOW","inStore:true; curbside:true; delivery:true; shipToHome:false"
"0001097820066","Rummo Penne Rigate No. 66 Pasta","Rummo","3.99","16 oz","HIGH","inStore:true; curbside:true; delivery:true; shipToHome:false"
"0004112963110","Classico Spicy Tomato & Basil Spaghetti Pasta Sauce","Classico","3.29","24 oz","HIGH","inStore:true; curbside:true; delivery:true; shipToHome:false"
"0001111014550","Simple Truth® Gluten Free Organic Red Lentil Spaghetti","Simple Truth","2.99","8 oz","LOW","inStore:true; curbside:true; delivery:true; shipToHome:false"
"0001111014551","Simple Truth® Gluten Free Organic Chickpea Penne Pasta","Simple Truth","2.99","8 oz","HIGH","inStore:true; curbside:true; delivery:true; shipToHome:false"
"0002409407011","De Cecco Thin Spaghetti","De Cecco","3.79","1 lb","HIGH","inStore:true; curbside:true; delivery:true; shipToHome:false"
"0001111014552","Simple Truth® Gluten Free Organic Chickpea Spaghetti","Simple Truth","2.99","8 oz","HIGH","inStore:true; curbside:true; delivery:true; shipToHome:false"
"0007236851075","DeLallo Shellbows Pasta Non-GMO Kosher","DeLallo","3.99","16 oz","HIGH","inStore:true; curbside:true; delivery:true; shipToHome:false"
"0001356213371","Annie's Marvel Spidey and His Amazing Friends Pasta and Cheddar Mac and Cheese","Annie's","7.49","4 ct / 1.87 oz","LOW","inStore:true; curbside:true; delivery:true; shipToHome:false"
"0004112907762","Classico Four Cheese Spaghetti Pasta Sauce","Classico","3.29","24 oz","HIGH","inStore:true; curbside:true; delivery:true; shipToHome:false"
"0004112907764","Classico Roasted Garlic Alfredo Spaghetti Pasta Sauce","Classico","3.29","15 oz","HIGH","inStore:true; curbside:true; delivery:true; shipToHome:false"
"0004112907763","Classico Creamy Alfredo Spaghetti Pasta Sauce","Classico","3.29","15 oz","HIGH","inStore:true; curbside:true; delivery:true; shipToHome:false"
"0001111086368","KROGER 32 oz Spaghetti","Kroger","1.99","32 oz","HIGH","inStore:true; curbside:true; delivery:true; shipToHome:false"
"0004112907782","Classico Roasted Garlic Spaghetti Pasta Sauce","Classico","3.29","24 oz","HIGH","inStore:true; curbside:true; delivery:true; shipToHome:false"
"0001111012064","Private Selection® Italian Spaghetti","Private Selection","3.79","32 oz","HIGH","inStore:true; curbside:true; delivery:true; shipToHome:false"
"0004112942460","Classico Family Favorites Traditional Smooth & Rich Spaghetti Pasta Sauce","Classico","3.29","24 oz","HIGH","inStore:true; curbside:true; delivery:true; shipToHome:false"
"0001111012063","Private Selection® Italian Thin Spaghetti","Private Selection","1.99","16 oz","HIGH","inStore:true; curbside:true; delivery:true; shipToHome:false"
"0001097820013","Rummo Lenta Lavorazione® Linguine No. 13 Pasta","Rummo","3.99","16 oz","HIGH","inStore:true; curbside:true; delivery:true; shipToHome:false"
"0001111012062","Private Selection® Italian Thick Spaghetti","Private Selection","1.99","16 oz","HIGH","inStore:true; curbside:true; delivery:true; shipToHome:false"
"0001111012661","Simple Truth Organic® Zoo Animal Shaped Pasta","Simple Truth Organic","3.29","8.8 oz","TEMPORARILY_OUT_OF_STOCK","inStore:true; curbside:true; delivery:true; shipToHome:false"
"0079921062000","Bionaturae™ Sourdough Spaghetti","Bionaturae","4.99","12 oz","LOW","inStore:true; curbside:true; delivery:true; shipToHome:false"
"0086001446521","Irresistible™ Pro-Gut Pasta - Penne","Irresistible","3.79","14.5 oz","HIGH","inStore:true; curbside:true; delivery:true; shipToHome:false"
"0086001446520","Irresistible™ Pro-Gut Pasta - Cavatappi","Irresistible","3.79","14.5 oz","HIGH","inStore:true; curbside:true; delivery:true; shipToHome:false"
"0002409400242","De Cecco Gluten-Free Pasta Linguine","De Cecco","5.49","12 oz","TEMPORARILY_OUT_OF_STOCK","inStore:true; curbside:true; delivery:true; shipToHome:false"
"0004112907790","Classico Traditional Sweet Basil Spaghetti Pasta Sauce","Classico","3.29","24 oz","HIGH","inStore:true; curbside:true; delivery:true; shipToHome:false"
"0002409400244","De Cecco Gluten-Free Pasta Fusilli","De Cecco","5.49","12 oz","HIGH","inStore:true; curbside:true; delivery:true; shipToHome:false"
"0001097828003","Rummo Maxima® 21 Protein Spaghetti","Rummo","4.99","14.1 oz","HIGH","inStore:true; curbside:true; delivery:true; shipToHome:false"
"0001097820001","Rummo Angel Hair Pasta","Rummo","3.99","1 lb","HIGH","inStore:true; curbside:true; delivery:true; shipToHome:false"
"0065884265204","Bechtle Traditional German Egg Noodle Pasta","Bechtle","6.49","17.6 oz","TEMPORARILY_OUT_OF_STOCK","inStore:false; curbside:false; delivery:false; shipToHome:false"
"0007680800793","Barilla Gluten Free Oven-Ready Lasagne Pasta","Barilla","2.99","10 oz","HIGH","inStore:true; curbside:true; delivery:true; shipToHome:false"
"0001097820003","Rummo Lenta Lavorazione Spaghetti","Rummo","3.99","1 lb","HIGH","inStore:true; curbside:true; delivery:true; shipToHome:false"
"0001510000043","Creamette® Spaghetti","Creamette","1.59","16 oz","HIGH","inStore:true; curbside:true; delivery:true; shipToHome:false"
"0001510000163","Creamette® Thin Spaghetti","Creamette","1.59","16 oz","HIGH","inStore:true; curbside:true; delivery:true; shipToHome:false"
"0004112907705","Classico Vodka Sauce Spaghetti Pasta Sauce","Classico","3.29","24 oz","HIGH","inStore:true; curbside:true; delivery:true; shipToHome:false"
"0001111003594","Kroger® 60 Second Fully Cooked Fusilli Pasta","Kroger","2.29","7.05 oz","HIGH","inStore:true; curbside:true; delivery:true; shipToHome:false"
"0001111003595","Kroger® 60 Second Fully Cooked Penne Pasta Pouch","Kroger","2.29","7.05 oz","HIGH","inStore:true; curbside:true; delivery:true; shipToHome:false"
"0001111015587","Simple Truth® Protein White Cheddar Shell Pasta and Cheese","Simple Truth","2.99","6 oz","HIGH","inStore:true; curbside:true; delivery:true; shipToHome:false"
"0004112907700","Classico Fire Roasted Tomato & Garlic Spaghetti Pasta Sauce","Classico","3.29","24 oz","HIGH","inStore:true; curbside:true; delivery:true; shipToHome:false"
"0004112907702","Classico Italian Sausage Spaghetti Pasta Sauce with Peppers & Onions","Classico","3.29","24 oz","HIGH","inStore:true; curbside:true; delivery:true; shipToHome:false"
"0007236851082","DeLallo® Pappardelle Egg Pasta","DeLallo","3.39","8.8 oz","HIGH","inStore:true; curbside:true; delivery:true; shipToHome:false"
"0001111006819","Kroger® Protein Grain and Legume Angel Hair Pasta","Kroger","1.99","14.5 oz","HIGH","inStore:true; curbside:true; delivery:true; shipToHome:false"
"0007680800585","Barilla Whole Grain Penne Non-GMO and Kosher Pasta Made With Whole Wheat","Barilla","1.99","16 oz","TEMPORARILY_OUT_OF_STOCK","inStore:true; curbside:true; delivery:true; shipToHome:false"
"0001111013338","Kroger® Gluten Free Spaghetti","Kroger","1.99","12 oz","HIGH","inStore:true; curbside:true; delivery:true; shipToHome:false"
"0001510000031","Creamette® Lasagna Pasta Noodles","Creamette","2.99","16 oz","TEMPORARILY_OUT_OF_STOCK","inStore:true; curbside:true; delivery:true; shipToHome:false"
"0001111014949","Kroger® Protein Grain & Legume Spaghetti","Kroger","1.99","14.5 oz","HIGH","inStore:true; curbside:true; delivery:true; shipToHome:false"
"0001600022321","Carbe Diem™! Elbows Pasta","Carbe Diem!","4.29","12 oz","HIGH","inStore:true; curbside:true; delivery:true; shipToHome:false"
"0004112927463","Classico Four Cheese Alfredo Spaghetti Pasta Sauce","Classico","3.29","15 oz","HIGH","inStore:true; curbside:true; delivery:true; shipToHome:false"
"0001111012848","Kroger® Thin Spaghetti BIG DEAL!","Kroger","1.99","32 oz","HIGH","inStore:true; curbside:true; delivery:true; shipToHome:false"
"0001111012847","Kroger® Spaghetti","Kroger","1.99","32 oz","HIGH","inStore:true; curbside:true; delivery:true; shipToHome:false"
"0001111014548","Simple Truth® Protein Gluten Free Organic Chickpea Fusilli Pasta","Simple Truth","2.99","8 oz","HIGH","inStore:true; curbside:true; delivery:true; shipToHome:false"
"0004112907712","Classico Tomato & Basil Spaghetti Pasta Sauce","Classico","3.29","24 oz","HIGH","inStore:true; curbside:true; delivery:true; shipToHome:false"
"0004601517161","Veggiecraft Cauliflower Rotini","Veggiecraft Farms","3.99","8 oz","TEMPORARILY_OUT_OF_STOCK","inStore:false; curbside:false; delivery:false; shipToHome:false"
"0007270010403","Manischewitz® Fine Egg Noodles","Manischewitz","4.49","12 oz","","inStore:false; curbside:false; delivery:false; shipToHome:false"
"0007286923096","Wei-Chuan Organic Japanese Udon","Wei-Chuan","3.49","16 oz","HIGH","inStore:true; curbside:true; delivery:true; shipToHome:false"
"0001111090664","Kroger® Large Elbow Macaroni","Kroger","1.33","16 oz","HIGH","inStore:true; curbside:true; delivery:true; shipToHome:false"
"0007270010405","Manischewitz Wide Egg Noodles","Manischewitz","4.49","12 oz","","inStore:true; curbside:true; delivery:true; shipToHome:false"
"0004601516798","Veggiecraft Zucchini Penne","Veggiecraft Farms","3.99","8 oz","TEMPORARILY_OUT_OF_STOCK","inStore:false; curbside:false; delivery:false; shipToHome:false"
"0007286923095","Wei Chuan Organic Chinese Lo Mein","Wei-Chuan","3.49","16 oz","HIGH","inStore:true; curbside:true; delivery:true; shipToHome:false"
"0001111081992","Simple Truth Organic® Wide Egg Noodles","Simple Truth Organic","3.29","16 oz","LOW","inStore:true; curbside:true; delivery:true; shipToHome:false"
"0007065080082","A Taste of Thai® Rice Noodles","A Taste of Thai","4.79","16 oz","HIGH","inStore:true; curbside:true; delivery:true; shipToHome:false"
"0001111003253","Simple Truth Organic® Traditional Potato Gnocchi","Simple Truth Organic","3.99","16 oz","HIGH","inStore:true; curbside:true; delivery:true; shipToHome:false"
"0007065080084","A Taste of Thai® Vermicelli Rice Noodles","A Taste of Thai","4.29","8.8 oz","TEMPORARILY_OUT_OF_STOCK","inStore:true; curbside:true; delivery:true; shipToHome:false"
"0001111011646","Simple Truth Organic® Keto Fettuccine Style Shirataki Noodles","Simple Truth Organic","4.49","7 oz","LOW","inStore:true; curbside:true; delivery:true; shipToHome:false"
"0070895360203","Lotus Foods Millet & Brown Rice Ramen","Lotus Foods","7.49","10 oz","","inStore:true; curbside:true; delivery:true; shipToHome:false"
"0002484218311","Buitoni® 5 Cheese Tortellini","Buitoni","9.49","20 oz","HIGH","inStore:true; curbside:true; delivery:true; shipToHome:false"
"0001111012061","Private Selection® Italian Elbows","Private Selection","1.99","16 oz","HIGH","inStore:true; curbside:true; delivery:true; shipToHome:false"
"0001111012060","Private Selection® Italian Medium Macaroni Shells","Private Selection","1.99","16 oz","HIGH","inStore:true; curbside:true; delivery:true; shipToHome:false"
"0002409407009","De Cecco No 9 Angel Hair","De Cecco","3.79","1 lb","HIGH","inStore:true; curbside:true; delivery:true; shipToHome:false"
"0001111085027","Kroger® Lasagna","Kroger","2.19","16 oz","HIGH","inStore:true; curbside:true; delivery:true; shipToHome:false"
"0001111081344","KROGER 12 OZ OVEN READY LASAGNA","Kroger","2.19","12 oz","HIGH","inStore:true; curbside:true; delivery:true; shipToHome:false"
"0002484215805","Buitoni® Family Size Chicken Tortelloni","Buitoni","9.49","20 oz","LOW","inStore:true; curbside:true; delivery:true; shipToHome:false"
"0087744800368","Rana™ Spinach & Ricotta Ravioli","Rana","5.99","10 oz","LOW","inStore:true; curbside:true; delivery:true; shipToHome:false"
"0087744800364","Rana™ Mushroom Ravioli","Rana","5.99","10 oz","LOW","inStore:true; curbside:true; delivery:true; shipToHome:false"
"0085569400438","Palmini® Hearts of Palm Linguine","Palmini","4.99","6 oz","TEMPORARILY_OUT_OF_STOCK","inStore:false; curbside:false; delivery:false; shipToHome:false"
"0065272971067","Hamburger Helper Cheesy Italian Shells","Hamburger Helper","1.99","6.1 oz","HIGH","inStore:true; curbside:true; delivery:true; shipToHome:false"
"0002484211231","Buitoni® 5 Cheese Tortellini","Buitoni","6.49","10 oz","HIGH","inStore:true; curbside:true; delivery:true; shipToHome:false"
"0081167003004","Ocean's Halo Organic Ramen Noodles","Ocean's Halo","4.49","8.4 oz","TEMPORARILY_OUT_OF_STOCK","inStore:false; curbside:false; delivery:false; shipToHome:false"
"0081167003005","Ocean's Halo Organic Rice Noodles","Ocean's Halo","4.49","6.3 oz","TEMPORARILY_OUT_OF_STOCK","inStore:false; curbside:false; delivery:false; shipToHome:false"
"0007084470557","Ka-Me® Udon Stir-Fry Noodles","Ka-Me","4.79","14.2 oz","LOW","inStore:true; curbside:true; delivery:true; shipToHome:false"
"0085418300629","Explore® Cuisine Organic Red Lentil Penne","Explore Cuisine","6.79","8 oz","","inStore:false; curbside:false; delivery:false; shipToHome:false"
"0007173000715","No Yolks® Extra Broad Egg Noodles","No Yolks","3.19","12 oz","HIGH","inStore:true; curbside:true; delivery:true; shipToHome:false"
"0001510000003","Creamette Large Elbow Macaroni","Creamette","1.59","16 oz","HIGH","inStore:true; curbside:true; delivery:true; shipToHome:false"
"0085003199016","Goodles® Loopdy-Loos Nutrient Packed Cavatappi","Goodles","3.99","8 oz","HIGH","inStore:true; curbside:true; delivery:true; shipToHome:false"
"0001510000007","Creamette® Elbow Macaroni","Creamette","1.59","16 oz","HIGH","inStore:true; curbside:true; delivery:true; shipToHome:false"
"0001111085052","Kroger 32 Oz Elbow Macaroni","Kroger","1.99","32 oz","HIGH","inStore:true; curbside:true; delivery:true; shipToHome:false"
"0085003199018","Goodles® Lucky Penne","Goodles","3.99","8 oz","HIGH","inStore:true; curbside:true; delivery:true; shipToHome:false"
"0002924300011","La Moderna® Shells","La Moderna","0.5","7 oz","HIGH","inStore:true; curbside:true; delivery:true; shipToHome:false"
"0001341202172","Butterfly Brand Pad Thai Noodle","Butterfly Brand","3.79","14 oz","HIGH","inStore:true; curbside:true; delivery:true; shipToHome:false"
"0001111084948","Private Selection® Italian Gnocchi with Potato","Private Selection","2.99","16 oz","HIGH","inStore:true; curbside:true; delivery:true; shipToHome:false"
"0002484218411","Buitoni® Mixed Cheese Tortellini","Buitoni","9.49","20 oz","LOW","inStore:true; curbside:true; delivery:true; shipToHome:false"
"0001111009005","Private Selection® Italian Fettucine","Private Selection","1.99","16 oz","HIGH","inStore:true; curbside:true; delivery:true; shipToHome:false"
"0001111008992","Private Selection® Italian Bucatini","Private Selection","1.99","16 oz","HIGH","inStore:true; curbside:true; delivery:true; shipToHome:false"
"0001111085128","Kroger® Medium Egg Noodles","Kroger","1.99","16 oz","HIGH","inStore:true; curbside:true; delivery:true; shipToHome:false"
"0001111085127","Kroger® Wide Egg Noodles","Kroger","1.99","16 oz","HIGH","inStore:true; curbside:true; delivery:true; shipToHome:false"
"0001111008991","Private Selection® Italian Linguine","Private Selection","1.99","16 oz","HIGH","inStore:true; curbside:true; delivery:true; shipToHome:false"
"0001111014948","Kroger® Protein Grain & Legume Rotini","Kroger","1.99","14.5 oz","HIGH","inStore:true; curbside:true; delivery:true; shipToHome:false"
"0001111008996","Private Selection® Italian Rigatoni","Private Selection","1.99","16 oz","HIGH","inStore:true; curbside:true; delivery:true; shipToHome:false"
"0001111012807","Kroger® Fettuccine","Kroger","1.33","16 oz","TEMPORARILY_OUT_OF_STOCK","inStore:true; curbside:true; delivery:true; shipToHome:false"
"0001111087268","Kroger® 100% Whole Grain Penne Rigate","Kroger","1.33","16 oz","HIGH","inStore:true; curbside:true; delivery:true; shipToHome:false"
"0001111087269","Kroger® 100% Whole Grain Rotini","Kroger","1.33","16 oz","HIGH","inStore:true; curbside:true; delivery:true; shipToHome:false"
"0001111012728","Private Selection® Italian Gnocchi With Parmesan Reggiano","Private Selection","2.99","16 oz","HIGH","inStore:true; curbside:true; delivery:true; shipToHome:false"
"0002409407015","De Cecco Slow Dried No. 15 Bucatini 1 lb","De Cecco","3.79","1 lb","HIGH","inStore:true; curbside:true; delivery:true; shipToHome:false"
"0003340061283","Light 'n Fluffy® Wide Egg Noodles","Light 'n Fluffy","3.59","12 oz","HIGH","inStore:true; curbside:true; delivery:true; shipToHome:false"
"0003340061280","Light 'n Fluffy® Extra Wide Enriched Egg Noodles","Light 'n Fluffy","3.59","12 oz","HIGH","inStore:true; curbside:true; delivery:true; shipToHome:false"
"0471563585031","A-Sha® Mandarin Medium Noodle Original Sauce","A-Sha","9.29","16.75 oz","","inStore:false; curbside:false; delivery:false; shipToHome:false"
"0002484219611","Buitoni® Mozzarella Cheese Ravioli","Buitoni","9.49","20 oz","LOW","inStore:false; curbside:false; delivery:false; shipToHome:false"
"0001395155520","Essenhaus Kluski Amish Egg Noodles","Essenhaus","4.99","16 oz","TEMPORARILY_OUT_OF_STOCK","inStore:false; curbside:false; delivery:false; shipToHome:false"
"0064843610514","Paldo Gomtang Korean Noodles With Soup Base","Paldo","9.99","5 ct / 18 oz","TEMPORARILY_OUT_OF_STOCK","inStore:true; curbside:true; delivery:true; shipToHome:false"
"0007020099605","Inn Maid® Wide Egg Noodles","Inn Maid","2.79","8 oz","HIGH","inStore:true; curbside:true; delivery:true; shipToHome:false"
"0002409407054","De Cecco Rotelle Wheels","De Cecco","3.79","16 oz","HIGH","inStore:true; curbside:true; delivery:true; shipToHome:false"
"0007020099603","Inn Maid® Medium Egg Noodles","Inn Maid","2.79","8 oz","HIGH","inStore:true; curbside:true; delivery:true; shipToHome:false"
"0007020099609","Inn Maid® Kluski Egg Noodles","Inn Maid","2.79","8 oz","HIGH","inStore:true; curbside:true; delivery:true; shipToHome:false"
"0001111015569","Kroger® Linguine Rice Noodles","Kroger","3.99","16 oz","HIGH","inStore:true; curbside:true; delivery:true; shipToHome:false"
"0007020099607","Inn Maid® Extra Wide Egg Noodles","Inn Maid","2.79","8 oz","HIGH","inStore:true; curbside:true; delivery:true; shipToHome:false"
"0001111015570","Kroger® Vermicelli Noodles","Kroger","2.49","8 oz","LOW","inStore:true; curbside:true; delivery:true; shipToHome:false"
"0001115203188","Dynasty Maifun Rice Sticks","Dynasty","2.69","6.75 oz","HIGH","inStore:true; curbside:true; delivery:true; shipToHome:false"
"0004178900745","Maruchan® Fire Yakisoba Noodles, Spicy Beef","Maruchan","1.49","3.99 oz","TEMPORARILY_OUT_OF_STOCK","inStore:false; curbside:false; delivery:false; shipToHome:false"
"0064843610128","Paldo Volcano Chicken Noodle","Paldo","11.49","4 pk / 4.92 oz","LOW","inStore:true; curbside:true; delivery:true; shipToHome:false"
"0001097889048","Rummo Gluten Free Fusilli","Rummo","4.49","12 oz","HIGH","inStore:true; curbside:true; delivery:true; shipToHome:false"
"0001097889049","Rummo Gluten Free Rigatoni No.50","Rummo","4.49","12 oz","HIGH","inStore:true; curbside:true; delivery:true; shipToHome:false"
"0001111085067","Kroger® Vermicelli","Kroger","1.33","16 oz","HIGH","inStore:true; curbside:true; delivery:true; shipToHome:false"
"0002924300001","La Moderna® Vermicelli","La Moderna","0.5","7 oz","HIGH","inStore:true; curbside:true; delivery:true; shipToHome:false"
"0079921062002","Bionaturae™ Organic Sourdough Fusilli","Bionaturae","4.99","12 oz","HIGH","inStore:true; curbside:true; delivery:true; shipToHome:false"
"0005100002549","Prego Traditional Pasta Sauce, 24 oz Jar","Prego","2.79","24 oz","HIGH","inStore:true; curbside:true; delivery:true; shipToHome:false"
"0079921062001","Bionaturae™ Organic Sourdough Penne Rigate","Bionaturae","4.99","12 oz","HIGH","inStore:true; curbside:true; delivery:true; shipToHome:false"
"0007236855171","DeLallo® Gluten Free Potato & Rice Flour Gnocchi","DeLallo","7.49","12 oz","HIGH","inStore:true; curbside:true; delivery:true; shipToHome:false"
"0002409407078","De Cecco Enriched Macaroni Acini Di Pepe","De Cecco","3.79","16 oz","LOW","inStore:true; curbside:true; delivery:true; shipToHome:false"
"0001111015586","Simple Truth® Protein Cheddar Macaroni and Cheese","Simple Truth","2.99","6 oz","HIGH","inStore:true; curbside:true; delivery:true; shipToHome:false"
"0001097828048","Rummo Maxima® 21 Protein Fusilli","Rummo","4.99","14.1 oz","HIGH","inStore:true; curbside:true; delivery:true; shipToHome:false"
"0002924300007","La Moderna® Stars","La Moderna","0.5","7 oz","HIGH","inStore:true; curbside:true; delivery:true; shipToHome:false"
"0081542101803","Jovial® Organic Gluten Free Dairy Free Vegan Mac","Jovial","4.99","6 oz","HIGH","inStore:true; curbside:true; delivery:true; shipToHome:false"
"0001097828049","Rummo Maxima® 21 Protein Rigatoni","Rummo","4.99","14.1 oz","HIGH","inStore:true; curbside:true; delivery:true; shipToHome:false"
"0073762802525","Thai Kitchen Gluten Free Stir Fry Rice Noodles","Thai Kitchen","5.99","14 oz","HIGH","inStore:true; curbside:true; delivery:true; shipToHome:false"
"0007173000718","No Yolks Fine Egg Noodles","No Yolks","3.19","12 oz","HIGH","inStore:true; curbside:true; delivery:true; shipToHome:false"
"0007084470555","Ka-Me® Hokkien Stir-Fry Noodles","Ka-Me","4.79","2 ct / 7.1 oz","HIGH","inStore:true; curbside:true; delivery:true; shipToHome:false"
"0002409421101","De Cecco Pappardelle Egg Noodles","De Cecco","3.99","8.8 oz","HIGH","inStore:true; curbside:true; delivery:true; shipToHome:false"
"0005100012910","Prego® Italian Tomato Pasta Sauce with Roasted Garlic & Herbs, 24 oz Jar","Prego","2.79","24 oz","HIGH","inStore:true; curbside:true; delivery:true; shipToHome:false"
"0007618600511","Sapporo Ramen Ichi Tonkotsu Noodles 5 Pack","Sapporo","5.99","18.5 oz","HIGH","inStore:true; curbside:true; delivery:true; shipToHome:false"
"0002924300010","La Moderna® Medium Elbows","La Moderna","0.5","7 oz","HIGH","inStore:true; curbside:true; delivery:true; shipToHome:false"
"0001111089560","Kroger® Whole Wheat Wide Egg Noodles","Kroger","2.69","12 oz","LOW","inStore:true; curbside:true; delivery:true; shipToHome:false"
"0471563585046","A-Sha Dry Noodle Hakka Flat Noodle Chili Sauce","A-Sha","8.99","16.7 oz","","inStore:true; curbside:true; delivery:true; shipToHome:false"
"0003114615691","Nongshim® Udon Original Noodle Soup","Nongshim","4.99","9.73 oz","LOW","inStore:true; curbside:true; delivery:true; shipToHome:false"
"0003620000250","Ragu® Old World Style® Traditional Pasta Sauce","Ragu","2.49","24 oz","HIGH","inStore:true; curbside:true; delivery:true; shipToHome:false"
"0001111010663","Private Selection® Italian Jumbo Shells","Private Selection","4.29","16 oz","HIGH","inStore:true; curbside:true; delivery:true; shipToHome:false"
"0071146401975","Blue Dragon® Medium Cantonese Egg Noodles","Blue Dragon","4.29","10.5 oz","HIGH","inStore:true; curbside:true; delivery:true; shipToHome:false"
"0003114606356","Nongshim® Shin Green Tofu & Mushroom Premium Noodle Soup","Nongshim","10.49","18.34 oz","LOW","inStore:true; curbside:true; delivery:true; shipToHome:false"
"0007065080075","Taste of Thai® Peanut Noodle Quick Meal","A Taste of Thai","4.99","5.25 oz","LOW","inStore:true; curbside:true; delivery:true; shipToHome:false"
"0009281924040","Mrs. Miller's Wide Egg Noodles","Mrs. Miller's","3.49","13.5 oz","LOW","inStore:true; curbside:true; delivery:true; shipToHome:false"
"0087744800863","Rana™ Family Size Italian Sausage Ravioli","Rana","7.99","20 oz","LOW","inStore:true; curbside:true; delivery:true; shipToHome:false"
"0009281924041","Mrs. Miller's Medium Egg Noodles","Mrs. Miller's","3.49","13.5 oz","LOW","inStore:true; curbside:true; delivery:true; shipToHome:false"
"0009281924044","Mrs. Miller's Kluski Egg Noodles","Mrs. Miller's","3.49","13.5 oz","LOW","inStore:true; curbside:true; delivery:true; shipToHome:false"
"0005100003813","Campbell's Chunky Soup Chicken Corn Chowder Soup 18.8 Oz Can","Campbell's","2.99","18.8 oz","HIGH","inStore:true; curbside:true; delivery:true; shipToHome:false"
"0005100000587","Campbell's Chunky Hearty Bean Soup With Ham 19 Oz Can","Campbell's","2.99","19 oz","HIGH","inStore:true; curbside:true; delivery:true; shipToHome:false"
"0004119674074","Progresso™ Reduced Sodium Savory Chicken & Wild Rice Soup","Progresso","2.99","18.5 oz","HIGH","inStore:true; curbside:true; delivery:true; shipToHome:false"
"0007795869014","Panera Bread Ready-to-Heat Gluten Free Baked Potato Soup Cup","Panera Bread","6.99","16 oz","HIGH","inStore:true; curbside:true; delivery:true; shipToHome:false"
"0005100015007","Campbell's Chunky Soup Chicken and Sausage Gumbo 18.8 oz Can","Campbell's","2.99","18.8 oz","HIGH","inStore:true; curbside:true; delivery:true; shipToHome:false"
"0005100016775","Campbell's Chunky Healthy Request Chicken Noodle Soup 18.6 oz Can","Campbell's","2.99","18.6 oz","HIGH","inStore:true; curbside:true; delivery:true; shipToHome:false"
"0005100016779","Campbell's Chunky Healthy Request Chicken and Sausage Gumbo 18.8 oz Can","Campbell's","2.99","18.8 oz","HIGH","inStore:true; curbside:true; delivery:true; shipToHome:false"
"0001111066510","Private Selection® Kettle Cooked Farmhouse Loaded Potato Soup","Private Selection","4.99","15 oz","LOW","inStore:true; curbside:true; delivery:true; shipToHome:false"
"0005100023345","Campbell's Chunky Soup Hearty Beef and Barley Soup 18.8 Oz Can","Campbell's","2.99","18.8 oz","HIGH","inStore:true; curbside:true; delivery:true; shipToHome:false"
"0005100012938","Campbell's® Condensed Chicken Noodle Soup","Campbell's","5.29","4 ct / 10.75 oz","HIGH","inStore:true; curbside:true; delivery:true; shipToHome:false"
"0004119691415","Progresso™ Rich & Hearty New England Clam Chowder Canned Soup","Progresso","2.99","18.5 oz","HIGH","inStore:true; curbside:true; delivery:true; shipToHome:false"
"0005100001231","Campbell's® Condensed Vegetable Beef Soup, 10.5 oz Can","Campbell's","1.99","10.5 oz","HIGH","inStore:true; curbside:true; delivery:true; shipToHome:false"
"0005260304120","Pacific Foods Organic Creamy Tomato Soup 32 oz Carton","Pacific Foods","4.49","32 fl oz","HIGH","inStore:true; curbside:true; delivery:true; shipToHome:false"
"0005100001031","Campbell's Condensed Cream of Chicken Soup","Campbell's","1.5","10.5 oz","HIGH","inStore:true; curbside:true; delivery:true; shipToHome:false"
"0001111014281","Simple Truth Organic® Chicken Noodle Soup","Simple Truth Organic","2.99","18.6 oz","HIGH","inStore:true; curbside:true; delivery:true; shipToHome:false"
"0001111069516","Private Selection® Wild Rice and Mushroom Soup","Private Selection","4.99","15 oz","LOW","inStore:true; curbside:true; delivery:true; shipToHome:false"
"0005100002457","Campbell's® Condensed Homestyle Chicken Noodle Soup, 10.5 oz Can","Campbell's","1.99","10.5 oz","HIGH","inStore:true; curbside:true; delivery:true; shipToHome:false"
"0004119640482","Progresso™ Light Chicken Noodle Soup","Progresso","2.99","18.5 oz","HIGH","inStore:true; curbside:true; delivery:true; shipToHome:false"
"0007795869091","Panera Bread Ready-to-Heat Broccoli Cheddar Soup Cup","Panera Bread","6.99","16 oz","HIGH","inStore:true; curbside:true; delivery:true; shipToHome:false"
"0005100023177","Campbell's Chunky Soup, Creamy Chicken Noodle Soup 18.8 Oz Can","Campbell's","2.99","18.8 oz","HIGH","inStore:true; curbside:true; delivery:true; shipToHome:false"
"0005260304094","Pacific Foods Organic Tomato Basil Soup 32 oz Carton","Pacific Foods","4.49","32 fl oz","HIGH","inStore:true; curbside:true; delivery:true; shipToHome:false"
"0005100000551","Campbell's Chunky Soup Savory Vegetable Soup 18.8 Oz Can","Campbell's","2.99","18.8 oz","HIGH","inStore:true; curbside:true; delivery:true; shipToHome:false"
"0004100000301","Lipton Soup Secrets Instant Soup Mix Extra Noodle","Lipton","2.29","4.9 oz","HIGH","inStore:true; curbside:true; delivery:true; shipToHome:false"
"0004119612991","Progresso Rich & Hearty Creamy Chicken & Broccoli Soup","Progresso","2.99","18.5 oz","TEMPORARILY_OUT_OF_STOCK","inStore:false; curbside:false; delivery:false; shipToHome:false"
"0005100014292","Campbell's Chunky Savory Pot Roast Soup 18.8 oz Can","Campbell's","2.99","18.8 oz","LOW","inStore:true; curbside:true; delivery:true; shipToHome:false"
"0004119691505","Progresso Traditional Italian Style Wedding Soup","Progresso","2.99","18.5 oz","HIGH","inStore:true; curbside:true; delivery:true; shipToHome:false"
"0005100014293","Campbell's Chunky Soup, Creamy Chicken and Dumplings Soup, 18.8 Oz Can","Campbell's","2.99","18.8 oz","HIGH","inStore:true; curbside:true; delivery:true; shipToHome:false"
"0005100000524","Campbell's Chunky Soup, New England Clam Chowder 18.8 Oz Can","Campbell's","2.99","18.8 oz","HIGH","inStore:true; curbside:true; delivery:true; shipToHome:false"
"0007795869041","Panera Bread Ready-to-Heat Chicken Noodle Soup Cup","Panera Bread","6.99","16 oz","HIGH","inStore:true; curbside:true; delivery:true; shipToHome:false"
"0004119691113","Progresso™ Vegetable Classics Vegetable Canned Soup","Progresso","2.99","19 oz","HIGH","inStore:true; curbside:true; delivery:true; shipToHome:false"
"0005100025301","Campbell's® Condensed Bean With Bacon Soup","Campbell's","1.99","11.25 oz","HIGH","inStore:true; curbside:true; delivery:true; shipToHome:false"
"0005100028812","Campbell's Chunky Creamy Chicken Bacon Carbonara Soup 18.8 oz Can","Campbell's","2.99","18.8 oz","HIGH","inStore:true; curbside:true; delivery:true; shipToHome:false"
"0005100001251","Campbell's® Condensed Chicken Noodle Soup","Campbell's","1.5","10.75 oz","HIGH","inStore:true; curbside:true; delivery:true; shipToHome:false"
"0005260304184","Pacific Foods Organic Roasted Red Pepper and Tomato Soup 32 oz Carton","Pacific Foods","4.49","32 fl oz","HIGH","inStore:true; curbside:true; delivery:true; shipToHome:false"
"0001111016044","Kroger® Condensed Cream of Chicken Soup","Kroger","0.79","10.5 oz","HIGH","inStore:true; curbside:true; delivery:true; shipToHome:false"
"0004119613306","Progresso™ Protein Mediterranean-Style Lentil Soup","Progresso","2.99","19 oz","HIGH","inStore:true; curbside:true; delivery:true; shipToHome:false"
"0005100006959","Campbell's Chunky Soup Chicken Broccoli Cheese Soup 18.8 Oz Can","Campbell's","2.99","18.8 oz","HIGH","inStore:true; curbside:true; delivery:true; shipToHome:false"
"0004119601088","Progresso™ Traditional Chicken Noodle Soup","Progresso","2.99","19 oz","HIGH","inStore:true; curbside:true; delivery:true; shipToHome:false"
"0001111066508","Private Selection® Kettle Cooked Chicken Noodle Soup","Private Selection","4.99","15 oz","HIGH","inStore:true; curbside:true; delivery:true; shipToHome:false"
"0001111066506","Private Selection® Kettle Cooked Tomato Bisque Soup","Private Selection","4.99","15 oz","HIGH","inStore:true; curbside:true; delivery:true; shipToHome:false"
"0001111066505","Private Selection® Kettle Cooked Broccoli and Cheddar Soup","Private Selection","4.99","15 oz","LOW","inStore:true; curbside:true; delivery:true; shipToHome:false"
"0001111066504","Private Selection® Kettle Cooked Farmhouse Loaded Potato Soup","Private Selection","6.99","24 oz","HIGH","inStore:true; curbside:true; delivery:true; shipToHome:false"
"0001111066502","Private Selection® Kettle Cooked Broccoli and Cheddar Soup","Private Selection","6.99","24 oz","LOW","inStore:true; curbside:true; delivery:true; shipToHome:false"
"0005100003885","Campbell's Chunky Classic Chicken Noodle Soup, 18.6 oz Can","Campbell's","2.99","18.6 oz","HIGH","inStore:true; curbside:true; delivery:true; shipToHome:false"
"0001111066501","Private Selection® Kettle Cooked Tomato Bisque Soup","Private Selection","6.99","24 oz","LOW","inStore:true; curbside:true; delivery:true; shipToHome:false"
"0001111066500","Private Selection® Kettle Cooked Chicken Noodle Soup","Private Selection","6.99","24 oz","HIGH","inStore:true; curbside:true; delivery:true; shipToHome:false"
"0005100000011","Campbell's® Condensed Tomato Soup","Campbell's","1.5","10.75 oz","HIGH","inStore:true; curbside:true; delivery:true; shipToHome:false"
"0004119691403","Progresso™ Beef Pot Roast with Country Vegetables Canned Soup","Progresso","2.99","18.5 oz","HIGH","inStore:true; curbside:true; delivery:true; shipToHome:false"
"0005100001261","Campbell's Condensed Cream of Mushroom Soup","Campbell's","1.5","10.5 oz","HIGH","inStore:true; curbside:true; delivery:true; shipToHome:false"
"0004119691401","Progresso™ Rich and Hearty Chicken and Homestyle Noodles Soup","Progresso","2.99","19 oz","HIGH","inStore:true; curbside:true; delivery:true; shipToHome:false"
"0005260328366","Pacific Foods Organic Chicken Noodle Soup 16.1 oz Can","Pacific Foods","4.49","16.1 oz","HIGH","inStore:true; curbside:true; delivery:true; shipToHome:false"
"0005260328367","Pacific Foods Organic Chicken and Wild Rice Soup 16.3 oz Can","Pacific Foods","4.49","16.3 oz","HIGH","inStore:true; curbside:true; delivery:true; shipToHome:false"
"0005260328368","Pacific Foods Organic Tomato Bisque Soup 16.3 oz Can","Pacific Foods","4.49","16.3 oz","HIGH","inStore:true; curbside:true; delivery:true; shipToHome:false"
"0005260328369","Pacific Foods Organic Vegetable Lentil Soup, Plant Based, 16.3 oz Can","Pacific Foods","4.49","16.3 oz","HIGH","inStore:true; curbside:true; delivery:true; shipToHome:false"
"0005260328920","Pacific Foods Organic Chicken Tortilla Soup 16.3 oz Can","Pacific Foods","4.49","16.3 oz","HIGH","inStore:true; curbside:true; delivery:true; shipToHome:false"
"0005100016777","Campbell's Chunky Soup Healthy Request New England Clam Chowder Soup 18.8 oz Can","Campbell's","2.99","18.8 oz","HIGH","inStore:true; curbside:true; delivery:true; shipToHome:false"
"0004227200536","Amy's® Organic Chunky Tomato Bisque Soup","Amy's","3.79","14.5 oz","HIGH","inStore:true; curbside:true; delivery:true; shipToHome:false"
"0004227200535","Amy's Organic Lentil Vegetable Soup","Amy's","3.79","14.5oz","HIGH","inStore:true; curbside:true; delivery:true; shipToHome:false"
"0004227200538","Amy's® Organic Hearty Rustic Italian Vegetable Soup","Amy's","3.79","14 oz","HIGH","inStore:true; curbside:true; delivery:true; shipToHome:false"
"0004227203003","Amy's® Organic Pasta Fagioli Soup","Amy's","3.79","13.65 oz","LOW","inStore:true; curbside:true; delivery:true; shipToHome:false"
"0004227200775","Amy's® Organic Tortilla Soup","Amy's","3.79","14.2 oz","LOW","inStore:true; curbside:true; delivery:true; shipToHome:false"
"0005260304283","Pacific Foods Light in Sodium Organic Roasted Red Pepper and Tomato Soup 32 oz Carton","Pacific Foods","4.49","32 fl oz","HIGH","inStore:true; curbside:true; delivery:true; shipToHome:false"
"0005100016680","Campbell's® Condensed 25% Less Sodium Chicken Noodle Soup","Campbell's","1.99","10.75 oz","HIGH","inStore:true; curbside:true; delivery:true; shipToHome:false"
"0001111014284","Simple Truth Organic® Tomato Basil Soup","Simple Truth Organic","2.99","18.6 oz","LOW","inStore:true; curbside:true; delivery:true; shipToHome:false"
"0005100016721","Campbell's® Condensed Heart Healthy Homestyle Chicken Noodle Soup","Campbell's","1.99","10.5 oz","HIGH","inStore:true; curbside:true; delivery:true; shipToHome:false"
"0084223400130","Gardein Plant-Based Be'f and Country Vegetable Soup","Gardein®","3.29","15 oz","LOW","inStore:true; curbside:true; delivery:true; shipToHome:false"
"0001356210099","Annie's Organic Star Pasta and Chicken Soup","Annie's","4.59","14 oz","LOW","inStore:true; curbside:true; delivery:true; shipToHome:false"
"0005260328919","Pacific Foods Organic Spicy Chicken Noodle Soup 16.1 oz Can","Pacific Foods","4.49","16.1 oz","HIGH","inStore:true; curbside:true; delivery:true; shipToHome:false"
"0004227200503","Amy's® Organic No Chicken Noodle Soup","Amy's","3.79","14.1 fl oz","HIGH","inStore:true; curbside:true; delivery:true; shipToHome:false"
"0004227200547","Amy's® Organic Fire Roasted Southwestern Vegetable Soup","Amy's","3.79","14.3 oz","HIGH","inStore:true; curbside:true; delivery:true; shipToHome:false"
"0004227200502","Amy's® Organic Lentil Soup","Amy's","3.79","14.5 oz","HIGH","inStore:true; curbside:true; delivery:true; shipToHome:false"
"0004119691183","Progresso™ Traditional 99% Fat Free Chicken Noodle Soup","Progresso","2.99","19 oz","HIGH","inStore:true; curbside:true; delivery:true; shipToHome:false"
"0004227200626","Amy's® Soups Mushroom Porcini Bisque","Amy's","3.79","14 oz","HIGH","inStore:true; curbside:true; delivery:true; shipToHome:false"
"0004227200505","Amy's® Organic Low Fat Split Pea Soup","Amy's","3.79","14.1 oz","HIGH","inStore:true; curbside:true; delivery:true; shipToHome:false"
"0008425324046","Imagine® Organic Creamy Potato Leek Soup","Imagine","4.49","32 fl oz","LOW","inStore:true; curbside:true; delivery:true; shipToHome:false"
"0004227200504","Amy's® Organic Black Bean Vegetable Soup","Amy's","3.79","14.5 oz","HIGH","inStore:true; curbside:true; delivery:true; shipToHome:false"
"0008425324047","Imagine™ Organic Creamy Tomato Soup","Imagine","4.49","32 fl oz","TEMPORARILY_OUT_OF_STOCK","inStore:true; curbside:true; delivery:true; shipToHome:false"
"0004227200669","Amy's® Organic Soups Quinoa Kale and Red Lentil Soup","Amy's","3.79","14.4 oz","HIGH","inStore:true; curbside:true; delivery:true; shipToHome:false"
"0008425324044","Imagine™ Portobello Mushroom Creamy Soup","Imagine","4.49","32 fl oz","HIGH","inStore:true; curbside:true; delivery:true; shipToHome:false"
"0084223400090","Gardein Plant-Based Italian Wedding Soup","Gardein®","3.29","15 oz","TEMPORARILY_OUT_OF_STOCK","inStore:false; curbside:false; delivery:false; shipToHome:false"
"0005100005887","Campbell's® Condensed Heart Healthy Tomato Soup","Campbell's","1.99","10.75 oz","HIGH","inStore:true; curbside:true; delivery:true; shipToHome:false"
"0004227200508","Amy's® Organic Vegetable Barley Soup","Amy's","3.79","14.1 oz","HIGH","inStore:true; curbside:true; delivery:true; shipToHome:false"
"0005100027975","Campbell's® Condensed Unsalted Cream Of Mushroom Soup","Campbell's","1.99","10.5 oz","HIGH","inStore:true; curbside:true; delivery:true; shipToHome:false"
"0005100028108","Campbell's® Condensed Heart Healthy Chicken Noodle Soup","Campbell's","1.99","10.75 oz","HIGH","inStore:true; curbside:true; delivery:true; shipToHome:false"
"0008425324041","Imagine® Organic Butternut Squash Creamy Soup","Imagine","4.49","32 fl oz","HIGH","inStore:true; curbside:true; delivery:true; shipToHome:false"
"0004227200540","Amy's Organic Low Fat Chunky Vegetable Soup","Amy's","3.79","14.3oz","HIGH","inStore:true; curbside:true; delivery:true; shipToHome:false"
"0001356212707","Annie's Gluten Free Chicken and Pasta Canned Soup","Annie's","4.59","14 oz","HIGH","inStore:true; curbside:true; delivery:true; shipToHome:false"
"0084223400129","Gardein Plant-Based Chick'n & Rice Soup","Gardein®","3.29","15 oz","LOW","inStore:true; curbside:true; delivery:true; shipToHome:false"
"0084223400128","Gardein Plant-Based Chick'n Noodl' Soup","Gardein®","3.29","15 oz","LOW","inStore:true; curbside:true; delivery:true; shipToHome:false"
"0004227200591","Amy's® Organic Hearty French Country Vegetable Soup","Amy's","3.79","14.4 fl oz","LOW","inStore:true; curbside:true; delivery:true; shipToHome:false"
"0001356210126","Annie's Organic Chicken Noodle Soup","Annie's","4.59","14 oz","HIGH","inStore:true; curbside:true; delivery:true; shipToHome:false"
"0004227200513","Amy's® Thai Coconut Soup","Amy's","3.79","14.1 oz","LOW","inStore:true; curbside:true; delivery:true; shipToHome:false"
"0001111086545","Kroger® Less Sodium Condensed Chicken Noodle Soup","Kroger","1","10.5 oz","HIGH","inStore:true; curbside:true; delivery:true; shipToHome:false"
"0008425324399","Imagine® Organic Super Greens Creamy Soup","Imagine","4.49","32 fl oz","HIGH","inStore:true; curbside:true; delivery:true; shipToHome:false"
"0004227200593","Amy's® Indian Dal Golden Lentil Soup","Amy's","3.79","14.4 oz","HIGH","inStore:true; curbside:true; delivery:true; shipToHome:false"
"0005260304180","Pacific Foods Organic Butternut Squash Soup 32 oz Carton","Pacific Foods","4.49","32 fl oz","LOW","inStore:true; curbside:true; delivery:true; shipToHome:false"
"0001356210119","Annie's Organic Creamy Tomato and Bunny Pasta Soup","Annie's","4.59","8 ct / 1.79 oz","HIGH","inStore:true; curbside:true; delivery:true; shipToHome:false"
"0004227200768","Amy's® Thai Curry Sweet Potato Lentil Soup","Amy's","3.79","14.1 oz","HIGH","inStore:true; curbside:true; delivery:true; shipToHome:false"
"0004119649233","Progresso Organic Canned Soup Chicken Noodle Soup","Progresso","4.79","14 oz","LOW","inStore:true; curbside:true; delivery:true; shipToHome:false"
"0004227200564","Amy's® Organic Hearty Spanish Rice & Red Beans Soup","Amy's","3.79","14.7 oz","LOW","inStore:true; curbside:true; delivery:true; shipToHome:false"
"0005100021886","Campbell's Chunky Chili Mac Soup 18.8 oz Can","Campbell's","2.99","18.8 oz","HIGH","inStore:true; curbside:true; delivery:true; shipToHome:false"
"0005260329215","Pacific Foods® Organic Spicy Garden Tomato Soup Carton","Pacific Foods","4.49","32 fl oz","HIGH","inStore:true; curbside:true; delivery:true; shipToHome:false"
"0004119641942","Progresso™ Reduced Sodium Creamy Tomato with Basil Soup","Progresso","2.99","19 oz","HIGH","inStore:true; curbside:true; delivery:true; shipToHome:false"
"0005100018034","Campbell's Chunky Healthy Request Sirloin Burger with Country Vegetables Soup","Campbell's","2.99","18.8 oz","HIGH","inStore:true; curbside:true; delivery:true; shipToHome:false"
"0004119601013","Progresso™ Vegetable Canned Classic Tomato Basil Soup","Progresso","2.99","19 oz","HIGH","inStore:true; curbside:true; delivery:true; shipToHome:false"
"0004119680548","Progresso™ Reduced Sodium Canned Roasted Chicken Noodle Soup","Progresso","2.99","18.5 oz","HIGH","inStore:true; curbside:true; delivery:true; shipToHome:false"
"0005100023344","Campbell's Chunky Healthy Request Split Pea Soup With Ham and Smoke Flavor 19 oz Can","Campbell's","2.99","19 oz","TEMPORARILY_OUT_OF_STOCK","inStore:false; curbside:false; delivery:false; shipToHome:false"
"0004119610164","Progresso™ Light Italian-Style Wedding Soup","Progresso","2.99","18.5 oz","HIGH","inStore:true; curbside:true; delivery:true; shipToHome:false"
"0005100021165","Campbell's Chunky Soup, Pub-Style Chicken Pot Pie Soup, 18.8 oz Can","Campbell's","2.99","18.8 oz","HIGH","inStore:true; curbside:true; delivery:true; shipToHome:false"
"0004119610163","Progresso™ Light Creamy Chicken Noodle Soup","Progresso","2.99","18.5 oz","HIGH","inStore:true; curbside:true; delivery:true; shipToHome:false"
"0005100012939","Campbell's Condensed Tomato Soup","Campbell's","5.29","4 ct / 10.5 oz","HIGH","inStore:true; curbside:true; delivery:true; shipToHome:false"
"0001111015571","Simple Truth® Plant Based Caribbean Style Black Bean and Vegetable Soup","Simple Truth","2.99","18.6 oz","TEMPORARILY_OUT_OF_STOCK","inStore:false; curbside:false; delivery:false; shipToHome:false"
"0004119613648","Progresso™ Reduced Sodium New England Clam Chowder Canned Soup","Progresso","2.99","18.5 oz","TEMPORARILY_OUT_OF_STOCK","inStore:false; curbside:false; delivery:false; shipToHome:false"
"0004119641933","Progresso™ Light Canned Chicken and Dumpling Soup","Progresso","2.99","18.5 oz","HIGH","inStore:true; curbside:true; delivery:true; shipToHome:false"
"0004119640483","Progresso™ Light Zesty Santa Fe Style Gluten Free Chicken Soup","Progresso","2.99","18.5 oz","HIGH","inStore:true; curbside:true; delivery:true; shipToHome:false"
"0004119613649","Progresso™ Reduced Sodium Chicken Corn Chowder Canned Soup","Progresso","2.99","18.5 oz","TEMPORARILY_OUT_OF_STOCK","inStore:false; curbside:false; delivery:false; shipToHome:false"
"0004119640481","Progresso™ Light Beef Pot Roast Gluten Free Soup","Progresso","2.99","18.5 oz","HIGH","inStore:true; curbside:true; delivery:true; shipToHome:false"
"0004119645893","Progresso™ Gluten Free Reduced Sodium Southwest Style Black Bean & Vegetable Canned Soup","Progresso","2.99","18.5 oz","TEMPORARILY_OUT_OF_STOCK","inStore:false; curbside:false; delivery:false; shipToHome:false"
"0004119644082","Progresso™ Light Chicken Pot Pie Style Soup","Progresso","2.99","18.5 oz","HIGH","inStore:true; curbside:true; delivery:true; shipToHome:false"
"0001111066208","Private Selection® Veggie Ancient Grain Soup","Private Selection","4.99","15 oz","HIGH","inStore:true; curbside:true; delivery:true; shipToHome:false"
"0001111066206","Private Selection® Chicken Green Chili Soup","Private Selection","4.99","15 oz","HIGH","inStore:true; curbside:true; delivery:true; shipToHome:false"
"0004227200583","Amy's® Organic Light in Sodium Lentil Soup","Amy's","3.79","14.5 oz","HIGH","inStore:false; curbside:false; delivery:false; shipToHome:false"
"0004227200582","Amy's® Organic Light in Sodium Lentil Vegetable Soup","Amy's","3.79","14.5 oz","HIGH","inStore:true; curbside:true; delivery:true; shipToHome:false"
"0004227200585","Amy's Organic Light in Sodium Low Fat Minestrone Soup","Amy's","3.79","14.1 oz","LOW","inStore:true; curbside:true; delivery:true; shipToHome:false"
"0004227200584","Amy's® Organic Light in Sodium Split Pea Soup","Amy's","3.79","14.1 oz","HIGH","inStore:true; curbside:true; delivery:true; shipToHome:false"
"0004227200586","Amy's Light in Sodium - Organic Chunky Tomato Bisque Soup","Amy's","3.79","14.5oz","HIGH","inStore:true; curbside:true; delivery:true; shipToHome:false"
"0005260329011","Pacific Foods Organic Lightly Salted Chicken and Wild Rice Soup 16.3 oz Can","Pacific Foods","4.49","16.3 oz","HIGH","inStore:true; curbside:true; delivery:true; shipToHome:false"
"0005100029113","Campbell's® Condensed 25% Less Sodium Bean With Bacon Soup","Campbell's","1.99","11.25 oz","HIGH","inStore:true; curbside:true; delivery:true; shipToHome:false"
"0005100029114","Campbell's® Condensed 25% Less Sodium Chicken And Rice Soup","Campbell's","1.99","10.5 oz","HIGH","inStore:true; curbside:true; delivery:true; shipToHome:false"
"0005260329211","Pacific Foods® Organic Greek-Style Chicken Orzo Soup With Lemon and Herb Can","Pacific Foods","4.49","16.1 oz","HIGH","inStore:true; curbside:true; delivery:true; shipToHome:false"
"0004119640472","Progresso Light Savory Vegetable Barley Soup","Progresso","2.99","18.5 oz","HIGH","inStore:true; curbside:true; delivery:true; shipToHome:false"
"0001111083707","Kroger® Condensed Tomato Soup","Kroger","0.79","10.75 oz","HIGH","inStore:true; curbside:true; delivery:true; shipToHome:false"
"0005100029661","Campbell's® Protein Southwest Black Bean Soup, 16.3 Oz Can","Campbell's","3.79","16.3 oz","HIGH","inStore:false; curbside:false; delivery:false; shipToHome:false"
"0001111015947","Kroger® Condensed Cream of Chicken Soup","Kroger","1.89","26 oz","HIGH","inStore:true; curbside:true; delivery:true; shipToHome:false"
"0074747940004","Rao'S® Made For Home® Vegetable Minestrone Soup","Rao's","4.99","16 oz","HIGH","inStore:true; curbside:true; delivery:true; shipToHome:false"
"0005100029662","Campbell's Protein Mediterranean Lentil Soup, 16.3 Oz Can","Campbell's","3.79","16.3 oz","HIGH","inStore:false; curbside:false; delivery:false; shipToHome:false"
"0005100029261","Campbell's® Condensed White Cheddar Cheese Soup","Campbell's","1.99","10.5 oz","HIGH","inStore:true; curbside:true; delivery:true; shipToHome:false"
"0004119645281","Progresso™ Light New England Clam Chowder Soup Gluten Free","Progresso","2.99","18.5 oz","HIGH","inStore:true; curbside:true; delivery:true; shipToHome:false"
"0005100029260","Campbell's®  Condensed Garlic Parmesan With Herbs Soup","Campbell's","1.99","10.5 oz","HIGH","inStore:true; curbside:true; delivery:true; shipToHome:false"
"0001111016039","Kroger Condensed Chicken Noodle Soup","Kroger","0.79","10.5 oz","HIGH","inStore:true; curbside:true; delivery:true; shipToHome:false"
"0005100001177","Campbell's® Condensed French Onion Soup","Campbell's","1.99","10.5 oz","HIGH","inStore:true; curbside:true; delivery:true; shipToHome:false"
"0004119612363","Progresso Gluten Free Homestyle Chicken Soup","Progresso","4.49","14 oz","HIGH","inStore:true; curbside:true; delivery:true; shipToHome:false"
"0005100029665","Campbell's® Protein Homestyle Chicken and Rotini Soup, 16.1 Oz Can","Campbell's","3.79","16.1 oz","HIGH","inStore:false; curbside:false; delivery:false; shipToHome:false"
"0005100029663","Campbell's® Protein Italian Style Wedding Soup, 16.1 Oz","Campbell's","3.79","16.1 oz","HIGH","inStore:false; curbside:false; delivery:false; shipToHome:false"
"0005100029664","Campbell's® Protein Lemon Pepper Chicken Soup, 16.1 oz","Campbell's","3.79","16.1 oz","HIGH","inStore:false; curbside:false; delivery:false; shipToHome:false"
"0005260329223","Pacific Foods® Organic Condensed Tomato Soup","Pacific Foods","3.29","10.75 oz","HIGH","inStore:true; curbside:true; delivery:true; shipToHome:false"
"0001111016042","Kroger Condensed Cream of Mushroom Soup","Kroger","1.89","26 oz","HIGH","inStore:true; curbside:true; delivery:true; shipToHome:false"
"0001111016043","Kroger® Condensed Cream of Celery Soup","Kroger","0.79","10.5 oz","HIGH","inStore:true; curbside:true; delivery:true; shipToHome:false"
"0001111016045","Kroger Cream of Mushroom Condensed Soup","Kroger","0.79","10.5 oz","HIGH","inStore:true; curbside:true; delivery:true; shipToHome:false"
"0001111016047","Kroger® Less Sodium Condensed Cream of Mushroom Soup","Kroger","1","10.5 oz","HIGH","inStore:true; curbside:true; delivery:true; shipToHome:false"
"0005100000549","Campbell's Chunky Old Fashioned Vegetable Beef Soup 18.8 Oz Can","Campbell's","2.99","18.8 oz","TEMPORARILY_OUT_OF_STOCK","inStore:true; curbside:true; delivery:true; shipToHome:false"
"0004119601051","Progresso Vegetable Classics Green Split Pea Soup","Progresso","2.99","19 oz","HIGH","inStore:true; curbside:true; delivery:true; shipToHome:false"
"0004119601095","Progresso Traditional Canned Split Pea with Ham Soup","Progresso","2.99","19 oz","HIGH","inStore:true; curbside:true; delivery:true; shipToHome:false"
"0004119601012","Progresso™ Vegetable Classics Canned Minestrone Soup","Progresso","2.99","19 oz","HIGH","inStore:true; curbside:true; delivery:true; shipToHome:false"
"0004119691094","Progresso™ Traditional Ready to Serve Beef Barley Soup","Progresso","2.99","19 oz","HIGH","inStore:true; curbside:true; delivery:true; shipToHome:false"
"0004119610162","Progresso™ Traditional Creamy Chicken Noodle Soup","Progresso","2.99","18.5 oz","HIGH","inStore:true; curbside:true; delivery:true; shipToHome:false"
"0005100001151","Campbell's® Condensed Vegetarian Vegetable Soup","Campbell's","1.99","10.5 oz","HIGH","inStore:true; curbside:true; delivery:true; shipToHome:false"
"0005100000556","Campbell's Chunky Sirloin Burger with Country Vegetables Soup 18.8 oz Can","Campbell's","2.99","18.8 oz","HIGH","inStore:true; curbside:true; delivery:true; shipToHome:false"
"0005100001767","Campbell's® Condensed Beefy Mushroom Soup, 10.5 oz Can","Campbell's","1.99","10.5 oz","HIGH","inStore:true; curbside:true; delivery:true; shipToHome:false"
"0005100021239","Campbell's® Condensed Tomato Soup","Campbell's","2.99","23.2 oz","HIGH","inStore:true; curbside:true; delivery:true; shipToHome:false"
"0004119601022","Progresso™ Vegetable Classics Lentil Soup","Progresso","2.99","19 oz","LOW","inStore:true; curbside:true; delivery:true; shipToHome:false"
"0005100029233","Campbell's® Chunky® Beefy Mac Soup Can","Campbell's","2.99","18.8 oz","HIGH","inStore:true; curbside:true; delivery:true; shipToHome:false"
"0005100001081","Campbell's® Condensed Chicken Gumbo Soup, 10.5 oz Can","Campbell's","1.99","10.5 oz","HIGH","inStore:true; curbside:true; delivery:true; shipToHome:false"
"0005100012804","Campbell's® Chunky® Soup Baked Potato With Cheddar And Bacon Bits Soup","Campbell's","2.99","18.8 oz","HIGH","inStore:true; curbside:true; delivery:true; shipToHome:false"
"0001111066209","Private Selection® Shrimp Gumbo Soup","Private Selection","4.99","15 oz","HIGH","inStore:true; curbside:true; delivery:true; shipToHome:false"
"0005100001641","Campbell's® Condensed Cream Of Potato Soup","Campbell's","1.99","10.5 oz","HIGH","inStore:true; curbside:true; delivery:true; shipToHome:false"
"0005100000550","Campbell's Chunky Beef Soup with Country Vegetables 18.8 Oz Can","Campbell's","2.99","18.8 oz","HIGH","inStore:true; curbside:true; delivery:true; shipToHome:false"
"0004119691502","Progresso™ Traditional Chicken and Herb Dumplings Soup","Progresso","2.99","18.5 oz","HIGH","inStore:true; curbside:true; delivery:true; shipToHome:false"
"0005100021230","Campbell's® Condensed Chicken Noodle Soup Dry Egg Noodle Recipe","Campbell's","2.99","22.4 oz","HIGH","inStore:true; curbside:true; delivery:true; shipToHome:false"
"0004119691507","Progresso™ Vegetable Classics Garden Vegetable Canned Soup","Progresso","2.99","18.5 oz","TEMPORARILY_OUT_OF_STOCK","inStore:false; curbside:false; delivery:false; shipToHome:false"
"0004119613974","Progresso™ Pitmaster Steakhouse Style Steak and Bean Canned Soup","Progresso","3.99","18.5 oz","HIGH","inStore:true; curbside:true; delivery:true; shipToHome:false"
"0005100023406","Campbell's Chunky Soup Chicken Tortilla Soup with Grilled White Meat Chicken 18.6 Oz Can","Campbell's","2.99","18.6 oz","HIGH","inStore:true; curbside:true; delivery:true; shipToHome:false"
"0004119613977","Progresso™ Pitmaster Grilled Chicken and Potato with Roasted Vegetables Soup","Progresso","3.99","19 oz","HIGH","inStore:true; curbside:true; delivery:true; shipToHome:false"
"0005100000568","Campbell's Chunky Steak and Potato Soup 18.8 oz Can","Campbell's","2.99","18.8 oz","LOW","inStore:true; curbside:true; delivery:true; shipToHome:false"
"0004119613975","Progresso Pitmaster Steak and Potatoes with Roasted Vegetables Canned Soup","Progresso","3.99","18.5 oz","HIGH","inStore:true; curbside:true; delivery:true; shipToHome:false"
"0005100002828","Campbell's® Condensed Kids Double Noodle® Soup, 10.5 oz Can","Campbell's","1.99","10.5 oz","HIGH","inStore:true; curbside:true; delivery:true; shipToHome:false"
"0005100001051","Campbell's® Condensed Chicken And Rice Soup","Campbell's","1.99","10.5 oz","HIGH","inStore:true; curbside:true; delivery:true; shipToHome:false"
"0001111083710","Kroger® Vegetable Beef Condensed Soup","Kroger","1.25","10.5 oz","HIGH","inStore:true; curbside:true; delivery:true; shipToHome:false"
"0074747940006","Rao'S® Made For Home® Chicken Noodle Soup","Rao's","4.99","16 oz","LOW","inStore:true; curbside:true; delivery:true; shipToHome:false"
"0004119601112","Progresso Traditional New England Clam Chowder Soup","Progresso","2.99","18.5 oz","HIGH","inStore:true; curbside:true; delivery:true; shipToHome:false"
"0004119646055","Progresso™ Traditional Creamy Tomato with Penne Soup","Progresso","2.99","18.5 oz","HIGH","inStore:true; curbside:true; delivery:true; shipToHome:false"
"0004119691075","Progresso™ Traditional Gluten Free Beef & Vegetable Soup","Progresso","2.99","18.5 oz","HIGH","inStore:true; curbside:true; delivery:true; shipToHome:false"
"0004119691036","Progresso™ Traditional Chicken and Wild Rice Soup","Progresso","2.99","19 oz","HIGH","inStore:true; curbside:true; delivery:true; shipToHome:false"
"0005100025302","Campbell's® Condensed Tomato Bisque Soup","Campbell's","1.99","10.75 oz","HIGH","inStore:true; curbside:true; delivery:true; shipToHome:false"
"0005100013809","Campbell's® Chunky® Soup Steak With Hearty Vegetables Soup","Campbell's","2.99","18.8 oz","HIGH","inStore:true; curbside:true; delivery:true; shipToHome:false"
"0004119691116","Progresso™ Traditional Hearty Chicken & Rotini Canned Soup","Progresso","2.99","19 oz","TEMPORARILY_OUT_OF_STOCK","inStore:true; curbside:true; delivery:true; shipToHome:false"
"0004119610185","Progresso™ Traditional Gluten Free Broccoli Cheese Soup","Progresso","2.99","18 oz","HIGH","inStore:true; curbside:true; delivery:true; shipToHome:false"
"0001111016041","Kroger® Condensed Chicken with Rice Soup","Kroger","1.25","10.5 oz","HIGH","inStore:true; curbside:true; delivery:true; shipToHome:false"
"0004119613301","Progresso™ Southwest-Style Black Bean Protein Soup","Progresso","2.99","18.5 oz","HIGH","inStore:true; curbside:true; delivery:true; shipToHome:false"
"0005100001347","Campbell's® Condensed Broccoli Cheese Soup","Campbell's","1.99","10.5 oz","HIGH","inStore:true; curbside:true; delivery:true; shipToHome:false"
"0005100028802","Campbell's® Homestyle Chicken Noodle Soup","Campbell's","2.49","16.1 oz","HIGH","inStore:true; curbside:true; delivery:true; shipToHome:false"
"0001111004510","Kroger® Tomato Condensed Soup","Kroger","1.89","26 oz","HIGH","inStore:true; curbside:true; delivery:true; shipToHome:false"
"0004119601000","Progresso™ Traditional Chicken Rice with Vegetables Soup","Progresso","2.99","19 oz","HIGH","inStore:true; curbside:true; delivery:true; shipToHome:false"
"0004119641076","Progresso™ Rich and Hearty Loaded Potato Bacon and Cheese Soup","Progresso","2.99","18.5 oz","HIGH","inStore:true; curbside:true; delivery:true; shipToHome:false"
"0004119601121","Progresso Traditional Chicken with Vegetables & Pastina Pasta Soup","Progresso","2.99","19 oz","HIGH","inStore:true; curbside:true; delivery:true; shipToHome:false"
"0001111016040","Kroger Condensed Bean with Bacon Soup","Kroger","1.25","11.25 oz","HIGH","inStore:true; curbside:true; delivery:true; shipToHome:false"
"0005100010526","Campbell's® Condensed Chicken and Rice Soup With White and Wild Rice, 10.5 oz Can","Campbell's","1.99","10.5 oz","TEMPORARILY_OUT_OF_STOCK","inStore:false; curbside:false; delivery:false; shipToHome:false"
"0005100028207","Campbell's Condensed Homestyle Chicken Noodle Soup 10.5 oz Can 4 Pack","Campbell's","5.49","4 ct / 10.5 oz","HIGH","inStore:true; curbside:true; delivery:true; shipToHome:false"
"0005100001541","Campbell's® Condensed Kids Chicken and Stars Soup, 10.5 oz Can","Campbell's","1.99","10.5 oz","HIGH","inStore:true; curbside:true; delivery:true; shipToHome:false"
"0005100001021","Campbell's® Condensed Vegetable Soup With Beef Stock","Campbell's","1.99","10.5 oz","HIGH","inStore:true; curbside:true; delivery:true; shipToHome:false"
"0004119613995","Progresso™ Protein Mediterranean-Style Meatball and Chicken Canned Soup","Progresso","2.99","18.5 oz","TEMPORARILY_OUT_OF_STOCK","inStore:true; curbside:true; delivery:true; shipToHome:false"
"0004119613633","Progresso™ Protein Hearty Grain Vegetable Vegetarian Canned Soup","Progresso","2.99","19 oz","TEMPORARILY_OUT_OF_STOCK","inStore:false; curbside:false; delivery:false; shipToHome:false"
"0004119613996","Progresso™ Protein Tomato Sausage and Lentil Gluten Free Canned Soup","Progresso","2.99","19 oz","HIGH","inStore:true; curbside:true; delivery:true; shipToHome:false"
"0007013200200","Juanita’s Foods Ready to Serve Original Menudo Soup, 25 oz Can","Juanita's","5.49","25 oz","LOW","inStore:true; curbside:true; delivery:true; shipToHome:false"
"0004119647603","Progresso™ Traditional Chicken Tortilla Canned Soup","Progresso","2.99","18.5 oz","HIGH","inStore:true; curbside:true; delivery:true; shipToHome:false"
"0007013200201","Juanita’s Foods Ready to Serve Hot & Spicy Menudo Soup, 25 oz Can","Juanita's","5.49","25 oz","HIGH","inStore:true; curbside:true; delivery:true; shipToHome:false"
"0004119645384","Progresso Hearty Chicken Pot Pie Style with Dumplings Canned Soup","Progresso","2.99","18.5 oz","TEMPORARILY_OUT_OF_STOCK","inStore:false; curbside:false; delivery:false; shipToHome:false"
"0004119691093","Progresso™ Vegetable Classics Gluten Free French Onion Soup","Progresso","2.99","18.5 oz","TEMPORARILY_OUT_OF_STOCK","inStore:false; curbside:false; delivery:false; shipToHome:false"
"0005100001111","Campbell's® Condensed Beef Soup With Vegetables and Barley, 10.5 oz Can","Campbell's","1.99","10.5 oz","HIGH","inStore:true; curbside:true; delivery:true; shipToHome:false"
"0074747940021","Rao'S® Made For Home® Chicken & Orzo Soup","Rao's","4.99","15.7 oz","LOW","inStore:true; curbside:true; delivery:true; shipToHome:false"
"0005100014919","Campbell's Chunky Creamy Chicken and Dumplings Soup 15.25 oz Bowl","Campbell's","3.49","15.25 oz","LOW","inStore:true; curbside:true; delivery:true; shipToHome:false"
"0005100028797","Campbell's® Homestyle Mexican-Style Chicken Tortilla Soup","Campbell's","2.49","16.1 oz","LOW","inStore:true; curbside:true; delivery:true; shipToHome:false"
"0005100028794","Campbell's Homestyle New England Clam Chowder Soup 16.3 oz Can","Campbell's","2.49","16.3 oz","HIGH","inStore:true; curbside:true; delivery:true; shipToHome:false"
"0005100021164","Campbell's Chunky Jazzy Jambalaya Soup 18.6 oz Can","Campbell's","2.99","18.6 oz","HIGH","inStore:true; curbside:true; delivery:true; shipToHome:false"
"0004119691418","Progresso™ Traditional Chicken and Sausage Gumbo Soup","Progresso","2.99","19 oz","HIGH","inStore:true; curbside:true; delivery:true; shipToHome:false"
"0004119611663","Progresso™ Traditional Creamy Chicken & Mushroom With Barley Soup","Progresso","2.99","18.5 oz","HIGH","inStore:true; curbside:true; delivery:true; shipToHome:false"
"0004119691416","Progresso™ Rich and Hearty Chicken Corn Chowder Canned Soup","Progresso","2.99","18.5 oz","TEMPORARILY_OUT_OF_STOCK","inStore:false; curbside:false; delivery:false; shipToHome:false"
"0004119612993","Progresso™ Rich & Hearty Gluten Free Italian Sausage & Potato Canned Soup","Progresso","2.99","18.5 oz","TEMPORARILY_OUT_OF_STOCK","inStore:false; curbside:false; delivery:false; shipToHome:false"
"0004119613608","Old El Paso™ Chicken Tortilla Ready to Serve Canned Soup","Old El Paso","3.99","18.5 oz","HIGH","inStore:true; curbside:true; delivery:true; shipToHome:false"
"0005100018064","Campbell's Homestyle Chicken Noodle Soup 15.4 Oz Microwavable Bowl","Campbell's","2.59","15.4 oz","LOW","inStore:true; curbside:true; delivery:true; shipToHome:false"
"0005100014981","Campbell's® Sipping Soup Creamy Tomato Soup","Campbell's","2.69","11.1 oz","HIGH","inStore:true; curbside:true; delivery:true; shipToHome:false"
"0081505501001","Snapdragon Chicken Pho Instant Noodle Soup - 2.1 oz","Snapdragon","3.49","2.1 oz","","inStore:false; curbside:false; delivery:false; shipToHome:false"
"0005100013459","Campbell's Chicken Noodle Soup 15.4 Oz Microwavable Bowl","Campbell's","2.59","15.4 oz","HIGH","inStore:true; curbside:true; delivery:true; shipToHome:false"
"0004119691068","Progresso™ Vegetable Classics Gluten Free Hearty Tomato Soup","Progresso","2.99","19 oz","TEMPORARILY_OUT_OF_STOCK","inStore:false; curbside:false; delivery:false; shipToHome:false"
"0004119611064","Progresso™ Rich & Hearty Lasagna-Style With Italian Sausage Soup","Progresso","2.99","18.5 oz","TEMPORARILY_OUT_OF_STOCK","inStore:false; curbside:false; delivery:false; shipToHome:false"
"0005100029234","Campbell's® Chunky® Chili Dog Mac Soup Can","Campbell's","2.99","18.8 oz","HIGH","inStore:true; curbside:true; delivery:true; shipToHome:false"
"0005100028101","Campbell's Chunky Spicy Chicken Noodle Soup 18.6 oz Can","Campbell's","2.99","18.6 oz","HIGH","inStore:true; curbside:true; delivery:true; shipToHome:false"
"0005100027850","Campbell's Condensed Kids Soup Paw Patrol Awesome Shapes Pasta With Chicken 10.5 oz Can 4 Pack","Campbell's","5.49","4 ct / 10.5 oz","LOW","inStore:true; curbside:true; delivery:true; shipToHome:false"
"0005100029235","Campbell's® Chunky® Spicy Sausage Mac Soup Can","Campbell's","2.99","18.8 oz","HIGH","inStore:true; curbside:true; delivery:true; shipToHome:false"
"0005100027849","Campbell's Condensed Kids Double Noodle Soup 10.5 oz Can 4 Pack","Campbell's","5.49","4 ct / 10.5 oz","HIGH","inStore:true; curbside:true; delivery:true; shipToHome:false"
"0004119610187","Progresso™ Traditional Cheese Tortellini in Garden Vegetable Tomato Soup","Progresso","2.99","18.5 oz","HIGH","inStore:true; curbside:true; delivery:true; shipToHome:false"
"0004119613614","Old El Paso™ Chicken Cheese Enchilada-Style Canned Soup","Old El Paso","3.99","18.5 oz","HIGH","inStore:true; curbside:true; delivery:true; shipToHome:false"
"0004119613978","Progresso™ Pitmaster Sausage and Beer Cheese with Potatoes Canned Soup","Progresso","3.99","18 oz","HIGH","inStore:true; curbside:true; delivery:true; shipToHome:false"
"0005100023404","Campbell's Chunky Minestrone Soup with Italian Sausage 18.8 Oz Can","Campbell's","2.99","18.8 oz","HIGH","inStore:true; curbside:true; delivery:true; shipToHome:false"
"0004119601111","Progresso Traditional Manhattan Clam Chowder Canned Soup Gluten Free","Progresso","2.99","19 oz","TEMPORARILY_OUT_OF_STOCK","inStore:false; curbside:false; delivery:false; shipToHome:false"
"0004119601032","Progresso Traditional Canned Chickarina Soup","Progresso","2.99","19 oz","TEMPORARILY_OUT_OF_STOCK","inStore:false; curbside:false; delivery:false; shipToHome:false"
"0074747940002","Rao'S® Made For Home® Italian Wedding Soup","Rao's","4.99","16 oz","LOW","inStore:true; curbside:true; delivery:true; shipToHome:false"
"0074747940003","Rao'S® Made For Home® Tomato Basil Soup","Rao's","4.99","16 oz","LOW","inStore:true; curbside:true; delivery:true; shipToHome:false"
"0004119691157","Progresso™ Gluten Free Vegetable Classics Creamy Mushroom Canned Soup","Progresso","2.99","18 oz","TEMPORARILY_OUT_OF_STOCK","inStore:false; curbside:false; delivery:false; shipToHome:false"
"0005100000564","Campbell's Chunky Split Pea Soup With Ham 19 Oz Can","Campbell's","2.99","19 oz","TEMPORARILY_OUT_OF_STOCK","inStore:false; curbside:false; delivery:false; shipToHome:false"
"0005100029028","Campbell's Chunky Cheesy Jalapeno Burger with Bacon Bits Soup","Campbell's","2.99","18.8 oz","HIGH","inStore:true; curbside:true; delivery:true; shipToHome:false"
"0005100029026","Campbell's Chunky Texas-Style BBQ Burger with Natural Smoke Flavor Soup 18.8 oz Can","Campbell's","2.99","18.8 oz","HIGH","inStore:true; curbside:true; delivery:true; shipToHome:false"
"0005100016461","Campbell's® Creamy Tomato Soup","Campbell's","2.59","15.4 oz","HIGH","inStore:true; curbside:true; delivery:true; shipToHome:false"
"0004119613307","Progresso™ Italian-Style Bean and Pasta Protein Soup","Progresso","2.99","18.5 oz","TEMPORARILY_OUT_OF_STOCK","inStore:false; curbside:false; delivery:false; shipToHome:false"
"0005100028208","Campbell's Condensed Kids Chicken and Stars Soup 10.5 oz Can 4 Pack","Campbell's","5.49","4 ct / 10.5 oz","LOW","inStore:true; curbside:true; delivery:true; shipToHome:false"
"0005100029181","Campbell's® Homestyle™ Cheese Tortellini with Italian Sausage Soup","Campbell's","2.49","16.3 oz","HIGH","inStore:true; curbside:true; delivery:true; shipToHome:false"
"0005100014880","Campbell's® Chunky® Soup Classic Chicken Noodle Soup","Campbell's","3.49","15.25 oz","LOW","inStore:true; curbside:true; delivery:true; shipToHome:false"
"0005100018002","Campbell's® Condensed Kids Soup Disney® Princess Cool Shapes Pasta","Campbell's","1.99","10.5 oz","HIGH","inStore:true; curbside:true; delivery:true; shipToHome:false"
"0004133102067","Goya Black Bean Soup","GOYA","2.19","15 oz","HIGH","inStore:true; curbside:true; delivery:true; shipToHome:false"
"0007795869393","Panera® Southwest Style Chicken Soup Cup","Panera Bread","11.99","32 oz","HIGH","inStore:true; curbside:true; delivery:true; shipToHome:false"
"0004119613632","Progresso™ Protein Broccoli Cheese With Brown Rice Canned Soup","Progresso","2.99","18 oz","TEMPORARILY_OUT_OF_STOCK","inStore:false; curbside:false; delivery:false; shipToHome:false"
"0007013201098","Juanita's Foods Ready to Serve Chicken Pozole with Red Chile Soup, 25 oz can","Juanita's","5.49","25 oz","HIGH","inStore:true; curbside:true; delivery:true; shipToHome:false"
"0001111004500","Simple Truth Organic® Cream of Chicken Condensed Soup","Simple Truth Organic","1.99","10.5 oz","HIGH","inStore:true; curbside:true; delivery:true; shipToHome:false"
"0007013200400","Juanita’s Foods Ready to Serve Original Menudo Soup, 94 oz Can","Juanita's","16.49","94 oz","HIGH","inStore:true; curbside:true; delivery:true; shipToHome:false"
"0005100014878","Campbell's® Chunky® Soup Beef Soup With Country Vegetables","Campbell's","3.49","15.25 oz","TEMPORARILY_OUT_OF_STOCK","inStore:true; curbside:true; delivery:true; shipToHome:false"
"0005100006007","Campbell's® Condensed Heart Healthy Cream Of Mushroom Soup","Campbell's","1.99","10.5 oz","HIGH","inStore:true; curbside:true; delivery:true; shipToHome:false"
"0005100006569","Campbell's® Condensed Heart Healthy Cream Of Celery Soup","Campbell's","1.99","10.5 oz","TEMPORARILY_OUT_OF_STOCK","inStore:false; curbside:false; delivery:false; shipToHome:false"
"0001111015566","Simple Truth® Protein Roasted Red Pepper and Lentil Meatless Soup","Simple Truth","3.99","24 oz","HIGH","inStore:true; curbside:true; delivery:true; shipToHome:false"
"0074747940020","Rao's® Tuscan Beef Soup","Rao's","4.99","15.5 oz","LOW","inStore:true; curbside:true; delivery:true; shipToHome:false"
"0005100016681","Campbell's® Condensed 25% Less Sodium Cream Of Mushroom Soup","Campbell's","1.99","10.5 oz","HIGH","inStore:true; curbside:true; delivery:true; shipToHome:false"
"0005100015076","Campbell's Sipping Soup Chicken Soup With Star-Shaped Pasta 10.75 oz Microwavable Cup","Campbell's","2.69","10.75 oz","HIGH","inStore:true; curbside:true; delivery:true; shipToHome:false"
"0001111014283","Simple Truth® Plant Based Vegetable Lentil Soup","Simple Truth","2.99","18.6 oz","HIGH","inStore:true; curbside:true; delivery:true; shipToHome:false"
"0005100028629","Campbell's® Chunky® Soup Chili Mac Soup","Campbell's","3.49","15.25 oz","HIGH","inStore:true; curbside:true; delivery:true; shipToHome:false"
"0001118700102","Worthmore Mock Turtle Soup","Worthmore","6.79","19.5 oz","HIGH","inStore:true; curbside:true; delivery:true; shipToHome:false"
"0001118700101","Worthmore Mock Turtle Soup","Worthmore","3.69","10 oz","HIGH","inStore:true; curbside:true; delivery:true; shipToHome:false"
"0005100011551","Campbell's® Condensed 98% Fat Free Cream Of Mushroom Soup","Campbell's","1.99","10.5 oz","HIGH","inStore:true; curbside:true; delivery:true; shipToHome:false"
"0005100014982","Campbell's® Sipping Soup Chicken & Mini Round Noodle Soup","Campbell's","2.69","10.75 oz","HIGH","inStore:true; curbside:true; delivery:true; shipToHome:false"
"0005100011553","Campbell's® Condensed 98% Fat Free Cream Of Chicken Soup","Campbell's","1.99","10.5 oz","HIGH","inStore:true; curbside:true; delivery:true; shipToHome:false"
"0001111004499","Simple Truth Organic® Cream of Mushroom Condensed Soup","Simple Truth Organic","1.99","10.5 oz","LOW","inStore:true; curbside:true; delivery:true; shipToHome:false"
"0005100013736","Campbell's Sipping Soup Classic Tomato Soup 11.1 Oz Microwavable Cup","Campbell's","2.69","11.1 oz","TEMPORARILY_OUT_OF_STOCK","inStore:false; curbside:false; delivery:false; shipToHome:false"
"0007795869053","Panera Bread Ready-to-Heat Gluten Free Creamy Tomato Soup Cup","Panera Bread","6.99","16 oz","LOW","inStore:true; curbside:true; delivery:true; shipToHome:false"
"0005100027974","Campbell's® Condensed Unsalted Cream Of Chicken Soup","Campbell's","1.99","10.5 oz","HIGH","inStore:true; curbside:true; delivery:true; shipToHome:false"
"0004119611186","Progresso™ Rich & Hearty Three Cheese Tortellini Soup","Progresso","2.99","18.5 oz","HIGH","inStore:true; curbside:true; delivery:true; shipToHome:false"
"0005100029308","Campbell's® Condensed Creamy Chicken & Twists Soup Can","Campbell's","1.99","10.5 oz","HIGH","inStore:false; curbside:false; delivery:false; shipToHome:false"
"0004119613612","Old El Paso™ Mexican Style Chicken and Rice With Corn Canned Soup","Old El Paso","3.99","18.5 oz","HIGH","inStore:true; curbside:true; delivery:true; shipToHome:false"
"0004119613613","Old El Paso™ Jalapeno Chicken Noodle Soup","Old El Paso","3.99","18.5 oz","HIGH","inStore:true; curbside:true; delivery:true; shipToHome:false"
"0001111004523","Kroger® Condensed Cream of Chicken Soup","Kroger","1","10.5 oz","HIGH","inStore:true; curbside:true; delivery:true; shipToHome:false"
"0005100005977","Campbell's® Condensed Heart Healthy Cream Of Chicken Soup","Campbell's","1.99","10.5 oz","HIGH","inStore:true; curbside:true; delivery:true; shipToHome:false"
"0005100029192","Campbell's® Chunky® Buffalo-Style Chicken Mac Soup","Campbell's","2.99","18.8 oz","HIGH","inStore:true; curbside:true; delivery:true; shipToHome:false"
"0001111004522","Kroger® Low Fat Condensed Cream of Mushroom Soup","Kroger","1","10.5 oz","HIGH","inStore:true; curbside:true; delivery:true; shipToHome:false"
"0076733501101","Dr. McDougall's Gluten Free Split Pea Soup 2.5 oz","Dr. McDougall's","2.99","2.5 oz","LOW","inStore:true; curbside:true; delivery:true; shipToHome:false"
"0005100029068","Campbell's® Chunky® Soup Spicy Nashville-Style Hot Chicken Soup","Campbell's","2.99","18.8 oz","HIGH","inStore:false; curbside:false; delivery:false; shipToHome:false"
"0007013200700","Juanita’s Foods Ready to Serve Pork Pozole with Red Chile Soup, 25 oz Can","Juanita's","5.49","25 oz","HIGH","inStore:true; curbside:true; delivery:true; shipToHome:false"
"0074747940001","Rao's® Chicken Gnocchi Soup","Rao's","4.99","16 oz","TEMPORARILY_OUT_OF_STOCK","inStore:false; curbside:false; delivery:false; shipToHome:false"
"0005100028811","Campbell's Chunky Creamy Chicken Cajun Style Alfredo With Andouille Sausage Soup 18.8 oz Can","Campbell's","2.99","18.8 oz","HIGH","inStore:true; curbside:true; delivery:true; shipToHome:false"
"0005100029307","Campbell's® Cheddar Cheesy Noodles Soup","Campbell's","1.99","10.5 oz","HIGH","inStore:false; curbside:false; delivery:false; shipToHome:false"
"0005100028534","Campbell's® Condensed Gluten Free Cream Of Chicken Soup","Campbell's","1.99","10.5 oz","HIGH","inStore:true; curbside:true; delivery:true; shipToHome:false"
"0005260327765","Pacific Foods Organic Cream of Mushroom Soup 10.5 oz Can","Pacific Foods","3.29","10.5 oz","HIGH","inStore:true; curbside:true; delivery:true; shipToHome:false"
"0005100028535","Campbell's® Condensed Gluten Free Cream Of Mushroom Soup","Campbell's","1.99","10.5 oz","HIGH","inStore:true; curbside:true; delivery:true; shipToHome:false"
"0005260327764","Pacific Foods Organic Cream of Chicken Soup, 10.5 oz Can","Pacific Foods","3.29","10.5 oz","HIGH","inStore:true; curbside:true; delivery:true; shipToHome:false"
"0005100028971","Campbell's® Chunky® Soup, Spicy Chicken and Sausage Gumbo, 15.25 oz Microwavable Bowl","Campbell's","3.49","15.25 oz","TEMPORARILY_OUT_OF_STOCK","inStore:false; curbside:false; delivery:false; shipToHome:false"
"0005100021533","Campbell's Slow Kettle Style Roasted Chicken Noodle Soup With White Meat Chicken 15.5 oz Bowl","Campbell's","4.49","15.5 oz","HIGH","inStore:true; curbside:true; delivery:true; shipToHome:false"
"0001111004518","Kroger® Low Fat Condensed Cream of Chicken Soup","Kroger","1","10.5 oz","HIGH","inStore:true; curbside:true; delivery:true; shipToHome:false"
"0004119613305","Progresso™ Vegetarian Chickpea & Noodle Soup","Progresso","2.99","18.5 oz","LOW","inStore:true; curbside:true; delivery:true; shipToHome:false"
"0007795869391","Panera Bread Ready-to-Heat Broccoli Cheddar Soup Cup","Panera Bread","11.99","32 oz","HIGH","inStore:true; curbside:true; delivery:true; shipToHome:false"
"0074747940017","Rao's® Made For Home® Slow Simmered Lentil Soup","Rao's","4.99","16 oz","HIGH","inStore:true; curbside:true; delivery:true; shipToHome:false"
"0074747940018","Rao'S® Made For Home® Butternut Squash Soup","Rao's","4.99","16 oz","LOW","inStore:true; curbside:true; delivery:true; shipToHome:false"
"0005100029051","Campbell's Sipping Soup Butternut Squash and Sweet Potato Soup 11.1 oz Microwavable Cup","Campbell's","2.69","11.1 oz","TEMPORARILY_OUT_OF_STOCK","inStore:true; curbside:true; delivery:true; shipToHome:false"
"0005100028800","Campbell's Homestyle Tomato Basil Soup 16.3 oz Can","Campbell's","2.49","16.3 oz","TEMPORARILY_OUT_OF_STOCK","inStore:false; curbside:false; delivery:false; shipToHome:false"
"0005100027477","Campbell's Chunky Smoked Turkey with White and Wild Rice Soup 18.6 oz Can","Campbell's","2.99","18.6 oz","TEMPORARILY_OUT_OF_STOCK","inStore:false; curbside:false; delivery:false; shipToHome:false"
"0004100002278","Knorr ® Side Meal Rice And Cheddar Broccoli","Knorr","1.33","5.7 oz","HIGH","inStore:true; curbside:true; delivery:true; shipToHome:false"
"0001530043028","Rice-A-Roni® Beef Flavored Rice","Rice-A-Roni","1.67","6.8 oz","HIGH","inStore:true; curbside:true; delivery:true; shipToHome:false"
"0081620202205","4Sisters® Extra Long Grain Organic White Rice","4Sisters","6.99","32 oz","TEMPORARILY_OUT_OF_STOCK","inStore:true; curbside:true; delivery:true; shipToHome:false"
"0005480042336","BEN'S ORIGINAL Ready Rice Rice Pilaf Flavored Rice, Easy Dinner Side, 8.8 oz Pouch","Ben's Original","2.49","8.8 oz","HIGH","inStore:true; curbside:true; delivery:true; shipToHome:false"
"0005480042454","Ben's Original Ready Rice Jasmine Family Size Rice, Easy Dinner Side, 17.3 oz Pouch","Ben's Original","4.49","17.3 oz","HIGH","inStore:true; curbside:true; delivery:true; shipToHome:false"
"0001111001950","Kroger® 90 Second Jasmine Rice Pouch","Kroger","1.49","8.8 oz","HIGH","inStore:true; curbside:true; delivery:true; shipToHome:false"
"0005480042334","Ben's Original Ready Rice Whole Grain Brown Rice, Easy Dinner Side, 8.8 oz Pouch","Ben's Original","2.49","8.8 oz","HIGH","inStore:true; curbside:true; delivery:true; shipToHome:false"
"0001530043024","Rice A Roni Cheddar Broccoli Rice Mix","Rice-A-Roni","1.67","6.5 oz","HIGH","inStore:true; curbside:true; delivery:true; shipToHome:false"
"0001530043023","Rice A Roni® Chicken Flavor Rice & Vermicelli","Rice-A-Roni","1.67","6.9 oz","HIGH","inStore:true; curbside:true; delivery:true; shipToHome:false"
"0001530043980","Rice A Roni Creamy Four Cheese Rice Mix","Rice-A-Roni","1.67","6.4 oz","HIGH","inStore:true; curbside:true; delivery:true; shipToHome:false"
"0005480042331","Ben's Original Ready Rice Long Grain and Wild Flavored Rice, Easy Dinner Side, 8.8 oz Pouch","Ben's Original","2.49","8.8 oz","HIGH","inStore:true; curbside:true; delivery:true; shipToHome:false"
"0005480042332","Ben's Original Ready Rice Spanish Style Flavored Rice, Easy Dinner Side, 8.8 oz Pouch","Ben's Original","2.49","8.8 oz","HIGH","inStore:true; curbside:true; delivery:true; shipToHome:false"
"0005480042330","Ben's Original Ready Rice Roasted Chicken Flavored Rice, Easy Dinner Side, 8.8 oz Pouch","Ben's Original","2.49","8.8 oz","HIGH","inStore:true; curbside:true; delivery:true; shipToHome:false"
"0001115203470","Botan Calrose Rice","Botan","8.99","5 lb","HIGH","inStore:true; curbside:true; delivery:true; shipToHome:false"
"0001111013822","Kroger® 90 Second Basmati Rice Pouch","Kroger","1.49","8.8 oz","HIGH","inStore:true; curbside:true; delivery:true; shipToHome:false"
"0001111084703","Kroger® Long Grain Rice","Kroger","3.79","5 lb","HIGH","inStore:true; curbside:true; delivery:true; shipToHome:false"
"0005480042339","Ben Rdyrc Jasmine 8.5oz","Ben's Original","2.49","8.5 oz","HIGH","inStore:true; curbside:true; delivery:true; shipToHome:false"
"0001111083733","Kroger® 90 Second Whole Grain Brown Rice","Kroger","1.49","8.8 oz","HIGH","inStore:true; curbside:true; delivery:true; shipToHome:false"
"0005480042338","Ben's Original Ready Rice Basmati Rice, Easy Dinner Side, 8.5 oz Pouch","Ben's Original","2.49","8.5 oz","HIGH","inStore:true; curbside:true; delivery:true; shipToHome:false"
"0001111089875","Kroger® Enriched Long Grain White Rice","Kroger","1.79","32 oz","HIGH","inStore:true; curbside:true; delivery:true; shipToHome:false"
"0001111089876","Kroger® Enriched Medium Grain Rice","Kroger","1.99","32 oz","HIGH","inStore:true; curbside:true; delivery:true; shipToHome:false"
"0001740011805","Minute® Gluten-Free Instant White Rice","Minute","2.89","14 oz","HIGH","inStore:true; curbside:true; delivery:true; shipToHome:false"
"0001740010951","Mahatma Thai Fragrant Jasmine Rice, Uncooked Rice, 80 oz (2.27kg)","Mahatma","7.79","5 lbr","HIGH","inStore:true; curbside:true; delivery:true; shipToHome:false"
"0001740010675","Mahatma Gluten-Free Extra Long Grain White Rice","Mahatma","3.19","2 lb","HIGH","inStore:true; curbside:true; delivery:true; shipToHome:false"
"0001111084727","Kroger® Instant Enriched White Rice","Kroger","3.19","28 oz","HIGH","inStore:true; curbside:true; delivery:true; shipToHome:false"
"0001530043078","Rice-A-Roni® Mexican Style Rice","Rice-A-Roni","1.67","6.4 oz","HIGH","inStore:true; curbside:true; delivery:true; shipToHome:false"
"0001740010077","Success Boil-in-Bag White Rice, Gluten-Free, Non-GMO, 4 Bags","Success","2.49","14 onz","HIGH","inStore:true; curbside:true; delivery:true; shipToHome:false"
"0001111083764","Kroger® 90 Second Roasted Chicken Rice","Kroger","1.49","8.8 oz","HIGH","inStore:true; curbside:true; delivery:true; shipToHome:false"
"0001740014031","Minute® Ready to Serve Jasmine Rice","Minute","2.19","2 pk / 4.4 oz","HIGH","inStore:true; curbside:true; delivery:true; shipToHome:false"
"0001111013436","Kroger® Instant Enriched White Rice","Kroger","4.39","42 oz","HIGH","inStore:true; curbside:true; delivery:true; shipToHome:false"
"0001740011815","Minute® Gluten-Free Instant White Rice","Minute","6.49","42 oz","HIGH","inStore:true; curbside:true; delivery:true; shipToHome:false"
"0005480042350","Ben's Original Ready Rice Coconut Jasmine Flavored Rice, Easy Dinner Side, 8.5 oz Pouch","Ben's Original","2.49","8.5 oz","HIGH","inStore:true; curbside:true; delivery:true; shipToHome:false"
"0001111015341","Kroger® Jasmine Rice","Kroger","3.69","2 lb","TEMPORARILY_OUT_OF_STOCK","inStore:true; curbside:true; delivery:true; shipToHome:false"
"0001111015343","Kroger® Jasmine Rice","Kroger","7.49","5 lb","HIGH","inStore:true; curbside:true; delivery:true; shipToHome:false"
"0001740011810","Minute® Gluten-Free Instant White Rice","Minute","4.99","28 oz","HIGH","inStore:true; curbside:true; delivery:true; shipToHome:false"
"0001530043048","Rice-A-Roni® Stir Fried Rice","Rice-A-Roni","1.67","6.2 oz","HIGH","inStore:true; curbside:true; delivery:true; shipToHome:false"
"0001530043047","Rice A Roni Original Long Grain & Wild Rice","Rice-A-Roni","1.67","4.3 oz","HIGH","inStore:true; curbside:true; delivery:true; shipToHome:false"
"0001111005930","Kroger® 90 Second Cilantro Lime Rice","Kroger","1.49","8.8 oz","HIGH","inStore:true; curbside:true; delivery:true; shipToHome:false"
"0001740014000","Minute® Gluten Free Ready to Serve White Rice","Minute","2.19","2 pk / 4.4 oz","HIGH","inStore:true; curbside:true; delivery:true; shipToHome:false"
"0001111084726","Kroger® Instant Enriched White Rice","Kroger","1.89","14 oz","HIGH","inStore:true; curbside:true; delivery:true; shipToHome:false"
"0004100002266","Knorr ® Side Meal Rice And Sauce Chicken","Knorr","1.33","5.6 oz","HIGH","inStore:true; curbside:true; delivery:true; shipToHome:false"
"0004100002263","Knorr ® Side Meal Rice And Sauce Chicken Broccoli","Knorr","1.33","5.5 oz","HIGH","inStore:true; curbside:true; delivery:true; shipToHome:false"
"0001740010932","Mahatma Extra Long Grain White Rice, Uncooked Rice, 80 oz (2.27kg)","Mahatma","6.29","5 lbr","HIGH","inStore:true; curbside:true; delivery:true; shipToHome:false"
"0001530043059","Rice-A-Roni® Rice Pilaf","Rice-A-Roni","1.67","7.2 oz","HIGH","inStore:true; curbside:true; delivery:true; shipToHome:false"
"0005480042344","Ben's Original Ready Rice Cilantro Lime Flavored Rice, Easy Dinner Side, 8.5 oz Pouch","Ben's Original","2.49","8.5 oz","HIGH","inStore:true; curbside:true; delivery:true; shipToHome:false"
"0007107201303","Vigo® Yellow Rice","Vigo","1.79","10 oz","HIGH","inStore:true; curbside:true; delivery:true; shipToHome:false"
"0001740010695","Mahatma Thai Fragrant Jasmine Rice, Uncooked Rice, 32 oz (907g)","Mahatma","4.49","2 lbr","HIGH","inStore:true; curbside:true; delivery:true; shipToHome:false"
"0005480042342","Ben's Original Ready Rice Red Beans and Rice, Easy Flavored Rice Dinner Side, 8.5 oz Pouch","Ben's Original","2.49","8.5 oz","HIGH","inStore:true; curbside:true; delivery:true; shipToHome:false"
"0001530043053","Rice-A-Roni® Spanish Rice","Rice-A-Roni","1.67","6.8 oz","HIGH","inStore:true; curbside:true; delivery:true; shipToHome:false"
"0004100002302","Knorr Mexican Rice Sides","Knorr","1.33","5.4 oz","HIGH","inStore:true; curbside:true; delivery:true; shipToHome:false"
"0001740010505","Mahatma Yellow Rice, Spanish Style Rice, Seasoned Rice, 5 oz (142g)","Mahatma","0.99","5 onz","TEMPORARILY_OUT_OF_STOCK","inStore:false; curbside:false; delivery:false; shipToHome:false"
"0001740010667","Mahatma Basmati Rice, Long Grain Rice, Uncooked Rice, 32 oz (907g)","Mahatma","4.99","2 lbr","HIGH","inStore:true; curbside:true; delivery:true; shipToHome:false"
"0007341657880","Lundberg Family Farms® Cilantro Lime Rice","Lundberg Family Farms","3.69","8 oz","HIGH","inStore:false; curbside:false; delivery:false; shipToHome:false"
"0085045100800","Ralston Family Farms™ Basmati White Rice","Ralston Family Farms","4.29","24 oz","HIGH","inStore:true; curbside:true; delivery:true; shipToHome:false"
"0085045100802","Ralston Family Farms™ - Jasmine White Rice","Ralston Family Farms","4.29","24 oz","HIGH","inStore:true; curbside:true; delivery:true; shipToHome:false"
"0001530020070","Rice-A-Roni Chicken Rice Mix","Rice-A-Roni","3.99","3 ct / 6.9 oz","HIGH","inStore:true; curbside:true; delivery:true; shipToHome:false"
"0007440161041","RiceSelect Gluten-Free Jasmati White Jasmine Rice","RiceSelect","7.29","32 oz","HIGH","inStore:true; curbside:true; delivery:true; shipToHome:false"
"0001530043061","Rice-A-Roni® Lower Sodium Chicken Flavor Rice","Rice-A-Roni","1.67","6.9 oz","HIGH","inStore:true; curbside:true; delivery:true; shipToHome:false"
"0008596800110","Golden Star Thai Hom Mali Jasmine Rice, 10 lbs","Golden Star","18.99","10 lb","LOW","inStore:true; curbside:true; delivery:true; shipToHome:false"
"0007341604028","Lundberg Family Farms® Regenerative Organic Certified® Jasmine White Rice","Lundberg Family Farms","7.99","32 oz","HIGH","inStore:true; curbside:true; delivery:true; shipToHome:false"
"0080717671412","Bibigo Cooked Sticky White Rice","bibigo","3.79","7.41 oz","HIGH","inStore:true; curbside:true; delivery:true; shipToHome:false"
"0007341640204","Lundberg Family Farms® Regenerative Organic Certified® Basmati White Rice","Lundberg Family Farms","7.99","32 oz","HIGH","inStore:true; curbside:true; delivery:true; shipToHome:false"
"0007440191041","RiceSelect Gluten-Free Arborio Rice","RiceSelect","7.99","32 oz","HIGH","inStore:true; curbside:true; delivery:true; shipToHome:false"
"0001740022481","Mahatma Red Beans & Rice, Ready to Heat 90 Seconds, 8.8 oz (250g)","Mahatma","2.79","8.8 onz","HIGH","inStore:true; curbside:true; delivery:true; shipToHome:false"
"0074840442018","Seeds of Change Organic Quinoa, Brown & Red Rice with Flaxseed, Organic Food, 8.5 oz Pouch","Seeds of Change","2.99","8.5 oz","HIGH","inStore:true; curbside:true; delivery:true; shipToHome:false"
"0001111015373","Simple Truth Organic® Basmati Rice","Simple Truth Organic","5.79","32 oz","HIGH","inStore:true; curbside:true; delivery:true; shipToHome:false"
"0001115228589","Nishiki® Premium Medium Grain Rice","Nishiki","9.99","5 lb","LOW","inStore:true; curbside:true; delivery:true; shipToHome:false"
"0074840428794","Seeds of Change Organic Quinoa & Brown Rice with Garlic, Organic Food, 8.5 oz Pouch","Seeds of Change","2.99","8.5 oz","HIGH","inStore:true; curbside:true; delivery:true; shipToHome:false"
"0074840442055","Seeds of Change Organic Jasmine Rice, Organic Food, 8.5 oz Pouch","Seeds of Change","2.99","8.5 oz","HIGH","inStore:true; curbside:true; delivery:true; shipToHome:false"
"0001111090136","Simple Truth Organic™ 90 Second 100% Whole Grain Brown Rice","Simple Truth Organic","2.29","8.8 oz","HIGH","inStore:true; curbside:true; delivery:true; shipToHome:false"
"0001111090134","Simple Truth Organic® Basmati Rice","Simple Truth Organic","2.29","8.8 oz","HIGH","inStore:true; curbside:true; delivery:true; shipToHome:false"
"0085045100836","Ralston Family Farms™ Whole Grain Aromatic Purple Rice","Ralston Family Farms","4.29","16 oz","HIGH","inStore:true; curbside:true; delivery:true; shipToHome:false"
"0007441060306","Shirakiku Medium Grain Calrose Rice","Shirakiku","8.99","5 lb","HIGH","inStore:true; curbside:true; delivery:true; shipToHome:false"
"0001115210743","Nishiki® Premium Grade Steamed Rice Bowl","Nishiki","3.29","7.4 oz","","inStore:true; curbside:true; delivery:true; shipToHome:false"
"0001530020001","Rice-A-Roni®  Vermicelli Chicken Flavor Rice","Rice-A-Roni","1.99","1.97 oz","HIGH","inStore:false; curbside:false; delivery:false; shipToHome:false"
"0001111013871","Simple Truth Organic® Jasmine Rice","Simple Truth Organic","2.29","8.8 oz","HIGH","inStore:true; curbside:true; delivery:true; shipToHome:false"
"0008596800100","Golden Star Thai Hom Mali Jasmine Rice, 5 lbs","Golden Star","8.49","5 lb","HIGH","inStore:false; curbside:false; delivery:false; shipToHome:false"
"0007440111041","RiceSelect Gluten-Free Texmati White Rice","RiceSelect","7.29","32 oz","HIGH","inStore:true; curbside:true; delivery:true; shipToHome:false"
"0078273301226","Tasty Bite Organic Sticky Rice 8.8oz Soft And Chewy Sticky Rice","Tasty Bite","3.49","8.8 oz","HIGH","inStore:false; curbside:false; delivery:false; shipToHome:false"
"0007440125285","RiceSelect Jasmine Premium Thai Rice","RiceSelect","7.99","32 oz","HIGH","inStore:false; curbside:false; delivery:false; shipToHome:false"
"0003520005512","Riceland Extra Long Grain White Rice","Riceland","2.19","32 oz","HIGH","inStore:false; curbside:false; delivery:false; shipToHome:false"
"0001740011132","Mahatma Thai Fragrant Jasmine Rice, Uncooked Rice, 20 lb (9.07kg)","Mahatma","22.99","20 lbr","HIGH","inStore:true; curbside:true; delivery:true; shipToHome:false"
"0001740011130","Mahatma Extra Long Grain White Rice, Uncooked Rice, 20 lb (9.07kg)","Mahatma","11.99","20 lbr","HIGH","inStore:true; curbside:true; delivery:true; shipToHome:false"
"0003520005515","Riceland® Extra Long Grain Rice","Riceland","5.79","5 lb","HIGH","inStore:false; curbside:false; delivery:false; shipToHome:false"
"0001530020098","Rice-A-Roni® Cheddar Broccoli Flavor Rice Cups","Rice-A-Roni","6.49","4 ct / 2.11 oz","HIGH","inStore:true; curbside:true; delivery:true; shipToHome:false"
"0001740022319","Mahatma Jasmine Rice, Ready to Heat 90 Seconds, 8.8 oz (250g)","Mahatma","2.79","8.8 onz","HIGH","inStore:true; curbside:true; delivery:true; shipToHome:false"
"0001740022318","Mahatma Cilantro Limon Jasmine Rice, Ready to Heat, 8.8 oz (250g)","Mahatma","2.79","8.8 onz","HIGH","inStore:true; curbside:true; delivery:true; shipToHome:false"
"0001530020096","Rice-A-Roni® Chicken Flavor Rice Cups","Rice-A-Roni","6.49","4 ct / 1.97 oz","HIGH","inStore:true; curbside:true; delivery:true; shipToHome:false"
"0001530020097","Rice-A-Roni® Creamy Four Cheese","Rice-A-Roni","6.49","4 pk / 9 oz","HIGH","inStore:true; curbside:true; delivery:true; shipToHome:false"
"0001740022479","Mahatma Basmati Rice, Ready to Heat 90 Seconds, 8.8 oz (250g)","Mahatma","2.79","8.8 onz","HIGH","inStore:true; curbside:true; delivery:true; shipToHome:false"
"0001530020136","Rice-A-Roni® Thai Curry Chicken Mix","Rice-A-Roni","1.67","5.5 oz","HIGH","inStore:false; curbside:false; delivery:false; shipToHome:false"
"0074840447105","Seeds of Change Organic Spanish Style Rice With Quinoa Peppers & Corn, Organic Food, 8.5 oz Pouch","Seeds of Change","2.99","8.5 oz","HIGH","inStore:true; curbside:true; delivery:true; shipToHome:false"
"0004100002268","Knorr ® Side Meal Rice And Sides Spanish","Knorr","1.33","5.6 oz","HIGH","inStore:true; curbside:true; delivery:true; shipToHome:false"
"0085045100894","Ralston Family Farms™ Heat & Eat Mexican Style Jasmine Rice","Ralston Family Farms","3.99","8.5 oz","HIGH","inStore:false; curbside:false; delivery:false; shipToHome:false"
"0004100002262","Knorr Creamy Chicken Long Grain Rice and Vermicelli Pasta Blend Rice Sides","Knorr","1.33","5.7 oz","HIGH","inStore:true; curbside:true; delivery:true; shipToHome:false"
"0001740010696","Mahatma Basmati Rice, Long Grain Rice, Uncooked Rice, 80 oz (2.27kg)","Mahatma","10.99","5 lbr","HIGH","inStore:true; curbside:true; delivery:true; shipToHome:false"
"0007440176041","RiceSelect Royal Blend Texmati White Brown and Red Rice","RiceSelect","8.29","21 oz","HIGH","inStore:true; curbside:true; delivery:true; shipToHome:false"
"0085045100809","Ralston Family Farms™ Nature's Blend Rice","Ralston Family Farms","4.29","24 oz","HIGH","inStore:false; curbside:false; delivery:false; shipToHome:false"
"0001115214409","Botan Calrose Rice","Botan","32.99","20 lb","LOW","inStore:true; curbside:true; delivery:true; shipToHome:false"
"0001111086334","Simple Truth Organic® Long Grain Brown Rice","Simple Truth Organic","3.99","32 oz","HIGH","inStore:true; curbside:true; delivery:true; shipToHome:false"
"0004100002273","Knorr Chicken Fried Rice Sides","Knorr","1.33","5.7 oz","HIGH","inStore:true; curbside:true; delivery:true; shipToHome:false"
"0005480042335","Ben's Original Ready Rice Garden Vegetable Flavored Rice, Easy Dinner Side, 8.8 oz Pouch","Ben's Original","2.49","8.8 oz","HIGH","inStore:true; curbside:true; delivery:true; shipToHome:false"
"0001111002324","Simple Truth® Protein Garlic Brown Rice and Quinoa with Chia Seeds","Simple Truth","3.29","8.8 oz","HIGH","inStore:true; curbside:true; delivery:true; shipToHome:false"
"0005480042333","Ben's Original Ready Rice Original Long Grain White Rice, Easy Dinner Side, 8.8 oz Pouch","Ben's Original","2.49","8.8 oz","HIGH","inStore:true; curbside:true; delivery:true; shipToHome:false"
"0007142901230","Zatarain's Yellow Rice Mix","Zatarain's","1.99","6.9 oz","HIGH","inStore:true; curbside:true; delivery:true; shipToHome:false"
"0001111002281","Simple Truth® Protein Black Pepper Lentils Brown Rice and Ancient Grains Whole Grain Blend","Simple Truth","3.29","8.8 oz","HIGH","inStore:true; curbside:true; delivery:true; shipToHome:false"
"0007142901306","Zatarain's Cilantro Lime Rice","Zatarain's","1.99","6.9 oz","HIGH","inStore:true; curbside:true; delivery:true; shipToHome:false"
"0005480042337","Ben's Original Ready Rice Butter and Garlic Flavored Rice, Easy Dinner Side, 8.8 oz Pouch","Ben's Original","2.49","8.8 oz","HIGH","inStore:true; curbside:true; delivery:true; shipToHome:false"
"0007225100105","Near East® Original Rice Pilaf Mix","Near East","2.99","6.09 oz","HIGH","inStore:true; curbside:true; delivery:true; shipToHome:false"
"0001111089874","Kroger® Long Grain Brown Rice","Kroger","1.79","32 oz","HIGH","inStore:true; curbside:true; delivery:true; shipToHome:false"
"0001111089711","Kroger® Long Grain Brown Rice","Kroger","0.99","16 oz","HIGH","inStore:true; curbside:true; delivery:true; shipToHome:false"
"0001740022252","Minute Fragrant & Fluffy Jasmine Rice","Minute","2.99","12 onz","HIGH","inStore:true; curbside:true; delivery:true; shipToHome:false"
"0001111013827","Kroger® Microwavable Cilantro Lime Rice Cups","Kroger","1.99","2 ct / 4.4 oz","HIGH","inStore:true; curbside:true; delivery:true; shipToHome:false"
"0001111013826","Kroger® Jasmine Rice Cups","Kroger","1.99","2 ct / 4.4 oz","HIGH","inStore:true; curbside:true; delivery:true; shipToHome:false"
"0001111015372","Simple Truth Organic® Jasmine Rice","Simple Truth Organic","5.79","32 oz","HIGH","inStore:true; curbside:true; delivery:true; shipToHome:false"
"0007152400019","La Preferida® Extra Long Grain Rice","La Preferida","2.49","2 lb","HIGH","inStore:true; curbside:true; delivery:true; shipToHome:false"
"0001740011845","Minute® Gluten-Free Instant Brown Rice","Minute","2.89","14 oz","HIGH","inStore:true; curbside:true; delivery:true; shipToHome:false"
"0007142909523","Zatarain's Jambalaya Rice Dinner Mix","Zatarain's","2.39","8 oz","HIGH","inStore:true; curbside:true; delivery:true; shipToHome:false"
"0001740010078","Success Boil-in-Bag Whole Grain Brown Rice, Non-GMO, Gluten-Free, , 4 Pre-Portioned Bags","Success","2.49","14 onz","HIGH","inStore:true; curbside:true; delivery:true; shipToHome:false"
"0085927800314","Supreme™ Jasmine Rice","Supreme","7.99","5 lb","TEMPORARILY_OUT_OF_STOCK","inStore:false; curbside:false; delivery:false; shipToHome:false"
"0001740010076","Success Boil-in-Bag Thai Jasmine Rice, Gluten-Free, Non-GMO, 4 Bags","Success","2.49","14 onz","HIGH","inStore:true; curbside:true; delivery:true; shipToHome:false"
"0005480042364","Ben's Original Original Recipe Long Grain Rice & Wild Flavored Rice, 6 oz Box","Uncle Ben's","2.79","6 oz","HIGH","inStore:true; curbside:true; delivery:true; shipToHome:false"
"0005480042484","Ben's Original Ready Rice Spanish Style Flavored Rice, Easy Dinner Side, 17.3 oz Pouch","Ben's Original","4.49","17.3 oz","HIGH","inStore:true; curbside:true; delivery:true; shipToHome:false"
"0075710701104","Veetee® Steam Filtered™ Perfectly Fluffy Basmati Rice","Veetee","2.99","9.9 oz","HIGH","inStore:true; curbside:true; delivery:true; shipToHome:false"
"0005480042608","Ben's Original Ready Rice Lemon and Herb 8.5 Oz Pouch","Ben's Original","2.49","8.5 oz","HIGH","inStore:true; curbside:true; delivery:true; shipToHome:false"
"0001111083763","Kroger® 90 Second Red Beans & Rice","Kroger","1.49","8.8 oz","HIGH","inStore:true; curbside:true; delivery:true; shipToHome:false"
"0007152410412","La Preferida® Spanish Rice","La Preferida","2.49","5.25 oz","HIGH","inStore:true; curbside:true; delivery:true; shipToHome:false"
"0001111084736","Kroger® Instant Brown Rice","Kroger","1.89","14 oz","HIGH","inStore:true; curbside:true; delivery:true; shipToHome:false"
"0075710701300","VeeTee® Sticky Rice","Veetee","2.99","10.6 oz","HIGH","inStore:true; curbside:true; delivery:true; shipToHome:false"
"0001740010207","Success Boil-in-Bag White Rice, Non-GMO, Kosher, Gluten-Free, , 6 Pre-Portioned Bags","Success","5.99","32 onz","HIGH","inStore:true; curbside:true; delivery:true; shipToHome:false"
"0001111004409","Kroger® 90 Second Spanish Rice Pouch","Kroger","1.49","8.8 oz","HIGH","inStore:true; curbside:true; delivery:true; shipToHome:false"
"0001111015342","Kroger® Basmati Rice","Kroger","3.99","2 lb","HIGH","inStore:true; curbside:true; delivery:true; shipToHome:false"
"0007142909535","Zatarain's Dirty Rice Dinner Mix, 8.0 oz","Zatarain's","2.39","8 oz","TEMPORARILY_OUT_OF_STOCK","inStore:true; curbside:true; delivery:true; shipToHome:false"
"0001111015344","Kroger® Jasmine Rice","Kroger","13.49","10 lb","HIGH","inStore:true; curbside:true; delivery:true; shipToHome:false"
"0004133112663","Goya® Mexican Rice Mix","GOYA","2.79","12","HIGH","inStore:true; curbside:true; delivery:true; shipToHome:false"
"0004133112662","Goya® Spanish Style Yellow Rice","GOYA","2.49","7 oz","HIGH","inStore:true; curbside:true; delivery:true; shipToHome:false"
"0005480042355","Ben's Original Converted Brand Enriched Long Grain White Rice, Parboiled Rice, 2 lb Box","Ben's Original","4.99","2 lb","HIGH","inStore:true; curbside:true; delivery:true; shipToHome:false"
"0001111005935","Kroger® 3 Minute Jasmine Rice","Kroger","2.79","18 oz","HIGH","inStore:true; curbside:true; delivery:true; shipToHome:false"
"0001740014004","Minute® Gluten Free Ready to Serve Brown & Wild Rice","Minute","2.19","8.8 oz","HIGH","inStore:true; curbside:true; delivery:true; shipToHome:false"
"0001740014001","Minute® Gluten-Free Ready to Serve Brown Rice","Minute","2.19","8.8 oz","HIGH","inStore:true; curbside:true; delivery:true; shipToHome:false"
"0001740014040","Minute® Ready to Serve Basmati Rice","Minute","2.19","2 pk / 4.4 oz","HIGH","inStore:true; curbside:true; delivery:true; shipToHome:false"
"0075710701112","Veetee® Steam Filtered™ Perfectly Fragrant Thai Jasmine Rice","Veetee","2.99","10.6 oz","HIGH","inStore:true; curbside:true; delivery:true; shipToHome:false"
"0007142909849","Zatarain's Red Beans & Rice Dinner Mix","Zatarain's","2.39","8 oz","HIGH","inStore:true; curbside:true; delivery:true; shipToHome:false"
"0001111014899","Smart Way™ Jasmine Rice","Smart Way","3.49","32 oz","HIGH","inStore:true; curbside:true; delivery:true; shipToHome:false"
"0001111014061","Kroger® Classic Grains Jasmine Rice","Kroger","3.49","2 ct / 10 oz","LOW","inStore:true; curbside:true; delivery:true; shipToHome:false"
"0001111012085","Kroger® Instant Jasmine Rice","Kroger","2.49","12 oz","HIGH","inStore:true; curbside:true; delivery:true; shipToHome:false"
"0005480042343","Ben's Original Ready Rice Cheddar Broccoli Flavored Rice, Easy Dinner Side, 8.5 oz Pouch","Ben's Original","2.49","8.5 oz","HIGH","inStore:true; curbside:true; delivery:true; shipToHome:false"
"0005480042340","Ben's Original Ready Rice Creamy Four Cheese Flavored Rice, Easy Dinner Side, 8.5 oz Pouch","Ben's Original","2.49","8.5 oz","HIGH","inStore:true; curbside:true; delivery:true; shipToHome:false"
"0001111010588","Kroger® 90 Second Microwavable Long Grain & Wild Rice","Kroger","1.49","8.8 oz","HIGH","inStore:true; curbside:true; delivery:true; shipToHome:false"
"0001740022426","Minute Cilantro & Lime Jasmine Rice","Minute","2.19","8.8 onz","HIGH","inStore:true; curbside:true; delivery:true; shipToHome:false"
"0007142908145","Zatarain's Enriched Parboiled Long Grain Rice","Zatarain's","4.39","2 lb","HIGH","inStore:true; curbside:true; delivery:true; shipToHome:false"
"0007152400027","La Preferida® Extra Long Grain Rice","La Preferida","4.99","5 lb","HIGH","inStore:true; curbside:true; delivery:true; shipToHome:false"
"0005480042577","Ben's Original Ready Rice Coconut Jasmine Family Size Rice, Easy Dinner Side, 17.3 oz Pouch","Ben's Original","4.49","17.3 oz","HIGH","inStore:false; curbside:false; delivery:false; shipToHome:false"
"0002392610502","Doguet's Jasmine Rice","Doguet's","3.99","2 lb","","inStore:false; curbside:false; delivery:false; shipToHome:false"
"0005480042575","Ben's Original Ready Rice Roasted Chicken Flavored Family Size Rice, Easy Dinner Side, 17.3 oz Pouch","Ben's Original","4.49","17.3 oz","HIGH","inStore:false; curbside:false; delivery:false; shipToHome:false"
"0005480042455","Ben's Original Ready Rice Basmati Rice, Easy Dinner Side, 17.3 oz Pouch","Ben's Original","4.49","17.3 oz","HIGH","inStore:true; curbside:true; delivery:true; shipToHome:false"
"0004133102635","Goya® Canilla® Extra Long Grain Rice","GOYA","5.49","5 lb","HIGH","inStore:true; curbside:true; delivery:true; shipToHome:false"
"0005480042576","Ben's Original Ready Rice Cilantro Lime Flavored Family Size Rice, Easy Dinner Side, 17.3 oz Pouch","Ben's Original","4.49","17.3 oz","HIGH","inStore:true; curbside:true; delivery:true; shipToHome:false"
"0002392610105","Doguets® Extra Fancy Medium Grain Rice","Doguet's","8.99","5 lb","","inStore:false; curbside:false; delivery:false; shipToHome:false"
"0001115221347","Tamanishiki® Super Premimum Rice","Tamanishiki","2.99","7.4 oz","TEMPORARILY_OUT_OF_STOCK","inStore:true; curbside:true; delivery:true; shipToHome:false"
"0004100000939","Knorr Chicken Fried Rice Cup","Knorr","2.99","2.6 oz","HIGH","inStore:false; curbside:false; delivery:false; shipToHome:false"
"0007142901227","Zatarain's Spanish Rice","Zatarain's","1.99","6.9 oz","HIGH","inStore:true; curbside:true; delivery:true; shipToHome:false"
"0005480042536","BEN'S ORIGINAL Dry Jasmine Rice, 1.75 lb Box","Ben's Original","4.79","1.75 lb","HIGH","inStore:false; curbside:false; delivery:false; shipToHome:false"
"0074504240002","Authentic Royal Ready-to-Heat Long Grain White Basmati Rice, 8.5 oz","Royal","2.29","8.5 oz","TEMPORARILY_OUT_OF_STOCK","inStore:false; curbside:false; delivery:false; shipToHome:false"
"0001111013828","Kroger® Spanish Rice Cups","Kroger","1.99","2 ct / 4.4 oz","TEMPORARILY_OUT_OF_STOCK","inStore:false; curbside:false; delivery:false; shipToHome:false"
"0001740010039","Success Boil-in-Bag Indian Basmati Rice, Gluten-Free, Non-GMO, 4 Bags","Success","2.49","14 onz","HIGH","inStore:true; curbside:true; delivery:true; shipToHome:false"
"0001740014038","Minute® Gluten-Free Ready to Serve Brown Rice & Quinoa","Minute","2.19","2 ct / 4.4 oz","HIGH","inStore:true; curbside:true; delivery:true; shipToHome:false"
"0007225100211","Near East® Garlic & Herb Rice Pilaf Mix","Near East","2.99","6.3 oz","HIGH","inStore:true; curbside:true; delivery:true; shipToHome:false"
"0005480042565","Ben's Original Ready Rice Spicy Mexican Style Flavored Rice, Easy Dinner Side, 8.5 oz Pouch","Ben's Original","2.49","8.5 oz","HIGH","inStore:true; curbside:true; delivery:true; shipToHome:false"
"0005480042365","Ben's Original Fast Cook Long Grain Rice and Wild Flavored Rice, 6.2 oz Box","Uncle Ben's","2.79","6.2 oz","HIGH","inStore:true; curbside:true; delivery:true; shipToHome:false"
"0004133102685","Goya® Family Size Spanish Style Yellow Rice","GOYA","2.99","14 oz","TEMPORARILY_OUT_OF_STOCK","inStore:false; curbside:false; delivery:false; shipToHome:false"
"0005480042524","Ben's Original Whole Grain Brown Rice, 2 lb Bag","Ben's Original","4.99","2 lb","HIGH","inStore:true; curbside:true; delivery:true; shipToHome:false"
"0001111015411","Kroger® Arborio Rice","Kroger","2.99","1 lb","HIGH","inStore:true; curbside:true; delivery:true; shipToHome:false"
"0001740022443","Minute Butter & Sea Salt Jasmine Rice","Minute","2.19","8.8 onz","HIGH","inStore:true; curbside:true; delivery:true; shipToHome:false"
"0003915600604","Louisiana® New Orleans Style Red Beans & Rice Mix","Louisiana Fish Fry","1.69","7 oz","","inStore:false; curbside:false; delivery:false; shipToHome:false"
"0089874700165","Jambalaya Girl 8 oz Yellow Rice","Jambalaya Girl","3.99","8 oz.","","inStore:false; curbside:false; delivery:false; shipToHome:false"
"0007341600430","Lundberg Family Farms® Sustainable Wild Blend® Rice","Lundberg Family Farms","5.49","16 oz","HIGH","inStore:true; curbside:true; delivery:true; shipToHome:false"
"0003915600606","Louisiana® Cajun Gumbo & Rice Mix","Louisiana Fish Fry","1.69","8 oz","","inStore:false; curbside:false; delivery:false; shipToHome:false"
"0081620202028","4Sisters® Aromatic Jasmine White Rice","4Sisters","6.99","32 oz","HIGH","inStore:true; curbside:true; delivery:true; shipToHome:false"
"0081620202105","4Sisters® Organic Long Grain Brown Rice","4Sisters","6.99","32 oz","HIGH","inStore:false; curbside:false; delivery:false; shipToHome:false"
"0005480042356","Ben's Original Enriched Long Grain White Rice, Parboiled Rice, 5 lb Bag","Ben's Original","9.99","5 lb","HIGH","inStore:true; curbside:true; delivery:true; shipToHome:false"
"0001740011850","Minute® Gluten-Free Instant Brown Rice","Minute","4.99","28 oz","HIGH","inStore:true; curbside:true; delivery:true; shipToHome:false"
"0001740014003","Minute® Gluten-Free Ready to Serve Yellow Rice","Minute","2.19","2 pk / 4.4 oz","TEMPORARILY_OUT_OF_STOCK","inStore:false; curbside:false; delivery:false; shipToHome:false"
"0002392610003","Doguet's Extra Fancy Long Grain Rice","Doguet's","4.79","3 lb","","inStore:false; curbside:false; delivery:false; shipToHome:false"
"0001740014002","Minute® Gluten-Free Ready to Serve Chicken & Herb Seasoned Rice","Minute","2.19","2 pk / 4.4 oz","HIGH","inStore:true; curbside:true; delivery:true; shipToHome:false"
"0005480042351","Ben's Original Ready Rice Fried Flavored Rice, Easy Dinner Side, 8.5 oz Pouch","Ben's Original","2.49","8.5 oz","HIGH","inStore:true; curbside:true; delivery:true; shipToHome:false"
"0075710701114","Veetee® Steam Filtered™ Perfectly Fluffy Thai Lime & Herb Rice","Veetee","2.99","10.6 oz","HIGH","inStore:false; curbside:false; delivery:false; shipToHome:false"
"0001111013886","Private Selection® Chef Blend Rice","Private Selection","6.49","21 oz","HIGH","inStore:false; curbside:false; delivery:false; shipToHome:false"
"0001111013885","Private Selection® Arborio Rice","Private Selection","6.49","32 oz","HIGH","inStore:false; curbside:false; delivery:false; shipToHome:false"
"0001111015345","Kroger® Basmati Rice","Kroger","17.99","10 lb","HIGH","inStore:true; curbside:true; delivery:true; shipToHome:false"
"0078273301214","Tasty Bite Organic Jasmine Rice 8.8oz Fragrant Jasmine Rice","Tasty Bite","3.49","8.8 oz","HIGH","inStore:false; curbside:false; delivery:false; shipToHome:false"
"0074504244201","Royal® 100% Organic Sona Masoori Medium Grain White Rice","Royal","37.99","20 lb","","inStore:false; curbside:false; delivery:false; shipToHome:false"
"0007142909943","Zatarain's Black Beans & Rice Dinner Mix","Zatarain's","2.39","7 oz","HIGH","inStore:true; curbside:true; delivery:true; shipToHome:false"
"0085045100893","Ralston Family Farms™ Heat & Eat Citrus & Dill Mediterranean Basmati Rice","Ralston Family Farms","3.99","8.5 oz","HIGH","inStore:false; curbside:false; delivery:false; shipToHome:false"
"0006414404748","Chef Boyardee Rice with Chicken & Vegetables, Microwavable Meal, 7.25 oz Bowl","Chef Boyardee","1.5","7.250 oz","HIGH","inStore:true; curbside:true; delivery:true; shipToHome:false"
"0001111084706","Kroger® Long Grain Rice","Kroger","6.99","10 lb","HIGH","inStore:true; curbside:true; delivery:true; shipToHome:false"
"0074504210056","Authentic Royal Naturally Aged Indian White Basmati Rice, Long-Grain, Gluten-free - 5 lbs","Royal","11.99","5 lb","HIGH","inStore:false; curbside:false; delivery:false; shipToHome:false"
"0081620202032","4Sisters® Authentic Short Grain Jasponica Sushi Rice","4Sisters","6.99","32 oz","HIGH","inStore:true; curbside:true; delivery:true; shipToHome:false"
"0005480042348","Ben's Original Ready Rice Brown Basmati Rice, Easy Dinner Side, 8.5 oz Pouch","Ben's Original","2.49","8.5 oz","HIGH","inStore:true; curbside:true; delivery:true; shipToHome:false"
"0004133102620","Goya® Jasmine Rice","GOYA","13.99","5 lb","HIGH","inStore:true; curbside:true; delivery:true; shipToHome:false"
"0003000057791","Quaker Sweet Chili Rice Crisps","Quaker","6.49","8.5 oz","HIGH","inStore:true; curbside:true; delivery:true; shipToHome:false"
"0007618600052","Sapporo Ichiban® Japanese Style Noodles & Chicken Flavored Soup Family Pack","Sapporo Ichiban","5.49","5 ct / 3.5 oz","LOW","inStore:true; curbside:true; delivery:true; shipToHome:false"
"0003000057671","Quaker Dill Pickle Rice Crisps","Quaker","2.49","3 oz","TEMPORARILY_OUT_OF_STOCK","inStore:false; curbside:false; delivery:false; shipToHome:false"
"0003000058082","Quaker Protein Tangy Barbecue Rice Crisps","Quaker","2.49","2.6 oz","TEMPORARILY_OUT_OF_STOCK","inStore:true; curbside:true; delivery:true; shipToHome:false"
"0007199808340","Tony Chachere's® Creole Jambalaya Dinner Mix","Tony Chachere's","2.99","12 oz","TEMPORARILY_OUT_OF_STOCK","inStore:false; curbside:false; delivery:false; shipToHome:false"
"0003114606785","Nongshim® Shin Gold","Nongshim","3.29","4.58 oz","LOW","inStore:true; curbside:true; delivery:true; shipToHome:false"
"0008968617168","Indomie® Mi Goreng Hot & Spicy Stir Fry Instant Noodles","Indomie","5.49","5 ct / 2.82 oz","LOW","inStore:true; curbside:true; delivery:true; shipToHome:false"
"0003000057511","Quaker Cheddar Rice Crisps","Quaker","6.49","8.5 oz","HIGH","inStore:true; curbside:true; delivery:true; shipToHome:false"
"0081007555030","O'Food Sweet Potato Glass Noodle","O'Food","2.29","3.5 oz","HIGH","inStore:true; curbside:true; delivery:true; shipToHome:false"
"0003000057512","Quaker Caramel Rice Crisps","Quaker","6.49","9.8 oz","LOW","inStore:true; curbside:true; delivery:true; shipToHome:false"
"0071146450684","Blue Dragon Medium Rice Noodles 10.5oz","Blue Dragon","4.29","10.5 oz","HIGH","inStore:true; curbside:true; delivery:true; shipToHome:false"
"0880905440019","Yopokki Cheese Sauce Rice Cake","Yopokki","3.49","4.23 oz","LOW","inStore:true; curbside:true; delivery:true; shipToHome:false"
"0085790000540","Drizzilicious® Mini Rice Cakes-Birthday Cake","Drizzilicious","3.99","4 oz","TEMPORARILY_OUT_OF_STOCK","inStore:true; curbside:true; delivery:true; shipToHome:false"
"0007236851105","DeLallo® Quick Cook Cheese Risotto","DeLallo","4.29","6.2 oz","HIGH","inStore:true; curbside:true; delivery:true; shipToHome:false"
"0001115215711","Tamanishiki® Super Premimum Short Grain Rice","Tamanishiki","12.19","4.4 lb","LOW","inStore:true; curbside:true; delivery:true; shipToHome:false"
"0003000016931","Quaker Chocolate Rice Crisps","Quaker","2.49","3.52 oz","LOW","inStore:true; curbside:true; delivery:true; shipToHome:false"
"0003000016900","Quaker Apple Cinnamon Rice Cakes","Quaker","3.99","6.53 oz","HIGH","inStore:true; curbside:true; delivery:true; shipToHome:false"
"0880905440903","Yopokki Sweet & Spicy Topokki Rice Cake","Yopokki","3.49","4.93 oz","LOW","inStore:true; curbside:true; delivery:true; shipToHome:false"
"0003000016901","Quaker Lightly Salted Rice Cakes","Quaker","3.99","4.47 oz","HIGH","inStore:true; curbside:true; delivery:true; shipToHome:false"
"0089874700113","Jambalaya Girl ® Jambalaya","Jambalaya Girl","4.19","8 oz","","inStore:false; curbside:false; delivery:false; shipToHome:false"
"0003000016947","Quaker Chocolate Rice Cakes","Quaker","3.99","7.23 oz","TEMPORARILY_OUT_OF_STOCK","inStore:true; curbside:true; delivery:true; shipToHome:false"
"0003000058025","Quaker Jalapeno Cheddar Rice Crisps","Quaker","6.49","8.5 oz","HIGH","inStore:true; curbside:true; delivery:true; shipToHome:false"
"0007702810441","Haddar® Multigrain Himalayan Salt Rice Cakes","Haddar","2.79","3.5 oz","","inStore:false; curbside:false; delivery:false; shipToHome:false"
"0019269900105","Samyang™ Tangle™ Creamy Mushroom Pasta Big Bowl","Samyang Foods","3.29","3.7 oz","LOW","inStore:true; curbside:true; delivery:true; shipToHome:false"
"0001111035792","Kroger® Caramel Rice Cakes","Kroger","2.79","6.56 oz","TEMPORARILY_OUT_OF_STOCK","inStore:false; curbside:false; delivery:false; shipToHome:false"
"0003000016909","Quaker White Cheddar Rice Cakes","Quaker","3.99","5.5 oz","HIGH","inStore:true; curbside:true; delivery:true; shipToHome:false"
"0003000058062","Quaker Korean Style Barbecue Rice Crisps","Quaker","2.49","3.03 oz","HIGH","inStore:true; curbside:true; delivery:true; shipToHome:false"
"0001111013887","Private Selection® Pearl Couscous","Private Selection","6.49","24.5 oz","HIGH","inStore:false; curbside:false; delivery:false; shipToHome:false"
"0003114602286","Nongshim® Shin Ramyun (4F-Pk)","Nongshim","6.29","16.9 oz","HIGH","inStore:true; curbside:true; delivery:true; shipToHome:false"
"0007618600519","Sopporo Ichiban® Sriracha Yakisoba Japanese Style Noodles","Sapporo Ichiban","5.49","5 pk","TEMPORARILY_OUT_OF_STOCK","inStore:true; curbside:true; delivery:true; shipToHome:false"
"0001111035794","Kroger® White Cheddar Rice Cakes","Kroger","2.79","5.45 oz","TEMPORARILY_OUT_OF_STOCK","inStore:false; curbside:false; delivery:false; shipToHome:false"
"0001111035796","Kroger® Low Sodium Rice Cakes Bag","Kroger","2.79","4.9 oz","TEMPORARILY_OUT_OF_STOCK","inStore:false; curbside:false; delivery:false; shipToHome:false"
"0085790000516","Drizzilicious® Cinammon Swirl Mini Rice Cake Bites","Drizzilicious","3.99","4 oz","HIGH","inStore:true; curbside:true; delivery:true; shipToHome:false"
"0003000057975","Quaker Protein Chocloate Caramel Rice Crisps","Quaker","2.49","2.6 oz","TEMPORARILY_OUT_OF_STOCK","inStore:true; curbside:true; delivery:true; shipToHome:false"
"0085790000517","Drizzilicious® Mini Rice Cakes-S'more Drizzled","Drizzilicious","3.99","4 oz","TEMPORARILY_OUT_OF_STOCK","inStore:true; curbside:true; delivery:true; shipToHome:false"
"0003000016910","Quaker Caramel Rice Cakes","Quaker","3.99","6.5 oz","HIGH","inStore:true; curbside:true; delivery:true; shipToHome:false"
"0007142909101","Zatarain's Gumbo Mix","Zatarain's","2.39","7 oz","TEMPORARILY_OUT_OF_STOCK","inStore:false; curbside:false; delivery:false; shipToHome:false"
"0074504200127","Daawat® Ultima™ Basmati","Daawat","24.99","10 lb","","inStore:false; curbside:false; delivery:false; shipToHome:false"
"0880905440079","Yopokki Hot & Spicy Topokki Rice Cake","Yopokki","3.49","4.23 oz","LOW","inStore:true; curbside:true; delivery:true; shipToHome:false"
"0005480042584","Ben's Original Street Food Gumbo With Chicken Andouille Sausage Prepared Entrée Microwave In 90 Sec","Ben's Original","3.99","9 oz","TEMPORARILY_OUT_OF_STOCK","inStore:false; curbside:false; delivery:false; shipToHome:false"
"0007702810450","Haddar® Multigrain Sea Salt Rice Chips","Haddar","1.29","0.88 oz","","inStore:false; curbside:false; delivery:false; shipToHome:false"
"0007426501007","Wild Garden® Dill & Fava Pilaf","Wild Garden","2.47","8.8 oz","TEMPORARILY_OUT_OF_STOCK","inStore:false; curbside:false; delivery:false; shipToHome:false"
"0880107321036","Samyang® Buldak® Original Spicy Chicken Ramen Big Bowl","Buldak","3.49","3.7 oz","HIGH","inStore:true; curbside:true; delivery:true; shipToHome:false"
"0003000057624","Quaker Apple Cinnamon Rice Crisps","Quaker","6.49","9.8 oz","TEMPORARILY_OUT_OF_STOCK","inStore:true; curbside:true; delivery:true; shipToHome:false"
"0007341600014","Lundberg Family Farms® Organic Lightly Salted Brown Rice Cakes","Lundberg Family Farms","5.99","8.5 oz","LOW","inStore:true; curbside:true; delivery:true; shipToHome:false"
"0003114600926","Nongshim Shin Ramyun Red Spicy Beef","Nongshim","3.29","4.12 oz","LOW","inStore:true; curbside:true; delivery:true; shipToHome:false"
"0007618600051","Sapporo Ichiban® Original Japanese Style Noodles","Sapporo Ichiban","5.49","5 pk / 3.5 oz","HIGH","inStore:true; curbside:true; delivery:true; shipToHome:false"
"0019269900165","Buldak® Swicy Ramen Multipack","Buldak","7.99","5 ct / 4.58 oz","LOW","inStore:true; curbside:true; delivery:true; shipToHome:false"
"0002800027014","Maggi Korean Spicy BBQ Noodles Korean Instant Noodles 3 min Spicy Ramen 4PK","Maggi","4.99","4 packs of 3 oz","","inStore:false; curbside:false; delivery:false; shipToHome:false"
"0003114605810","Nongshim® Tonkotsu Ramen With Kuromayu Black Garlic Oil","Nongshim","3.29","3.56 oz","HIGH","inStore:true; curbside:true; delivery:true; shipToHome:false"
"0081011189031","Momofuku Soy & Scallion Noodle Packs","Momofuku","10.99","4 pk / 3.39 oz","","inStore:true; curbside:true; delivery:true; shipToHome:false"
"0003114600685","Shin Ramyum Red Fiery Spicy Beef","Nongshim","10.49","4 pk / 4.4 oz","LOW","inStore:true; curbside:true; delivery:true; shipToHome:false"
"0080717654111","Bibigo Extra Hot & Spicy Korean-Style Sauced Instant Ramyun Noodles","bibigo","2.99","3.46 oz","HIGH","inStore:true; curbside:true; delivery:true; shipToHome:false"
"0080717654110","Bibigo Sweet & Savory KBBQ Korean-Style Sauced Instant Ramyun Noodles","bibigo","2.99","3.46 oz","LOW","inStore:true; curbside:true; delivery:true; shipToHome:false"
"0080717654112","Bibigo Spicy Kimchi Korean-Style Sauced Instant Ramyun Noodles","bibigo","2.99","3.46 oz","TEMPORARILY_OUT_OF_STOCK","inStore:true; curbside:true; delivery:true; shipToHome:false"
"0880107314057","Buldak Original Multi","Buldak","7.99","24.65 oz","HIGH","inStore:true; curbside:true; delivery:true; shipToHome:false"
"0899496300237","Indomie Instant Chicken Curry Noodles","Indomie","5.49","5 pk / 14.1 oz","HIGH","inStore:true; curbside:true; delivery:true; shipToHome:false"
"0007066240803","Nissin Cup Noodles® Protein Hot & Spicy Chicken","Nissin","1.49","2.54 oz","TEMPORARILY_OUT_OF_STOCK","inStore:false; curbside:false; delivery:false; shipToHome:false"
"0007066240802","Nissin Cup Noodles Protein Rich & Savory Beef","Nissin","1.49","2.54 oz","TEMPORARILY_OUT_OF_STOCK","inStore:false; curbside:false; delivery:false; shipToHome:false"
"0007066230201","Nissin Top Ramen Hot Pot Fusions Korean Spicy Beef","Nissin","2.99","4.8 oz","TEMPORARILY_OUT_OF_STOCK","inStore:false; curbside:false; delivery:false; shipToHome:false"
"0007066230202","Nissin Top Ramen Hot Pot Fusions Thai Coconut Curry Chicken","Nissin","2.99","4.8 oz","TEMPORARILY_OUT_OF_STOCK","inStore:false; curbside:false; delivery:false; shipToHome:false"
"0019269900117","Samyang™ Tangle™ Creamy Mushroom Ramen","Tangle","8.99","4 pk / 3.7 oz","HIGH","inStore:true; curbside:true; delivery:true; shipToHome:false"
"0005206600345","Mama® Family Pack Pork Noodles","Mama","5.29","10.58 oz","","inStore:false; curbside:false; delivery:false; shipToHome:false"
"0005206600346","Mama® Shrimp Instant Noodles Packets","Mama","5.29","10.6 oz","","inStore:false; curbside:false; delivery:false; shipToHome:false"
"0007066250951","Nissin Bold Tastes of Tokyo Dan Dan Flavor 5pk","Nissin","7.99","5 pack","TEMPORARILY_OUT_OF_STOCK","inStore:true; curbside:true; delivery:true; shipToHome:false"
"0007066250952","Nissin Bold Tastes of Tokyo Miso Flavor 5pk","Nissin","7.99","5 pack","TEMPORARILY_OUT_OF_STOCK","inStore:true; curbside:true; delivery:true; shipToHome:false"
"0003114604750","Nongshim Ramyun Chef Bulgogi Stir Fry Noodles with Sauce","Nongshim","6.29","4 ct / 4.51 oz","LOW","inStore:true; curbside:true; delivery:true; shipToHome:false"
"0001111088283","Kroger® Chow Mein Noodles","Kroger","1.99","6 oz","HIGH","inStore:true; curbside:true; delivery:true; shipToHome:false"
"0899238813450","ABC Spicy Beef Cheese Street Noodles","ABC","6.49","12 oz","LOW","inStore:true; curbside:true; delivery:true; shipToHome:false"
"0899238813454","ABC Spicy Beef Street Noodles","ABC","6.49","11.3 oz","LOW","inStore:true; curbside:true; delivery:true; shipToHome:false"
"0003114604747","Nongshim Ramyun Chef Braised Beef Noodles with Soup Mix","Nongshim","6.29","4 ct / 4.09 oz","TEMPORARILY_OUT_OF_STOCK","inStore:true; curbside:true; delivery:true; shipToHome:false"
"0003114604744","Ramyun Chef Creamy Garlic Chicken","Ramyun Chef","6.29","4.23 oz","LOW","inStore:true; curbside:true; delivery:true; shipToHome:false"
"0003114601196","Nongshim Shin Stir Fry Spicy Beef Flavor","Nongshim","10.49","4.76 oz","LOW","inStore:true; curbside:true; delivery:true; shipToHome:false"
"0007618600518","Sapporo Ichiban® Chow Mein - 5 pack","Sapporo","5.49","3.6 oz / 5 pk","LOW","inStore:true; curbside:true; delivery:true; shipToHome:false"
"0001111006983","Kroger® Chow Mein Noodles","Kroger","1.99","6 oz","HIGH","inStore:true; curbside:true; delivery:true; shipToHome:false"
"0880107321166","Samyang™ Buldak® Spicy Chicken Flavored Ramen Cup","Buldak","2.19","2.82 oz","HIGH","inStore:true; curbside:true; delivery:true; shipToHome:false"
"0003114627060","Nongshim Noodle Soup Shin Cup","Nongshim","1.69","2.64 oz","HIGH","inStore:true; curbside:true; delivery:true; shipToHome:false"
"0880107321125","Samyang Buldak Cheese Spicy Chicken Flavored Ramen Cup","Buldak","2.19","2.46 oz","HIGH","inStore:true; curbside:true; delivery:true; shipToHome:false"
"0002800053731","Maggi Chinese Spicy Garlic Noodles Instant Noodles 3 min Medium Spicy 4PK","Maggi","4.99","4 packs of 3 oz","","inStore:false; curbside:false; delivery:false; shipToHome:false"
"0004178900563","Maruchan® Saucy Noods, Stir Fry Style Noodles, Spicy Chicken","Maruchan","3.99","3.3 oz","HIGH","inStore:true; curbside:true; delivery:true; shipToHome:false"
"0004178900564","Maruchan, Saucy Noods, Stir Fry Style Noodles, Spicy Creamy Chicken, Pack of 5","Maruchan","3.99","16.5 oz","HIGH","inStore:true; curbside:true; delivery:true; shipToHome:false"
"0004178900565","Maruchan® Saucy Noods, Stir Fry Style Noodles, Sweet Cheese","Maruchan","3.99","3.23 oz","HIGH","inStore:true; curbside:true; delivery:true; shipToHome:false"
"0004430012171","La Choy Chow Mein Noodles","La Choy","2.39","5 oz","HIGH","inStore:true; curbside:true; delivery:true; shipToHome:false"
"0880107321150","Samyang® Carbonara Buldak™ Spicy Chicken Big Bowl","Buldak","3.49","3.70 oz","HIGH","inStore:true; curbside:true; delivery:true; shipToHome:false"
"0080717654109","Bibigo Sweet & Spicy Korean-Style Sauced Instant Ramyun Noodles","bibigo","2.99","3.42 oz","LOW","inStore:true; curbside:true; delivery:true; shipToHome:false"
"0008968617079","IndoMie® Instant Noodles","Indomie","5.49","5 ct / 3 oz","HIGH","inStore:true; curbside:true; delivery:true; shipToHome:false"
"0880107321077","Samyang® Buldak Spicy Chicken Flavored Stir-Fried Ramen Cup","Buldak","2.19","2.47 oz","HIGH","inStore:true; curbside:true; delivery:true; shipToHome:false"
"0081007555363","O'food Real Fiery Kimchi Stir-Fried Ramen","O'Food","3.29","5.39 oz","LOW","inStore:true; curbside:true; delivery:true; shipToHome:false"
"0081007555361","O'food Real Kimchi Ramen","O'Food","3.29","4.93 oz","HIGH","inStore:true; curbside:true; delivery:true; shipToHome:false"
"0001111071789","Kroger® Great Northern Beans","Kroger","1","15.5 oz","HIGH","inStore:true; curbside:true; delivery:true; shipToHome:false"
"0001111071787","Kroger® Dark Red Kidney Beans","Kroger","1","15.5 oz","HIGH","inStore:true; curbside:true; delivery:true; shipToHome:false"
"0001111011481","Kroger® No Salt Cut Canned Green Beans","Kroger","1","14.5 oz","HIGH","inStore:true; curbside:true; delivery:true; shipToHome:false"
"0002400025071","Del Monte Blue Lake Farmhouse Cut Green Beans","Del Monte","1.89","14.5 oz","HIGH","inStore:true; curbside:true; delivery:true; shipToHome:false"
"0001111011447","Kroger® Whole Green Beans","Kroger","1.09","14.5 oz","HIGH","inStore:true; curbside:true; delivery:true; shipToHome:false"
"0001111011444","Kroger® Italian Style Cut Green Beans","Kroger","1.09","14.5 oz","HIGH","inStore:true; curbside:true; delivery:true; shipToHome:false"
"0002400052579","Del Monte Blue Lake 50% Less Sodium French Style Green Beans","Del Monte","1.89","14.5 oz","HIGH","inStore:true; curbside:true; delivery:true; shipToHome:false"
"0001111011442","Kroger® No Salt Added French Style Sliced Green Beans","Kroger","1","14.5 oz","HIGH","inStore:true; curbside:true; delivery:true; shipToHome:false"
"0001111085713","Simple Truth Organic Cut Green Beans - 14.5oz can","Simple Truth Organic","1.79","14.5 oz","HIGH","inStore:true; curbside:true; delivery:true; shipToHome:false"
"0001111010916","Smart Way™ Cut Green Beans","Smart Way","0.78","14.5 oz","HIGH","inStore:true; curbside:true; delivery:true; shipToHome:false"
"0001111072567","Kroger® Black Beans","Kroger","1","15.25 oz","HIGH","inStore:true; curbside:true; delivery:true; shipToHome:false"
"0001111072565","Pinto Beans","Kroger","1","15.5 oz","HIGH","inStore:true; curbside:true; delivery:true; shipToHome:false"
"0002400016289","Del Monte® Fresh Cut® Blue Lake® French Style Green Beans, 14.5 oz. Can","Del Monte","1.79","14.5 onz","HIGH","inStore:true; curbside:true; delivery:true; shipToHome:false"
"0001111082428","SIMPLE TRUTH ORGANIC NO SALT GREEN BEANS - 14.5oz can","Simple Truth Organic","1.79","14.5 oz","HIGH","inStore:true; curbside:true; delivery:true; shipToHome:false"
"0002400001271","Del Monte Cut Green Beans","Del Monte","4.99","50 oz","HIGH","inStore:true; curbside:true; delivery:true; shipToHome:false"
"0078162400805","Isadora Refried Original Beans 15.2","Isadora","3.49","15.2 oz","HIGH","inStore:true; curbside:true; delivery:true; shipToHome:false"
"0003470001220","Allens® Italian Green Beans","Allens","3.79","38 oz","TEMPORARILY_OUT_OF_STOCK","inStore:false; curbside:false; delivery:false; shipToHome:false"
"0073639370100","Glory Foods® Seasoned Southern Style Green Beans","Glory Foods","3.29","27 oz","HIGH","inStore:true; curbside:true; delivery:true; shipToHome:false"
"0001111010642","Kroger® Dark Red Kidney Beans","Kroger","","15.5 oz","","inStore:false; curbside:false; delivery:false; shipToHome:false"
"0088439520780","Sun Vista® Pinto Beans","Sun Vista","2.99","40 oz","HIGH","inStore:true; curbside:true; delivery:true; shipToHome:false"
"0003940001810","Bush's Pinto Beans 16 oz","Bush's Best","1.49","16 oz","HIGH","inStore:true; curbside:true; delivery:true; shipToHome:false"
"0002400016286","Del Monte® Fresh Cut® Blue Lake® Cut Green Beans 14.5 oz. Can","Del Monte","1.79","14.5 onz","HIGH","inStore:true; curbside:true; delivery:true; shipToHome:false"
"0003940001614","BUSH'S Original Baked Beans 28 oz","Bush's Best","2.99","28 oz","HIGH","inStore:true; curbside:true; delivery:true; shipToHome:false"
"0003940001977","Bush's Brown Sugar Hickory Baked Beans 28 oz","Bush's Best","2.99","28 oz","HIGH","inStore:true; curbside:true; delivery:true; shipToHome:false"
"0001111081701","Kroger Cannellini Beans - 15.5oz can","Kroger","1","15.5 oz","HIGH","inStore:true; curbside:true; delivery:true; shipToHome:false"
"0002400016287","Del Monte No Salt Added Cut Green Beans","Del Monte","1.89","14.5 oz","HIGH","inStore:true; curbside:true; delivery:true; shipToHome:false"
"0001111013233","Simple Truth Organic® Cut Canned Green Beans BIG DEAL!","Simple Truth","6.49","4 ct / 14.5 oz","HIGH","inStore:true; curbside:true; delivery:true; shipToHome:false"
"0001111089864","Kroger® Pinto Beans","Kroger","2.29","32 oz","HIGH","inStore:true; curbside:true; delivery:true; shipToHome:false"
"0004430010733","Rosarita Spicy Jalapeño Refried Beans, Canned Beans","Rosarita","1.79","16 oz","HIGH","inStore:true; curbside:true; delivery:true; shipToHome:false"
"0001111010649","Kroger® Cannellini Beans","Kroger","","15.5 oz","","inStore:false; curbside:false; delivery:false; shipToHome:false"
"0001111010647","Kroger® Black Beans","Kroger","","15.5 oz","","inStore:false; curbside:false; delivery:false; shipToHome:false"
"0001111010646","Kroger® Pinto Beans","Kroger","","15.5 oz","","inStore:false; curbside:false; delivery:false; shipToHome:false"
"0001111086503","Kroger® Traditional Refried Beans","Kroger","1.19","16 oz","HIGH","inStore:true; curbside:true; delivery:true; shipToHome:false"
"0003940001880","Bush's Black Beans 15 oz","Bush's Best","1.49","15 oz","HIGH","inStore:true; curbside:true; delivery:true; shipToHome:false"
"0004690000108","Ranch Style Canned Pinto Beans","Conagra Foods","1.5","15 oz","HIGH","inStore:true; curbside:true; delivery:true; shipToHome:false"
"0002400055076","Del Monte Blue Lake Cut Green Beans","Del Monte","6.49","4 ct / 14.5 oz","HIGH","inStore:true; curbside:true; delivery:true; shipToHome:false"
"0002400055077","Del Monte Blue Lake French Style Green Beans","Del Monte","6.49","4 ct / 14.5 oz","HIGH","inStore:true; curbside:true; delivery:true; shipToHome:false"
"0001111089681","Kroger® Pinto Beans","Kroger","1.19","16 oz","HIGH","inStore:true; curbside:true; delivery:true; shipToHome:false"
"0002880010314","Hanover Garden Fresh Blue Lake Cut Green Beans","Hanover","3.79","50 oz","HIGH","inStore:true; curbside:true; delivery:true; shipToHome:false"
"0001111011479","Kroger® Cut Green Beans","Kroger","5.79","102 oz","HIGH","inStore:true; curbside:true; delivery:true; shipToHome:false"
"0007152401172","La Preferida® Pinto Beans","La Preferida","1.69","16 oz","HIGH","inStore:true; curbside:true; delivery:true; shipToHome:false"
"0001111011436","Kroger® Cut Extra Canned Green Beans","Kroger","1.09","14.5 oz","HIGH","inStore:true; curbside:true; delivery:true; shipToHome:false"
"0073639370200","Glory Foods® Seasoned Southern Style Green Beans With Potatoes","Glory Foods","3.29","29 oz","HIGH","inStore:true; curbside:true; delivery:true; shipToHome:false"
"0001111011475","Kroger® French Style Sliced Green Beans","Kroger","1","14.5 oz","HIGH","inStore:true; curbside:true; delivery:true; shipToHome:false"
"0004430010637","Rosarita Traditional Refried Beans, Canned Beans","Rosarita","2.99","30 oz","HIGH","inStore:true; curbside:true; delivery:true; shipToHome:false"
"0001111011473","Kroger® Cut Canned Green Beans","Kroger","1","14.5 oz","HIGH","inStore:true; curbside:true; delivery:true; shipToHome:false"
"0001111011474","Kroger F/s Green Beans","Kroger","3.79","14.5","HIGH","inStore:true; curbside:true; delivery:true; shipToHome:false"
"0073639370407","Glory Foods® Reduced Sodium Green Beans","Glory Foods","2.29","14.5 oz","HIGH","inStore:true; curbside:true; delivery:true; shipToHome:false"
"0001111012209","Kroger® No Salt Added Black Beans","Kroger","1","15.25 oz","HIGH","inStore:true; curbside:true; delivery:true; shipToHome:false"
"0004430010632","Rosarita Traditional Refried Beans, Canned Beans","Rosarita","1.79","16 oz","HIGH","inStore:true; curbside:true; delivery:true; shipToHome:false"
"0001111089594","Kroger® Great Northern Beans","Kroger","1.99","16 oz","HIGH","inStore:true; curbside:true; delivery:true; shipToHome:false"
"0004133102479","Goya® Black Beans","GOYA","1.99","16 oz","HIGH","inStore:true; curbside:true; delivery:true; shipToHome:false"
"0007152401196","La Preferida® Chick Peas Garbanzo Dry Beans","La Preferida","1.69","16 oz","HIGH","inStore:true; curbside:true; delivery:true; shipToHome:false"
"0004133102472","Goya Pinto Beans","GOYA","1.99","16 oz","HIGH","inStore:true; curbside:true; delivery:true; shipToHome:false"
"0004133102471","Goya® Red Kidney Beans","GOYA","2.69","16 oz","HIGH","inStore:true; curbside:true; delivery:true; shipToHome:false"
"0001111012212","Simple Truth Organic® Low Sodium Black Beans","Simple Truth Organic","1.25","15 oz","HIGH","inStore:true; curbside:true; delivery:true; shipToHome:false"
"0001111012210","Simple Truth Organic® Low Sodium Garbanzo Beans","Simple Truth Organic","1.25","15 oz","HIGH","inStore:true; curbside:true; delivery:true; shipToHome:false"
"0002520000113","Hurst's® Hambeens® Regular 15 Bean Soup®","Hurst's","3.19","20 oz","HIGH","inStore:true; curbside:true; delivery:true; shipToHome:false"
"0001111089833","Kroger® Great Northern Beans","Kroger","2.69","2 lb","HIGH","inStore:true; curbside:true; delivery:true; shipToHome:false"
"0001111089634","Kroger® Large Lima Beans","Kroger","2.49","16 oz","HIGH","inStore:true; curbside:true; delivery:true; shipToHome:false"
"0088439520772","Sun Vista® Pinto Beans","Sun Vista","2.29","29 oz","HIGH","inStore:true; curbside:true; delivery:true; shipToHome:false"
"0003470040513","Allens® Seasoned Blue Lake Green Beans","Allens","4.29","38 oz","HIGH","inStore:true; curbside:true; delivery:true; shipToHome:false"
"0003470040512","Allens® Blue Lake Green Beans","Allens","4.29","38 oz","HIGH","inStore:true; curbside:true; delivery:true; shipToHome:false"
"0002400056667","Del Monte Reduced Sodium Cut Green Beans","Del Monte","1.89","14.5 oz","HIGH","inStore:true; curbside:true; delivery:true; shipToHome:false"
"0002400001393","Del Monte Blue Lake Cut Green Beans","Del Monte","1.49","8 oz","HIGH","inStore:true; curbside:true; delivery:true; shipToHome:false"
"0007152401265","La Preferida® Mayo Coba Beans","La Preferida","4.99","2 lb","HIGH","inStore:true; curbside:true; delivery:true; shipToHome:false"
"0001111010643","Kroger® Great Northern Beans","Kroger","","15.5 oz","","inStore:false; curbside:false; delivery:false; shipToHome:false"
"0002400026118","Del Monte No Soy Teriyaki Whole Green Beans","Del Monte","2.79","14.5 oz","HIGH","inStore:true; curbside:true; delivery:true; shipToHome:false"
"0001111089622","Kroger® Small Red Beans","Kroger","2.29","16 oz","HIGH","inStore:true; curbside:true; delivery:true; shipToHome:false"
"0001111089668","Kroger® Navy Beans","Kroger","1.69","16 oz","HIGH","inStore:true; curbside:true; delivery:true; shipToHome:false"
"0002400001830","Del Monte Blue Lake Cut Green Beans","Del Monte","2.99","28 oz","HIGH","inStore:true; curbside:true; delivery:true; shipToHome:false"
"0001111089620","Kroger® Light Red Kidney Beans","Kroger","2.29","16 oz","TEMPORARILY_OUT_OF_STOCK","inStore:false; curbside:false; delivery:false; shipToHome:false"
"0007152401215","La Preferida® Black Beans Dry","La Preferida","1.69","16 oz","HIGH","inStore:true; curbside:true; delivery:true; shipToHome:false"
"0003470001219","Allens® Italian Green Beans","Allens","3.29","28 oz","HIGH","inStore:true; curbside:true; delivery:true; shipToHome:false"
"0003470001218","Allens Seasoned Cut Italian Green Beans","Allens","3.29","28 oz","HIGH","inStore:true; curbside:true; delivery:true; shipToHome:false"
"0007152401255","La Preferida® Black Beans","La Preferida","5.99","4 lb","HIGH","inStore:true; curbside:true; delivery:true; shipToHome:false"
"0007152401253","La Preferida® Lentils Dry Beans","La Preferida","1.69","16 oz","HIGH","inStore:true; curbside:true; delivery:true; shipToHome:false"
"0078162400695","Verde Valle Mayocoba Beans","Verde Valle","6.49","32 oz","HIGH","inStore:true; curbside:true; delivery:true; shipToHome:false"
"0003940001606","Bush's Original Baked Beans 8.3 oz","Bush's Best","1.79","8.3 oz","HIGH","inStore:true; curbside:true; delivery:true; shipToHome:false"
"0002400016293","Del Monte® harvest Selects Blue Lake Whole Green Beans","Del Monte","2.79","14.5 oz","HIGH","inStore:true; curbside:true; delivery:true; shipToHome:false"
"0003470001255","Allens Cut Italian Green Beans","Allens","8.49","104 oz","TEMPORARILY_OUT_OF_STOCK","inStore:false; curbside:false; delivery:false; shipToHome:false"
"0003470001211","Allens® Cut Italian Green Beans","Allens","2.19","14.5 oz","HIGH","inStore:true; curbside:true; delivery:true; shipToHome:false"
"0003597135902","Sun Yun Bean Sprouts","Sun Yun","2.79","12 oz","TEMPORARILY_OUT_OF_STOCK","inStore:true; curbside:true; delivery:true; shipToHome:false"
"0001111089650","Kroger® Baby Lima Beans","Kroger","2.39","16 oz","HIGH","inStore:true; curbside:true; delivery:true; shipToHome:false"
"0001111089730","Kroger® Frozen Green Beans Cut","Kroger","1.29","12 oz","HIGH","inStore:true; curbside:true; delivery:true; shipToHome:false"
"0001111011472","Kroger® Cut Green Beans BIG DEAL!","Kroger","3.79","4 ct / 14.5 oz","HIGH","inStore:true; curbside:true; delivery:true; shipToHome:false"
"0007152401125","La Preferida® Pinto Beans","La Preferida","3.29","2 lb","HIGH","inStore:true; curbside:true; delivery:true; shipToHome:false"
"0003607247004","Ragin' Cajun™ Seasoned Red Beans","Ragin Cajun Fixin's","5.99","16 oz","","inStore:false; curbside:false; delivery:false; shipToHome:false"
"0001111084753","Kroger® Pinto Beans","Kroger","4.49","4 lb","HIGH","inStore:true; curbside:true; delivery:true; shipToHome:false"
"0001111012365","Kroger® Cut Green Bean Cups","Kroger","1.99","2 ct / 7 oz","HIGH","inStore:true; curbside:true; delivery:true; shipToHome:false"
"0001111080238","Kroger No Salt Cut Green Beans - 8oz can","Kroger","0.69","8 oz","HIGH","inStore:true; curbside:true; delivery:true; shipToHome:false"
"0001111089687","Kroger® Black Beans","Kroger","1.89","16 oz","HIGH","inStore:true; curbside:true; delivery:true; shipToHome:false"
"0002520000102","Hurst's® Hambeens Pinto Beans With Ham Flavor","Hurst's","3.19","20 oz","TEMPORARILY_OUT_OF_STOCK","inStore:false; curbside:false; delivery:false; shipToHome:false"
"0001111089689","Kroger® Garbanzo Beans","Kroger","1.49","16 oz","HIGH","inStore:true; curbside:true; delivery:true; shipToHome:false"
"0003710018000","Libby's® Cut Green Beans Cups","Libby's","2.79","4 ct / 4 oz","LOW","inStore:true; curbside:true; delivery:true; shipToHome:false"
"0003940001594","Bush's Homestyle Baked Beans 28 oz","Bush's Best","2.99","28 oz","HIGH","inStore:true; curbside:true; delivery:true; shipToHome:false"
"0019056952921","Green Giant Restaurant Style Garlic Parmesan Green Beans","Green Giant","3.79","12 oz","HIGH","inStore:true; curbside:true; delivery:true; shipToHome:false"
"0002310015126","Cesar Wholesome Meals Adult Wet Dog Food Beef, Chicken, Carrots, Barley & Green Beans Recipe","Cesar","10.99","17.6 oz","HIGH","inStore:true; curbside:true; delivery:true; shipToHome:false"
"0005220017200","Beech-Nut Naturals Stage 2 Baby Food, Sweet Corn & Green Beans","Beech-Nut","1.39","4 oz","HIGH","inStore:true; curbside:true; delivery:true; shipToHome:false"
"0005000057578","Purina Friskies Tender and Crunchy Combo of Chicken, Beef, Carrots and Green Beans Dry Cat Food","Friskies","17.49","16 lb","LOW","inStore:true; curbside:true; delivery:true; shipToHome:false"
"0004133102476","Goya® Lentils","GOYA","2.29","16 oz","HIGH","inStore:true; curbside:true; delivery:true; shipToHome:false"
"0004133102478","Goya® Chick Peas","GOYA","2.49","16 oz","HIGH","inStore:true; curbside:true; delivery:true; shipToHome:false"
"0001901402520","Iams Proactive Health Adult Canned Wet Dog Food Beef Rice Carrots & Green Beans Chunks in Gravy","IAMS","2.79","13 oz","HIGH","inStore:true; curbside:true; delivery:true; shipToHome:false"
"0085420600301","Green Beans Bag","","2.19","1.5 lb","HIGH","inStore:true; curbside:true; delivery:true; shipToHome:false"
"0080394423176","4Earth Organic Green Beans","","","32 oz","LOW","inStore:true; curbside:true; delivery:true; shipToHome:false"
"0001111011448","Kroger® Cut Wax Beans","Kroger","1.09","14.5 oz","HIGH","inStore:true; curbside:true; delivery:true; shipToHome:false"
"0001111015370","Kroger® Steamable Whole Green Beans","Kroger","1.89","10.8 oz","HIGH","inStore:true; curbside:true; delivery:true; shipToHome:false"
"0002310013774","Cesar Wholesome Bowls Adult Soft Wet Dog Food Topper Chicken Sweet Potato & Green Beans Recipe","Cesar","3.49","3 oz","HIGH","inStore:true; curbside:true; delivery:true; shipToHome:false"
"0001111001627","Simple Truth Organic® Frozen Green Beans Cut","Simple Truth Organic","2.59","12 oz","HIGH","inStore:true; curbside:true; delivery:true; shipToHome:false"
"0002310013777","Cesar Wholesome Bowls Soft Wet Dog Food Toppers Chicken & Chicken Sweet Potato & Green Beans","Cesar","18.99","6 ct / 3 oz","HIGH","inStore:true; curbside:true; delivery:true; shipToHome:false"
"0001111001664","Simple Truth Organic® Trimmed Green Beans","Simple Truth Organic","3.99","12 oz","","inStore:true; curbside:true; delivery:true; shipToHome:false"
"0001780010340","Purina Beneful Freshly Prepared Classics Pate Dog Food Turkey with Sweet Potatoes and Green Beans","Purina","3.29","9.5 oz","HIGH","inStore:true; curbside:true; delivery:true; shipToHome:false"
"0004133102487","Goya® Green Split Peas","GOYA","1.99","16 oz","LOW","inStore:true; curbside:true; delivery:true; shipToHome:false"
"0004600072183","Old El Paso™ Mild Red Enchilada Sauce","Old El Paso","4.39","28 oz","HIGH","inStore:false; curbside:false; delivery:false; shipToHome:false"
"0002310012286","Cesar Simply Crafted Adult Wet Dog Chicken Carrots & Green Beans Food Meal Topper","Cesar","2.49","1.3 oz","HIGH","inStore:true; curbside:true; delivery:true; shipToHome:false"
"0001111089585","Kroger® Blackeye Peas","Kroger","1.89","16 oz","HIGH","inStore:true; curbside:true; delivery:true; shipToHome:false"
"0062797501341","Freshpet Multi Protein Puppy Recipe With Green Beans And Carrots Fresh Puppy Food","Freshpet","9.99","1.75 lb","TEMPORARILY_OUT_OF_STOCK","inStore:false; curbside:false; delivery:false; shipToHome:false"
"0062797501293","Freshpet Small Dog Beef And Egg Recipe With Green Beans And Sweet Potatoes Fresh Dog Food","Freshpet","9.99","1 lb","HIGH","inStore:true; curbside:true; delivery:true; shipToHome:false"
"0005220017107","Beech-Nut Naturals Stage 1 Baby Food, Green Beans","Beech-Nut","1.39","4 oz","HIGH","inStore:true; curbside:true; delivery:true; shipToHome:false"
"0001450007254","Birds Eye Steakhouse Green Beans with Bacon, Frozen Vegetables","Birds Eye","3.49","12 oz","LOW","inStore:false; curbside:false; delivery:false; shipToHome:false"
"0002400016294","Del Monte Italian Beans","Del Monte","2.79","14.5 oz","HIGH","inStore:true; curbside:true; delivery:true; shipToHome:false"
"0001111089617","Kroger® Green Split Peas","Kroger","1.59","16 oz","HIGH","inStore:true; curbside:true; delivery:true; shipToHome:false"
"0001111089731","Kroger® Frozen Sliced Green Beans French Style","Kroger","1.89","12 oz","HIGH","inStore:true; curbside:true; delivery:true; shipToHome:false"
"0001111089654","Kroger® Lentil Beans","Kroger","2.29","16 oz","HIGH","inStore:true; curbside:true; delivery:true; shipToHome:false"
"0001111015078","Smart Way™ Cut Green Beans","Smart Way","0.99","10 oz","LOW","inStore:true; curbside:true; delivery:true; shipToHome:false"
"0001111081914","Kroger® Frozen Green Beans Cut","Kroger","3.19","32 oz","HIGH","inStore:true; curbside:true; delivery:true; shipToHome:false"
"0001450002432","Birds Eye® Steamfresh® Roasted Red Potatoes & Green Beans","Birds Eye","2.99","10.8 oz","HIGH","inStore:true; curbside:true; delivery:true; shipToHome:false"
"0001111089729","Kroger® Frozen Green Beans Italian Cut","Kroger","1.89","12 oz","HIGH","inStore:true; curbside:true; delivery:true; shipToHome:false"
"0001500007601","Gerber Stage 2 Baby Food Green Beans Puree Tubs Baby Puree 2PK","Gerber","1.99","2 packs / 4 oz","HIGH","inStore:true; curbside:true; delivery:true; shipToHome:false"
"0004133102342","Goya Organic Black Beans","GOYA","2.19","15.5 oz","HIGH","inStore:true; curbside:true; delivery:true; shipToHome:false"
"0001780010326","Purina Beneful in Gravy Wet Dog Food Steak Flavor with Green Beans","Purina","1.39","5.5 oz","HIGH","inStore:true; curbside:true; delivery:true; shipToHome:false"
"0002520000101","Hurst's HamBeens Great Northern","Hurst's","3.19","20 oz","TEMPORARILY_OUT_OF_STOCK","inStore:false; curbside:false; delivery:false; shipToHome:false"
"0002310015130","Cesar Wholesome Meals Adult Wet Dog Beef, Chicken, Carrots, Green Beans & Red Rice","Cesar","10.99","17.6 oz","HIGH","inStore:true; curbside:true; delivery:true; shipToHome:false"
"0004600084351","Old El Paso™ Vegetarian Refried Beans","Old El Paso","2.49","16 oz","HIGH","inStore:true; curbside:true; delivery:true; shipToHome:false"
"0004430011012","Rosarita Restaurant Style Smooth Refried Beans, Canned Beans","Rosarita","1.79","16 oz","HIGH","inStore:true; curbside:true; delivery:true; shipToHome:false"
"0007639703100","La Costena® Whole Pinto Beans","La Costena","2.29","19.75 oz","HIGH","inStore:true; curbside:true; delivery:true; shipToHome:false"
"0004600082131","Old El Paso™ Traditional Refried Beans - Value Size","Old El Paso","4.49","31 oz","HIGH","inStore:true; curbside:true; delivery:true; shipToHome:false"
"0081244603000","A Dozen Cousins Mild Cuban Black Beans","A Dozen Cousins","3.79","10 oz","TEMPORARILY_OUT_OF_STOCK","inStore:false; curbside:false; delivery:false; shipToHome:false"
"0081244603001","A Dozen Cousins Medium Mexican Cowboy Pinto Beans","A Dozen Cousins","3.79","10 oz","HIGH","inStore:false; curbside:false; delivery:false; shipToHome:false"
"0007152401996","La Preferida® Pinto Beans","La Preferida","4.29","50 oz","HIGH","inStore:true; curbside:true; delivery:true; shipToHome:false"
"0007888324010","La Sierra® Premium Charro Beans","La Sierra","1.79","19.5 oz","HIGH","inStore:true; curbside:true; delivery:true; shipToHome:false"
"0004600082011","Old El Paso™ Fat Free Refried Beans","Old El Paso","2.49","16 oz","HIGH","inStore:true; curbside:true; delivery:true; shipToHome:false"
"0004133112406","Goya Pink Beans","GOYA","1.59","15.5 oz","HIGH","inStore:true; curbside:true; delivery:true; shipToHome:false"
"0007152410027","La Preferida® Vegetarian Low Fat Refried Beans","La Preferida","1.79","16 oz","HIGH","inStore:true; curbside:true; delivery:true; shipToHome:false"
"0007152402003","La Preferida® Pinto Beans","La Preferida","2.59","29 oz","HIGH","inStore:true; curbside:true; delivery:true; shipToHome:false"
"0004133112402","Goya® Red Kidney Beans","GOYA","1.59","15.5 oz","HIGH","inStore:true; curbside:true; delivery:true; shipToHome:false"
"0004430010723","Rosarita No Fat Refried Beans with Green Chile and Lime, Canned Beans","Rosarita","1.79","16 oz","TEMPORARILY_OUT_OF_STOCK","inStore:false; curbside:false; delivery:false; shipToHome:false"
"0004430010724","Rosarita Low Fat Refried Black Beans, Canned Beans","Rosarita","1.79","16 oz","LOW","inStore:true; curbside:true; delivery:true; shipToHome:false"
"0004126036808","Comforts™ Stage 2 Green Bean and Pear Baby Food Puree Pouch","Comforts","0.9","4 oz","HIGH","inStore:true; curbside:true; delivery:true; shipToHome:false"
"0007639703250","La Costena® Refried Black Beans","La Costena","2.29","20.5 oz","HIGH","inStore:true; curbside:true; delivery:true; shipToHome:false"
"0078162400844","Isadora Refried Mayocoba beans 15.2 oz","Isadora","3.49","15.2 oz","HIGH","inStore:true; curbside:true; delivery:true; shipToHome:false"
"0007888324340","La Sierra® Premium Whole Black Beans","La Sierra","1.49","19.5 oz","LOW","inStore:true; curbside:true; delivery:true; shipToHome:false"
"0007888324300","La Sierra® Premium Whole Pinto Beans","La Sierra","1.49","19.5 oz","HIGH","inStore:true; curbside:true; delivery:true; shipToHome:false"
"0001111086515","Kroger® Traditional Refried Beans","Kroger","1.99","31 oz","HIGH","inStore:true; curbside:true; delivery:true; shipToHome:false"
"0001111086513","Kroger® Spicy Refried Beans","Kroger","1.19","16 oz","HIGH","inStore:true; curbside:true; delivery:true; shipToHome:false"
"0004133112437","Goya® Pinto Beans","GOYA","1.59","15.5 oz","HIGH","inStore:true; curbside:true; delivery:true; shipToHome:false"
"0004133102442","Goyo Pinto Beans","GOYA","3.29","29 oz","HIGH","inStore:true; curbside:true; delivery:true; shipToHome:false"
"0004133112435","Goya® Dark Red Kidney Beans","GOYA","1.99","15.5 oz","HIGH","inStore:true; curbside:true; delivery:true; shipToHome:false"
"0001111086511","Kroger® Seasoned Refried Black Beans","Kroger","1.19","16 oz","LOW","inStore:true; curbside:true; delivery:true; shipToHome:false"
"0007152410294","La Preferida® Authentic Refried Beans","La Preferida","1.79","16 oz","HIGH","inStore:true; curbside:true; delivery:true; shipToHome:false"
"0007639703200","La Costena® Whole Black Beans","La Costena","2.29","19.75 oz","TEMPORARILY_OUT_OF_STOCK","inStore:true; curbside:true; delivery:true; shipToHome:false"
"0007152401813","La Preferida® Pinto Beans","La Preferida","1.59","15 oz","HIGH","inStore:true; curbside:true; delivery:true; shipToHome:false"
"0004133112466","Goya® Black Beans","GOYA","1.59","15.5 oz","HIGH","inStore:true; curbside:true; delivery:true; shipToHome:false"
"0004133112420","Goya® Gluten Free Small Red Beans","GOYA","1.59","15.5 oz","HIGH","inStore:true; curbside:true; delivery:true; shipToHome:false"
"0085000041148","Serenity Kids Free Range Pork with Organic Green Bean & Sweet Potato Baby Food Pouch","Serenity Kids","4.39","3.5 oz","HIGH","inStore:true; curbside:true; delivery:true; shipToHome:false"
"0001111086507","Kroger® Vegetarian Refried Beans","Kroger","1.19","16 oz","HIGH","inStore:true; curbside:true; delivery:true; shipToHome:false"
"0001111086506","Kroger® Fat Free Refried Beans","Kroger","1.19","16 oz","LOW","inStore:true; curbside:true; delivery:true; shipToHome:false"
"0005527084776","Grace® Classic Butter Beans","Grace","3.29","15 oz","","inStore:true; curbside:true; delivery:true; shipToHome:false"
"0004430010622","Rosarita No Fat Traditional Refried Beans, Canned Beans","Rosarita","1.79","16 oz","HIGH","inStore:true; curbside:true; delivery:true; shipToHome:false"
"0004430010625","Rosarita Vegetarian Refried Beans, Canned Beans","Rosarita","1.79","16 oz","HIGH","inStore:true; curbside:true; delivery:true; shipToHome:false"
"0007152410042","La Preferida® Low Fat Refried Black Beans","La Preferida","1.79","16 oz","HIGH","inStore:true; curbside:true; delivery:true; shipToHome:false"
"0007152401767","La Preferida® Black Beans","La Preferida","1.59","15 oz","HIGH","inStore:true; curbside:true; delivery:true; shipToHome:false"
"0005220017211","Beech-Nut Naturals Stage 2 Baby Food, Peas Green Bean & Asparagus","Beech-Nut","1.39","4 oz","TEMPORARILY_OUT_OF_STOCK","inStore:true; curbside:true; delivery:true; shipToHome:false"
"0007639703150","La Costena® Refried Pinto Beans","La Costena","2.29","20.5 oz","HIGH","inStore:true; curbside:true; delivery:true; shipToHome:false"
"0004600082121","Old El Paso™ Traditional Refried Beans","Old El Paso","2.49","16 oz","HIGH","inStore:true; curbside:true; delivery:true; shipToHome:false"
"0004133102901","Goya® Refried Pinto Beans","GOYA","1.99","16 oz","HIGH","inStore:true; curbside:true; delivery:true; shipToHome:false"
"0004133102340","Goya Organic Red Kidney Beans","GOYA","2.19","15.5 oz","HIGH","inStore:true; curbside:true; delivery:true; shipToHome:false"
"0004133102341","Goya® Organics Pinto Beans","GOYA","2.19","15.5 oz","HIGH","inStore:true; curbside:true; delivery:true; shipToHome:false"
"0004133102465","Goya® Black Beans","GOYA","3.29","29 oz","HIGH","inStore:true; curbside:true; delivery:true; shipToHome:false"
"0004430010639","Rosarita Traditional Refried Beans, Canned Beans","Rosarita","3.99","40.5 oz","HIGH","inStore:false; curbside:false; delivery:false; shipToHome:false"
"0004133112412","Goya® White Beans","GOYA","1.59","15.5 oz","TEMPORARILY_OUT_OF_STOCK","inStore:false; curbside:false; delivery:false; shipToHome:false"
"0007152410035","La Preferida® Fat Free Refried Beans","La Preferida","1.79","16 oz","HIGH","inStore:true; curbside:true; delivery:true; shipToHome:false"
"0081009178029","Siete Vegan Refried Ranchero Beans","Siete","3.19","16 oz","TEMPORARILY_OUT_OF_STOCK","inStore:false; curbside:false; delivery:false; shipToHome:false"
"0001111007819","Kroger® Brown Sugar Hickory Baked Beans","Kroger","2.59","28 oz","HIGH","inStore:true; curbside:true; delivery:true; shipToHome:false"
"0001111006327","Kroger® Pork and Beans","Kroger","0.99","16 oz","HIGH","inStore:true; curbside:true; delivery:true; shipToHome:false"
"0001111086965","Simple Truth Organic® Fat Free Refried Black Beans","Simple Truth Organic","1.19","16 oz","TEMPORARILY_OUT_OF_STOCK","inStore:false; curbside:false; delivery:false; shipToHome:false"
"0001111012215","Simple Truth Organic® Low Sodium Great Northern Beans","Simple Truth Organic","1.25","15 oz","HIGH","inStore:true; curbside:true; delivery:true; shipToHome:false"
"0001111012057","Kroger® Mild Chili Beans","Kroger","1","15.5 oz","HIGH","inStore:true; curbside:true; delivery:true; shipToHome:false"
"0001111012211","Simple Truth Organic® Low Sodium Dark Red Kidney Beans","Simple Truth Organic","1.25","15 oz","HIGH","inStore:true; curbside:true; delivery:true; shipToHome:false"
"0003940001747","Bush's Light Red Kidney Beans 16 oz","Bush's Best","1.49","16 oz","HIGH","inStore:true; curbside:true; delivery:true; shipToHome:false"
"0003940001782","Bush's Great Northern Beans 15.8 oz","Bush's Best","1.49","15.8 oz","HIGH","inStore:true; curbside:true; delivery:true; shipToHome:false"
"0001111013272","Kroger® Brown Sugar Hickory Baked Beans","Kroger","1.69","15 oz","HIGH","inStore:true; curbside:true; delivery:true; shipToHome:false"
"0001111095220","Kroger® Beef Brisket BBQ Baked Beans","Kroger","4.99","14 oz","TEMPORARILY_OUT_OF_STOCK","inStore:false; curbside:false; delivery:false; shipToHome:false"
"0001111013271","Kroger® Original Baked Beans","Kroger","1.69","15 oz","HIGH","inStore:true; curbside:true; delivery:true; shipToHome:false"
"0001111010644","Kroger® Red Beans","Kroger","","15.5 oz","","inStore:false; curbside:false; delivery:false; shipToHome:false"
"0003940001617","Bush's Original Baked Beans 55 oz","Bush's Best","5.49","55 oz","HIGH","inStore:true; curbside:true; delivery:true; shipToHome:false"
"0001111010641","Kroger® Light Red Kidney Beans","Kroger","","15.5 oz","","inStore:false; curbside:false; delivery:false; shipToHome:false"
"0003940001612","Bush's Original Baked Beans 16 oz","Bush's Best","2.49","16 oz","HIGH","inStore:true; curbside:true; delivery:true; shipToHome:false"
"0003940001734","Bush's Dark Red Kidney Beans 16 oz","Bush's Best","1.49","16 oz","HIGH","inStore:true; curbside:true; delivery:true; shipToHome:false"
"0001111086957","Simple Truth Organic® Refried Pinto Beans","Simple Truth Organic","1.19","16 oz","TEMPORARILY_OUT_OF_STOCK","inStore:false; curbside:false; delivery:false; shipToHome:false"
"0003940001971","Bush's Country Style Baked Beans 8.3 oz","Bush's Best","1.79","8.3 oz","HIGH","inStore:true; curbside:true; delivery:true; shipToHome:false"
"0003940001972","Bush's Country Style Baked Beans 16 oz","Bush's Best","2.49","16 oz","HIGH","inStore:true; curbside:true; delivery:true; shipToHome:false"
"0003940001974","Bush's Country Style Baked Beans 28 oz","Bush's Best","2.99","28 oz","HIGH","inStore:true; curbside:true; delivery:true; shipToHome:false"
"0001111010648","Kroger® Garbanzo Beans","Kroger","","15.5 oz","","inStore:false; curbside:false; delivery:false; shipToHome:false"
"0003940001970","Bush's Maple & Cured Bacon Baked Beans 28 oz","Bush's Best","2.99","28 oz","HIGH","inStore:true; curbside:true; delivery:true; shipToHome:false"
"0001111006385","Simple Truth Organic® Seasoned Black Beans","Simple Truth Organic","","15 oz","TEMPORARILY_OUT_OF_STOCK","inStore:false; curbside:false; delivery:false; shipToHome:false"
"0003940001969","Bush's Maple & Cured Bacon Baked Beans 16 oz","Bush's Best","2.49","16 oz","HIGH","inStore:true; curbside:true; delivery:true; shipToHome:false"
"0003940001603","Bush's Baked Beans with Onion 28 oz","Bush's Best","2.99","28 oz","HIGH","inStore:true; curbside:true; delivery:true; shipToHome:false"
"0003940001883","Bush's Reduced Sodium Black Beans 15 oz","Bush's Best","1.49","15 oz","HIGH","inStore:true; curbside:true; delivery:true; shipToHome:false"
"0003940001884","Bush's Seasoned Recipe Black Beans 15 oz","Bush's Best","1.49","15 oz","HIGH","inStore:true; curbside:true; delivery:true; shipToHome:false"
"0001111008285","Simple Truth Organic® Seasoned Black Beans","Simple Truth Organic","1.25","15 oz","HIGH","inStore:true; curbside:true; delivery:true; shipToHome:false"
"0001111088001","Simple Truth Organic® Low Sodium Pinto Beans BIG DEAL!","Simple Truth Organic","4.89","4 ct / 15 oz","TEMPORARILY_OUT_OF_STOCK","inStore:false; curbside:false; delivery:false; shipToHome:false"
"0004690000113","Ranch Style® Beans with Sliced Jalapeno Peppers","Ranch Style","1.5","15 oz","HIGH","inStore:true; curbside:true; delivery:true; shipToHome:false"
"0001111080306","Kroger Lima Beans - 15oz can","Kroger","2.19","15 oz","HIGH","inStore:true; curbside:true; delivery:true; shipToHome:false"
"0004133112332","Goya® Low Sodium Prime Premium Black Beans","GOYA","1.99","15.5 oz","HIGH","inStore:true; curbside:true; delivery:true; shipToHome:false"
"0001111012206","Simple Truth Organic® Black Beans Multipack","Simple Truth Organic","4.89","4 ct / 15 oz","HIGH","inStore:true; curbside:true; delivery:true; shipToHome:false"
"0001111012205","Simple Truth Organic® Low Sodium Dark Red Kidney Beans BIG DEAL!","Simple Truth Organic","4.89","4 ct / 15 oz","LOW","inStore:true; curbside:true; delivery:true; shipToHome:false"
"0003940001914","Bush's Southern Pit Barbecue Grillin' Beans 22 oz","Bush's Best","2.99","22 oz","HIGH","inStore:true; curbside:true; delivery:true; shipToHome:false"
"0003940022998","Bush's Zero Sugar Added Baked Beans 27.5 oz","Bush's Best","2.99","27.5 oz","HIGH","inStore:true; curbside:true; delivery:true; shipToHome:false"
"0003940001916","Bush's Steakhouse Recipe Grillin' Beans 22 oz","Bush's Best","2.99","22 oz","HIGH","inStore:true; curbside:true; delivery:true; shipToHome:false"
"0003940001910","Bush's Bourbon and Brown Sugar Grillin' Beans 22 oz","Bush's Best","2.99","22 oz","HIGH","inStore:true; curbside:true; delivery:true; shipToHome:false"
"0003940001635","Bush's Vegetarian Baked Beans 28 oz","Bush's Best","2.99","28 oz","HIGH","inStore:true; curbside:true; delivery:true; shipToHome:false"
"0005200001122","VAN CAMPS Pork And Beans","Van Camp's","1.49","15 oz","HIGH","inStore:true; curbside:true; delivery:true; shipToHome:false"
"0081009178021","Siete Vegan Refried Black Beans","Siete","3.19","16 oz","TEMPORARILY_OUT_OF_STOCK","inStore:false; curbside:false; delivery:false; shipToHome:false"
"0081009178022","Siete Vegan Refried Pinto Beans","Siete","3.19","16 oz","TEMPORARILY_OUT_OF_STOCK","inStore:false; curbside:false; delivery:false; shipToHome:false"
"0001111015359","Simple Truth Organic® Low Sodium Pinto Beans BIG DEAL!","Simple Truth Organic","4.89","4 ct / 15 oz","HIGH","inStore:true; curbside:true; delivery:true; shipToHome:false"
"0003940022990","Bush's Zero Sugar Added Baked Beans 15.8 oz","Bush's Best","2.49","15.8 oz","HIGH","inStore:true; curbside:true; delivery:true; shipToHome:false"
"0003940001633","Bush's Vegetarian Baked Beans 16 oz","Bush's Best","2.49","16 oz","HIGH","inStore:true; curbside:true; delivery:true; shipToHome:false"
"0001111012208","Kroger® No Salt Added Dark Red Kidney Beans","Kroger","1","15.5 oz","HIGH","inStore:true; curbside:true; delivery:true; shipToHome:false"
"0003940001199","Bush's Barbecue Baked Beans 28 oz","Bush's Best","2.99","28 oz","HIGH","inStore:true; curbside:true; delivery:true; shipToHome:false"
"0003940001870","Bush's Cannellini Beans 15.5 oz","Bush's Best","1.49","15.5 oz","HIGH","inStore:true; curbside:true; delivery:true; shipToHome:false"
"0001111012207","Simple Truth Organic® Low Sodium Tri-Bean Blend BIG DEAL!","Simple Truth Organic","4.89","4 ct / 15 oz","LOW","inStore:true; curbside:true; delivery:true; shipToHome:false"
"0001111071786","Light Red Kidney Beans","Kroger","1","15.5 oz","HIGH","inStore:true; curbside:true; delivery:true; shipToHome:false"
"0078996800002","Heinz Baked Beans","Heinz","4.79","13.7 oz","LOW","inStore:true; curbside:true; delivery:true; shipToHome:false"
"0001111007818","Kroger® Original Baked Beans","Kroger","2.59","28 oz","HIGH","inStore:true; curbside:true; delivery:true; shipToHome:false"
"0007009500010","Randall® Fully Cooked Deluxe Great Northern Beans Jar","Randall","5.49","48 oz","HIGH","inStore:true; curbside:true; delivery:true; shipToHome:false"
"0001111012216","Simple Truth Organic® Pinto Chili Beans in Chili Sauce","Simple Truth Organic","1.25","15 oz","HIGH","inStore:true; curbside:true; delivery:true; shipToHome:false"
"0002300096575","Brooks Chili Beans Canned Red Beans In Chili Sauce Hot Flavor","Brooks","3.49","40 oz","HIGH","inStore:true; curbside:true; delivery:true; shipToHome:false"
"0001111012213","Simple Truth Organic® Low Sodium Pinto Beans","Simple Truth Organic","1.25","15 oz","HIGH","inStore:true; curbside:true; delivery:true; shipToHome:false"
"0003940001504","Bush's Mixed Beans in a Mild Chili Sauce 15.5 oz","Bush's Best","2.19","15.5 oz","HIGH","inStore:true; curbside:true; delivery:true; shipToHome:false"
"0073639351010","Glory Foods Seasoned Southern Style Pinto Beans","Glory Foods","2.19","14.5 oz","HIGH","inStore:true; curbside:true; delivery:true; shipToHome:false"
"0003940001501","Bush's White Chili Beans 15.5 oz","Bush's Best","2.19","15.5 oz","HIGH","inStore:true; curbside:true; delivery:true; shipToHome:false"
"0088439506101","Luck's® Pinto Beans Seasoned with Pork","Luck's","1.59","15 oz","HIGH","inStore:true; curbside:true; delivery:true; shipToHome:false"
"0088439506301","Luck's® Pinto Beans Seasoned with Pork","Luck's","2.19","29 oz","TEMPORARILY_OUT_OF_STOCK","inStore:false; curbside:false; delivery:false; shipToHome:false"
"0088439506103","Luck's® Great Northern Beans Seasoned with Pork","Luck's","1.59","15 oz","LOW","inStore:true; curbside:true; delivery:true; shipToHome:false"
"0007227344920","Saucy Spoon Applewood Smoked Bacon Baked Beans 28 oz","Saucy Spoon","2.59","28 oz","HIGH","inStore:true; curbside:true; delivery:true; shipToHome:false"
"0001111015375","Kroger® Country Style Baked Beans","Kroger","1.69","15 oz","HIGH","inStore:true; curbside:true; delivery:true; shipToHome:false"
"0007184618202","Yellowstone™ Beef and BBQ Baked Beans","Yellowstone","3.29","15 oz","HIGH","inStore:true; curbside:true; delivery:true; shipToHome:false"
"0003940001807","Bush's Reduced Sodium Pinto Beans 16 oz","Bush's Best","1.49","16 oz","HIGH","inStore:true; curbside:true; delivery:true; shipToHome:false"
"0007009500020","Randall® Fully Cooked Deluxe Pinto Beans Jar","Randall","5.49","48 oz","HIGH","inStore:true; curbside:true; delivery:true; shipToHome:false"
"0001111014280","Kroger® Vegetarian Baked Beans","Kroger","2.59","28 oz","HIGH","inStore:true; curbside:true; delivery:true; shipToHome:false"
"0003940001814","Bush's Pinto Beans 27 oz","Bush's Best","2.99","27 oz","HIGH","inStore:true; curbside:true; delivery:true; shipToHome:false"
"0003940001976","Bush's Brown Sugar Hickory Baked Beans 16 oz","Bush's Best","2.49","16 oz","HIGH","inStore:true; curbside:true; delivery:true; shipToHome:false"
"0088439500073","Luck's Pinto & Great Northern Mixed Beans","Luck's","2.29","29 oz","HIGH","inStore:true; curbside:true; delivery:true; shipToHome:false"
"0088439506139","Luck's® Pinto & Great Northern Mixed Beans Seasoned with Pork","Luck's","1.59","15 oz","TEMPORARILY_OUT_OF_STOCK","inStore:false; curbside:false; delivery:false; shipToHome:false"
"0002300096505","Brooks Chili Beans Canned Red Beans In Chili Sauce Hot Flavor","Brooks","1.49","15.500 oz","HIGH","inStore:true; curbside:true; delivery:true; shipToHome:false"
"0002300098205","Brooks Chili Beans Canned Red Beans In Chili Sauce Mild Flavor","Brooks","1.49","15.500 oz","HIGH","inStore:true; curbside:true; delivery:true; shipToHome:false"
"0003940001692","Bush's Red Beans in a Mild Chili Sauce 16 oz","Bush's Best","2.19","16 oz","HIGH","inStore:true; curbside:true; delivery:true; shipToHome:false"
"0007035331620","Blue Runner® Creole Cream Style Original Red Beans","Blue Runner","3.49","16 oz","","inStore:false; curbside:false; delivery:false; shipToHome:false"
"0073639351003","Glory Foods® Seasoned Southern Style Red Beans And Rice","Glory Foods","2.19","15 oz","HIGH","inStore:true; curbside:true; delivery:true; shipToHome:false"
"0007227344412","Saucy Spoon Vegetarian Sweet Hickory Flavor Baked Beans 28 oz","Saucy Spoon","2.59","28 oz","HIGH","inStore:true; curbside:true; delivery:true; shipToHome:false"
"0001111012474","Kroger® Pinto Beans BIG DEAL!","Kroger","3.89","4 pk / 15.5 oz","TEMPORARILY_OUT_OF_STOCK","inStore:false; curbside:false; delivery:false; shipToHome:false"
"0001111012199","Simple Truth Organic® Low Sodium Garbanzo Beans BIG DEAL!","Simple Truth Organic","4.89","4 ct / 15 oz","LOW","inStore:true; curbside:true; delivery:true; shipToHome:false"
"0003940024201","Bush's Hot Honey Grillin' Beans 21.7 oz","Bush's Best","2.99","21.7 oz","HIGH","inStore:true; curbside:true; delivery:true; shipToHome:false"
"0007184618404","Yellowstone Baked Beans With Bacon","Yellowstone","3.29","15 oz","HIGH","inStore:true; curbside:true; delivery:true; shipToHome:false"
"0007035330100","Blue Runner® Original Creole Cream Style Red Beans","Blue Runner","5.79","27 oz","","inStore:false; curbside:false; delivery:false; shipToHome:false"
"0002300098215","Brooks Chili Beans Canned Red Beans In Chili Sauce Mild Flavor","Brooks","3.49","40 oz","HIGH","inStore:true; curbside:true; delivery:true; shipToHome:false"
"0088439506124","Luck's® Pinto Beans with Onions Seasoned with Pork","Luck's","1.59","15 oz","HIGH","inStore:true; curbside:true; delivery:true; shipToHome:false"
"0081244603015","A Dozen Cousins Refried Pinto Beans","A Dozen Cousins","3.79","10 oz","TEMPORARILY_OUT_OF_STOCK","inStore:false; curbside:false; delivery:false; shipToHome:false"
"0081244603016","A Dozen Cousins Refried Black Beans","A Dozen Cousins","3.79","10 oz","TEMPORARILY_OUT_OF_STOCK","inStore:false; curbside:false; delivery:false; shipToHome:false"
"0004144311963","Margaret Holmes® Seasoned Green Lima Beans","Margaret Holmes","1.99","15 oz","HIGH","inStore:true; curbside:true; delivery:true; shipToHome:false"
"0001111012363","Kroger® Sweet and Spicy Baked Beans","Kroger","2.59","28 oz","HIGH","inStore:true; curbside:true; delivery:true; shipToHome:false"
"0001111013771","Kroger Mixed Chili Beans, 15.5oz Can","Kroger","1","15.5 oz","","inStore:false; curbside:false; delivery:false; shipToHome:false"
"0005200001248","Van Camp's Original Beanee Weenee Canned Beans","Van Camp's","1.69","7.75 oz","HIGH","inStore:true; curbside:true; delivery:true; shipToHome:false"
"0001111007821","Kroger® Country Style Baked Beans","Kroger","2.59","28 oz","HIGH","inStore:true; curbside:true; delivery:true; shipToHome:false"
"0001111080627","Kroger Garbanzo Beans - 15.5oz can","Kroger","1","15.5oz","HIGH","inStore:true; curbside:true; delivery:true; shipToHome:false"
"0003940000100","Bush's Bluey Baked Beans 15.8 oz","Bush's Best","2.79","15.8 oz","HIGH","inStore:true; curbside:true; delivery:true; shipToHome:false"
"0001111015356","Kroger® Black Beans BIG DEAL!","Kroger","3.89","4 ct / 15.25 oz","LOW","inStore:true; curbside:true; delivery:true; shipToHome:false"
"0007227347695","Saucy Spoon Vegetarian Jalapeno & Bourbon Flavor Baked Beans 28 oz","Saucy Spoon","2.59","28 oz","LOW","inStore:true; curbside:true; delivery:true; shipToHome:false"
"0001111015357","Kroger® Dark Red Kidney Beans BIG DEAL!","Kroger","3.89","4 ct / 15.25 oz","HIGH","inStore:true; curbside:true; delivery:true; shipToHome:false"
"0001111015358","Kroger® Pinto Beans BIG DEALl!","Kroger","3.89","4 ct / 15.5 oz","HIGH","inStore:true; curbside:true; delivery:true; shipToHome:false"
"0088439506114","Luck's® Fat Free Pinto Beans","Luck's","1.59","15 oz","TEMPORARILY_OUT_OF_STOCK","inStore:false; curbside:false; delivery:false; shipToHome:false"
"0007047000439","Yoplait® Original Smooth Style Vanilla Low Fat Yogurt Tub","Yoplait","3.49","32 oz","TEMPORARILY_OUT_OF_STOCK","inStore:true; curbside:true; delivery:true; shipToHome:false"
"0068954408301","Fage® Total Plain Nonfat Greek Yogurt Tub","Fage","7.29","32 oz","HIGH","inStore:true; curbside:true; delivery:true; shipToHome:false"
"0003663203901","Too Good & Co. Blended Strawberry Yogurt-Cultured Ultra-Filtered Low Fat Milk Product Cup","Two Good","1.5","5.3 fl oz","HIGH","inStore:true; curbside:true; delivery:true; shipToHome:false"
"0007835555002","The Greek Gods® Hercules™ High Protein Plain Dairy Snack, 24 oz","The Greek Gods","5.99","24 oz","TEMPORARILY_OUT_OF_STOCK","inStore:true; curbside:true; delivery:true; shipToHome:false"
"0003663201962","Oikos Triple Zero Mixed Berry High Protein Nonfat Greek Yogurt Cups","Oikos","5.29","5.3 oz., 4 pack","HIGH","inStore:true; curbside:true; delivery:true; shipToHome:false"
"0081829001281","Chobani Non-Fat Strawberry on the Bottom Greek Yogurt 5.3oz 4ct","Chobani","5.49","4 ct / 5.3 oz","HIGH","inStore:true; curbside:true; delivery:true; shipToHome:false"
"0081829001284","Chobani Non-Fat Peach on the Bottom Greek Yogurt 5.3oz 4ct","Chobani","5.49","4 ct / 5.3 oz","HIGH","inStore:true; curbside:true; delivery:true; shipToHome:false"
"0007047000430","Yoplait® Original Smooth Style Strawberry Low Fat Yogurt Tub","Yoplait","3.49","32 oz","TEMPORARILY_OUT_OF_STOCK","inStore:true; curbside:true; delivery:true; shipToHome:false"
"0001111010717","Kroger® Plain Nonfat Greek Yogurt Tub","Kroger","4.79","32 oz","HIGH","inStore:true; curbside:true; delivery:true; shipToHome:false"
"0089824800107","siggi’s Vanilla Icelandic-Style Nonfat Yogurt, 5.3 oz","Siggi's","1.69","5.3 oz","HIGH","inStore:true; curbside:true; delivery:true; shipToHome:false"
"0007047000307","Yoplait™ Original Low Fat Harvest Peach Yogurt Cup","Yoplait","0.8","6 oz","TEMPORARILY_OUT_OF_STOCK","inStore:true; curbside:true; delivery:true; shipToHome:false"
"0003663202848","Dannon Light + Fit Strawberry Cheesecake Greek Fat Free Yogurt Cups","Light + Fit","4.49","5.3 oz., 4 pack","HIGH","inStore:true; curbside:true; delivery:true; shipToHome:false"
"0007047000303","Yoplait™ Original Low Fat Cherry Orchard Yogurt Cup","Yoplait","0.8","6 oz","TEMPORARILY_OUT_OF_STOCK","inStore:true; curbside:true; delivery:true; shipToHome:false"
"0003663202604","Activia Peach Probiotic Low Fat Yogurt Cups","Activia","3.29","4 ct / 4 fl oz","HIGH","inStore:true; curbside:true; delivery:true; shipToHome:false"
"0003663201954","Oikos Triple Zero Strawberry High Protein Nonfat Greek Yogurt Cups","Oikos","5.29","5.3 oz., 4 pack","HIGH","inStore:true; curbside:true; delivery:true; shipToHome:false"
"0003663201953","Oikos Triple Zero Vanilla High Protein Nonfat Greek Yogurt Cups","Oikos","5.29","5.3 oz., 4 pack","HIGH","inStore:true; curbside:true; delivery:true; shipToHome:false"
"0003663202600","Activia Strawberry Probiotic Low Fat Yogurt Cups","Activia","3.29","4 ct / 4 fl oz","HIGH","inStore:true; curbside:true; delivery:true; shipToHome:false"
"0003663202601","Activia Vanilla Probiotic Low Fat Yogurt Cups","Activia","3.29","4 ct / 4 fl oz","HIGH","inStore:true; curbside:true; delivery:true; shipToHome:false"
"0003663204267","Oikos Pro 20g Protein Mixed Berry Yogurt-Cultured Ultra-Filtered Milk Product Cup​s","Oikos","6.99","4 ct / 5.3 fl oz","HIGH","inStore:true; curbside:true; delivery:true; shipToHome:false"
"0004667501351","YoCrunch Vanilla Low Fat Yogurt Cups with Mini M&Ms(R)","YoCrunch","3.99","4 oz., 4 pack","TEMPORARILY_OUT_OF_STOCK","inStore:true; curbside:true; delivery:true; shipToHome:false"
"0003663203255","Dannon Light + Fit Blueberry Greek Fat Free Yogurt Cups","Light + Fit","4.49","4 ct / 5.3 fl oz","HIGH","inStore:true; curbside:true; delivery:true; shipToHome:false"
"0007047029062","Yoplait® Original Smooth Style Strawberry Banana Low Fat Yogurt Tub","Yoplait","3.49","32 oz","LOW","inStore:true; curbside:true; delivery:true; shipToHome:false"
"0007835557010","The Greek Gods® Yogurt, Probiotic, Honey Vanilla","The Greek Gods","4.79","24 oz","HIGH","inStore:true; curbside:true; delivery:true; shipToHome:false"
"0089470001014","Chobani Non-Fat Vanilla Greek Yogurt 32oz","Chobani","6.79","32 oz","HIGH","inStore:true; curbside:true; delivery:true; shipToHome:false"
"0007047000300","Yoplait™ Original Low Fat Strawberry Yogurt Cup","Yoplait","0.8","6 oz","HIGH","inStore:true; curbside:true; delivery:true; shipToHome:false"
"0007047049649","Oui™ by Yoplait™ Peach Whole Milk French Style Yogurt Jar","Oui By Yoplait","1.79","5 oz","HIGH","inStore:true; curbside:true; delivery:true; shipToHome:false"
"0007047040391","Yoplait™ Original Low Fat Strawberry and Strawberry Banana Yogurt Cups","Yoplait","5.99","8 ct / 6 oz","HIGH","inStore:true; curbside:true; delivery:true; shipToHome:false"
"0001111013562","Kroger® Strawberry and Blueberry Low Fat Yogurt Tubes BIG DEAL!","Kroger","5.49","24 ct / 48 oz","HIGH","inStore:true; curbside:true; delivery:true; shipToHome:false"
"0003663202635","Activia Black Cherry Probiotic Low Fat Yogurt Cups","Activia","3.29","4 ct / 4 fl oz","HIGH","inStore:true; curbside:true; delivery:true; shipToHome:false"
"0001111013560","Kroger® Strawberry & Vanilla Low Fat Yogurt Tubes","Kroger","1.99","8 ct / 16 oz","HIGH","inStore:true; curbside:true; delivery:true; shipToHome:false"
"0003663201944","Oikos Triple Zero Vanilla High Protein Nonfat Greek Yogurt Tub","Oikos","7.49","32 fl oz","HIGH","inStore:true; curbside:true; delivery:true; shipToHome:false"
"0003663203249","Dannon Light + Fit Vanilla Greek Fat Free Yogurt Cups","Light + Fit","4.49","4 ct / 5.3 fl oz","HIGH","inStore:true; curbside:true; delivery:true; shipToHome:false"
"0001111013600","Kroger® Plain Whole Milk Greek Yogurt Cultured Dairy Blend Tub","Kroger","4.79","32 oz","HIGH","inStore:true; curbside:true; delivery:true; shipToHome:false"
"0001111006620","Kroger® Vanilla Blended Whole Milk Yogurt Tub","Kroger","2.99","32 oz","HIGH","inStore:true; curbside:true; delivery:true; shipToHome:false"
"0081829001665","Chobani® Flip® Chocolate Chip Cookie Dough™ Low Fat Greek Yogurt Cup","Chobani","1.79","4.5 oz","HIGH","inStore:true; curbside:true; delivery:true; shipToHome:false"
"0081829001626","Chobani® Vanilla with Mixed Berry Low Fat Greek Yogurt Cups","Chobani","5.49","4 pk / 5.3 oz","HIGH","inStore:true; curbside:true; delivery:true; shipToHome:false"
"0007047000323","Yoplait™ Original Low Fat French Vanilla Yogurt Cup","Yoplait","0.8","6 oz","HIGH","inStore:true; curbside:true; delivery:true; shipToHome:false"
"0001111006417","Kroger® Blended Vanilla Low Fat Yogurt","Kroger","2.99","32 oz","HIGH","inStore:true; curbside:true; delivery:true; shipToHome:false"
"0081000351658","Once Upon A Farm™ Fruit & Veggie Blend Organic Yogurt Pouches","Once Upon A Farm","8.99","4 ct / 3.2 oz","TEMPORARILY_OUT_OF_STOCK","inStore:true; curbside:true; delivery:true; shipToHome:false"
"0007047040389","Yoplait™ Original Low Fat Strawberry and Harvest Peach Yogurt Cups","Yoplait","5.99","8 ct / 6 oz","LOW","inStore:true; curbside:true; delivery:true; shipToHome:false"
"0081455802269","Forager Project Dairy-Free Organic Kids Cashewmilk Yogurt, Strawberry Banana","Forager Project","2.99","3.2 oz","","inStore:false; curbside:false; delivery:false; shipToHome:false"
"0081455802256","Forager Project Dairy-Free Organic Kids Cashewmilk Yogurt, Strawberry","Forager Project","2.99","3.2 oz","","inStore:false; curbside:false; delivery:false; shipToHome:false"
"0002529300535","Silk Unsweetened Vanilla Dairy Free Vegan Almond Milk Yogurt Alternative Tub","Silk","6.79","24 fl oz","TEMPORARILY_OUT_OF_STOCK","inStore:false; curbside:false; delivery:false; shipToHome:false"
"0002529300375","Silk Plain Dairy Free Vegan Soy Milk Yogurt Alternative Tub","Silk","6.79","24 fl oz","LOW","inStore:true; curbside:true; delivery:true; shipToHome:false"
"0085001781933","Kite Hill® Vanilla Unsweetened Dairy Free Almond Milk Greek Yogurt Tub","Kite Hill","6.49","16 oz","","inStore:false; curbside:false; delivery:false; shipToHome:false"
"0081455802249","Forager Project Dairy-Free Organic Kids Cashewmilk Yogurt, Berry Berry","Forager Project","2.99","3.2 oz","","inStore:false; curbside:false; delivery:false; shipToHome:false"
"0001111010173","Simple Truth® Vanilla Dairy Free Vegan Almond Milk Yogurt Alternative Tub","Simple Truth","4.69","24 oz","TEMPORARILY_OUT_OF_STOCK","inStore:false; curbside:false; delivery:false; shipToHome:false"
"0085402100832","Clio® Salted Caramel Greek Yogurt Mini Bars","Clio","6.79","8 ct / 0.78 oz","","inStore:false; curbside:false; delivery:false; shipToHome:false"
"0089824800169","siggi’s Probiotic Drinkable Lowfat Yogurt, Vanilla","Siggi's","2.49","8 fl oz","HIGH","inStore:true; curbside:true; delivery:true; shipToHome:false"
"0005215970083","Stonyfield Organic Lowfat Yogurt Smoothies, Very Berry, 3.1 fl. oz., 6ct","Stonyfield Organic","5.99","6 ct","HIGH","inStore:true; curbside:true; delivery:true; shipToHome:false"
"0003663200839","Oikos Triple Zero Banana Creme High Protein Nonfat Greek Yogurt Cup","Oikos","1.59","5.3 oz.","HIGH","inStore:true; curbside:true; delivery:true; shipToHome:false"
"0003663200836","Oikos Triple Zero Strawberry High Protein Nonfat Greek Yogurt Cup","Oikos","1.59","5.3 oz.","HIGH","inStore:true; curbside:true; delivery:true; shipToHome:false"
"0003663201968","Oikos Triple Zero Strawberry and Mixed Berry High Protein Nonfat Greek Yogurt Cups","Oikos","6.99","6 ct / 5.3 fl oz","HIGH","inStore:true; curbside:true; delivery:true; shipToHome:false"
"0089470001006","Chobani® Non-Fat Greek Yogurt Peach on the Bottom 5.3oz","Chobani","1.5","5.3 oz","HIGH","inStore:true; curbside:true; delivery:true; shipToHome:false"
"0089470001005","Chobani® Blueberry on the Bottom Nonfat Greek Yogurt Cup","Chobani","1.5","5.3 oz","HIGH","inStore:true; curbside:true; delivery:true; shipToHome:false"
"0003663200834","Oikos Triple Zero Vanilla High Protein Nonfat Greek Yogurt Cup","Oikos","1.59","5.3 oz.","TEMPORARILY_OUT_OF_STOCK","inStore:true; curbside:true; delivery:true; shipToHome:false"
"0001111050481","Kroger® Plain Nonfat Greek Yogurt Cup","Kroger","0.89","5.3 oz","HIGH","inStore:true; curbside:true; delivery:true; shipToHome:false"
"0068954408060","Fage® Total Plain 5% Milkfat Low Fat Greek Yogurt Cup","Fage","1.59","5.3 oz","HIGH","inStore:true; curbside:true; delivery:true; shipToHome:false"
"0081829001480","Chobani Flip Greek Chocolate Covered Strawberry Yogurt 4.5 oz","Chobani","1.79","4.5 oz","HIGH","inStore:true; curbside:true; delivery:true; shipToHome:false"
"0007835555000","The Greek Gods® Greek Style Yogurt, Probiotic Yogurt, Plain Traditional","The Greek Gods","4.79","24oz","TEMPORARILY_OUT_OF_STOCK","inStore:true; curbside:true; delivery:true; shipToHome:false"
"0081829001283","Chobani Non-Fat Black Cherry on the Bottom Greek Yogurt 5.3oz 4ct","Chobani","5.49","4 ct / 5.3 oz","HIGH","inStore:true; curbside:true; delivery:true; shipToHome:false"
"0089470001004","Chobani Non-Fat Greek Strawberry on the Bottom Yogurt 5.3 oz","Chobani","1.5","5.3 oz","HIGH","inStore:true; curbside:true; delivery:true; shipToHome:false"
"0089470001002","Chobani Nonfat Greek Vanilla Yogurt 5.3 oz","Chobani","1.5","5.3 oz","HIGH","inStore:true; curbside:true; delivery:true; shipToHome:false"
"0089470001001","Chobani® Non-Fat Plain Greek Yogurt 5.3oz","Chobani","1.5","5.3 oz","HIGH","inStore:true; curbside:true; delivery:true; shipToHome:false"
"0001111010716","Kroger® Vanilla Blended Nonfat Greek Yogurt Tub","Kroger","4.79","32 oz","HIGH","inStore:true; curbside:true; delivery:true; shipToHome:false"
"0081829001920","Chobani® Flip® Mint Chocolate Chip™ Low Fat Greek Yogurt Cup","Chobani","1.79","4.5 oz","HIGH","inStore:true; curbside:true; delivery:true; shipToHome:false"
"0089470001043","Chobani® Whole Milk Plain Greek Yogurt Tub","Chobani","6.79","32 oz","HIGH","inStore:true; curbside:true; delivery:true; shipToHome:false"
"0089470001016","Chobani® Black Cherry on the Bottom Nonfat Greek Yogurt Cup","Chobani","1.5","5.3 oz","HIGH","inStore:true; curbside:true; delivery:true; shipToHome:false"
"0003663203256","Dannon Light + Fit Cherry Greek Fat Free Yogurt Cups","Light + Fit","4.49","4 ct / 5.3 fl oz","HIGH","inStore:true; curbside:true; delivery:true; shipToHome:false"
"0003663204264","Oikos Pro 20g Protein Vanilla Yogurt-Cultured Ultra-Filtered Milk Product Cup​s","Oikos","6.99","4 ct / 5.3 fl oz","HIGH","inStore:true; curbside:true; delivery:true; shipToHome:false"
"0081829001012","Chobani® Flip® Chocolate Peanut Butter Cup™ Low Fat Greek Yogurt Cup","Chobani","1.79","4.5 oz","HIGH","inStore:true; curbside:true; delivery:true; shipToHome:false"
"0089470001013","Chobani® Plain Nonfat Greek Yogurt Tub","Chobani","6.79","32 oz","HIGH","inStore:true; curbside:true; delivery:true; shipToHome:false"
"0089470001012","Chobani Nonfat Greek Raspberry on the Bottom Yogurt 5.3 oz","Chobani","1.5","5.3 oz","HIGH","inStore:true; curbside:true; delivery:true; shipToHome:false"
"0089470001010","Chobani® Low-Fat Greek Yogurt Pineapple on the Bottom 5.3oz","Chobani","1.5","5.3 oz","HIGH","inStore:true; curbside:true; delivery:true; shipToHome:false"
"0081829001932","Chobani® Flip® Strawberry Cheesecake™ Low Fat Greek Yogurt Cup","Chobani","1.79","4.5 oz","HIGH","inStore:true; curbside:true; delivery:true; shipToHome:false"
"0081829001537","Chobani Flip Greek Confetti Birthday Cake Yogurt 4.5 oz","Chobani","1.79","4.5 oz","HIGH","inStore:true; curbside:true; delivery:true; shipToHome:false"
"0081829001933","Chobani® Flip® Perfect Peach Cobbler™ Low Fat Greek Yogurt Cup","Chobani","1.79","4.5 oz","HIGH","inStore:true; curbside:true; delivery:true; shipToHome:false"
"0003663203248","Light + Fit Strawberry Fat Free Greek Yogurt Cups","Light + Fit","4.49","4 ct / 5.3 fl oz","HIGH","inStore:true; curbside:true; delivery:true; shipToHome:false"
"0007835557000","The Greek Gods® Yogurt, Probiotic, Honey","The Greek Gods","4.79","24 oz","HIGH","inStore:true; curbside:true; delivery:true; shipToHome:false"
"0089470001026","Chobani® Strawberry Nonfat Greek Yogurt Tub","Chobani","6.79","32 oz","TEMPORARILY_OUT_OF_STOCK","inStore:true; curbside:true; delivery:true; shipToHome:false"
"0081829001740","Chobani® Flip® Low-Fat Red Velvet Cupcake™ Greek Yogurt","Chobani","1.79","4.5 oz","HIGH","inStore:true; curbside:true; delivery:true; shipToHome:false"
"0081829001466","Chobani® Low-Fat Greek Yogurt Mixed Berry Blended 5.3oz","Chobani","1.5","5.3 oz","HIGH","inStore:true; curbside:true; delivery:true; shipToHome:false"
"0081829001424","Chobani® Flip® Salted Caramel Crunch™ with Chocolate & Toffee Low Fat Greek Yogurt Cup","Chobani","1.79","4.5 oz","HIGH","inStore:true; curbside:true; delivery:true; shipToHome:false"
"0081829001227","Chobani® Flip® Key Lime Crumble™ Low Fat Greek Yogurt Cup","Chobani","1.79","4.5 oz","HIGH","inStore:true; curbside:true; delivery:true; shipToHome:false"
"0081829001228","Chobani® Flip® Almond Coco Loco™ Chocolate Low Fat Greek Yogurt Cup","Chobani","1.79","4.5 oz","HIGH","inStore:true; curbside:true; delivery:true; shipToHome:false"
"0081829001958","Chobani Reduced Fat Blended Greek Lemon Yogurt 5.3 oz","Chobani","1.5","5.3 oz","HIGH","inStore:true; curbside:true; delivery:true; shipToHome:false"
"0081829001919","Chobani® Flip® Cookies & Cream™ Low Fat Greek Yogurt Cup","Chobani","1.79","4.5 oz","HIGH","inStore:true; curbside:true; delivery:true; shipToHome:false"
"0081829001280","Chobani Low-Fat Strawberry Banana on the Bottom Greek Yogurt 5.3oz 4ct","Chobani","5.49","4 ct / 5.3 oz","HIGH","inStore:true; curbside:true; delivery:true; shipToHome:false"
"0081829001073","Chobani® Flip® Chocolate S'more S'mores™ Low Fat Greek Yogurt Cup","Chobani","1.79","4.5 oz","HIGH","inStore:true; curbside:true; delivery:true; shipToHome:false"
"0081829001271","Chobani® Low-Fat Greek Yogurt Key Lime Blended 5.3oz","Chobani","1.5","5.3 oz","HIGH","inStore:true; curbside:true; delivery:true; shipToHome:false"
"0081829001273","Chobani® Low-Fat Greek Yogurt Coconut Blended 5.3oz","Chobani","1.5","5.3 oz","HIGH","inStore:true; curbside:true; delivery:true; shipToHome:false"
"0081829001275","Chobani Low-Fat Key Lime Blended Greek Yogurt 5.3oz 4ct","Chobani","5.49","4 ct / 5.3 oz","HIGH","inStore:true; curbside:true; delivery:true; shipToHome:false"
"0003663203273","Dannon Light + Fit Vanilla Greek Fat Free Yogurt Tub","Light + Fit","6.49","32 fl oz","HIGH","inStore:true; curbside:true; delivery:true; shipToHome:false"
"0081829001279","Chobani® Vanilla Nonfat Greek Yogurt Cups","Chobani","5.49","4 ct / 5.3 oz","HIGH","inStore:true; curbside:true; delivery:true; shipToHome:false"
"0089470001033","Chobani Low-Fat Greek Yogurt Mango On The Bottom 2% Milk Fat","Chobani","1.5","5.3 oz","HIGH","inStore:true; curbside:true; delivery:true; shipToHome:false"
"0089470001032","Chobani Low-Fat Greek Yogurt Strawberry Banana On The Bottom 2% Milk Fat","Chobani","1.5","5.3 oz","HIGH","inStore:true; curbside:true; delivery:true; shipToHome:false"
"0003663200835","Oikos Triple Zero Mixed Berry High Protein Nonfat Greek Yogurt Cup","Oikos","1.59","5.3 oz.","HIGH","inStore:true; curbside:true; delivery:true; shipToHome:false"
"0068954408146","Fage® Total Strawberry 2% Milkfat Greek Yogurt Cup","Fage","1.59","5.3 oz","HIGH","inStore:true; curbside:true; delivery:true; shipToHome:false"
"0003663203904","Too Good & Co. Blended Vanilla Yogurt-Cultured Ultra-Filtered Low Fat Milk Product Cup","Too Good & Co.","1.5","5.3 fl oz","TEMPORARILY_OUT_OF_STOCK","inStore:true; curbside:true; delivery:true; shipToHome:false"
"0003663200837","Oikos Triple Zero Peach High Protein Nonfat Greek Yogurt Cup","Oikos","1.59","5.3 oz.","HIGH","inStore:true; curbside:true; delivery:true; shipToHome:false"
"0003663203903","Too Good & Co. Blended Mixed Berry Yogurt-Cultured Ultra-Filtered Low Fat Milk Product Cup","Too Good & Co.","1.5","5.3 fl oz","HIGH","inStore:true; curbside:true; delivery:true; shipToHome:false"
"0003663201329","Light + Fit Toasted Marshmallow Fat Free Greek Yogurt Cup","Light + Fit","1.29","5.3 fl oz","TEMPORARILY_OUT_OF_STOCK","inStore:false; curbside:false; delivery:false; shipToHome:false"
"0003663202411","Oikos REMIX Salted Caramel High Protein Nonfat Greek Yogurt Cup","Oikos","1.5","4.5 fl oz","HIGH","inStore:true; curbside:true; delivery:true; shipToHome:false"
"0003663202412","Oikos REMIX S'mores High Protein Nonfat Greek Yogurt Cup","Oikos","1.5","4.5 fl oz","HIGH","inStore:true; curbside:true; delivery:true; shipToHome:false"
"0003663202016","Oikos Triple Zero Cherry High Protein Nonfat Greek Yogurt Cups","Oikos","5.29","5.3 oz., 4 pack","HIGH","inStore:true; curbside:true; delivery:true; shipToHome:false"
"0081829001282","Chobani Non-Fat Blueberry on the Bottom Greek Yogurt 5.3oz 4ct","Chobani","5.49","4 ct / 5.3 oz","TEMPORARILY_OUT_OF_STOCK","inStore:true; curbside:true; delivery:true; shipToHome:false"
"0003663202494","Light + Fit REMIX Strawberry Cheesecake Fat Free Greek Yogurt Cups with Mix-Ins","Light + Fit","1.5","4.5 fl oz","HIGH","inStore:true; curbside:true; delivery:true; shipToHome:false"
"0001111013541","Kroger® Strawberry Fruit on the Bottom Nonfat Greek Yogurt Cup","Kroger","0.89","5.3 oz","HIGH","inStore:true; curbside:true; delivery:true; shipToHome:false"
"0081829001522","Chobani® 20g Protein Lowfat Greek Yogurt Drink Peaches & Cream 10 fl oz","Chobani","3.19","10 fl oz","HIGH","inStore:true; curbside:true; delivery:true; shipToHome:false"
"0081829001979","Chobani Reduced Fat Blended Greek Honey Vanilla Yogurt 32 oz","Chobani","6.79","32 oz","HIGH","inStore:true; curbside:true; delivery:true; shipToHome:false"
"0089470001019","Chobani Low-Fat Plain Greek Yogurt 32oz","Chobani","6.79","32 oz","HIGH","inStore:true; curbside:true; delivery:true; shipToHome:false"
"0001111050472","Kroger® Strawberry Nonfat Light Greek Yogurt Cup","Kroger","0.89","5.3 oz","TEMPORARILY_OUT_OF_STOCK","inStore:true; curbside:true; delivery:true; shipToHome:false"
"0003663204266","Oikos Pro 20g Protein Strawberry Yogurt-Cultured Ultra-Filtered Milk Product Cup​s","Oikos","6.99","4 ct / 5.3 fl oz","HIGH","inStore:true; curbside:true; delivery:true; shipToHome:false"
"0081829001259","Chobani® Non-Fat Greek Yogurt Blackberry on the Bottom 5.3oz","Chobani","1.5","5.3 oz","HIGH","inStore:true; curbside:true; delivery:true; shipToHome:false"
"0081829001854","Chobani Low-Fat Vanilla Tropical Fruit on the Bottom Greek Yogurt 5.3oz 4ct","Chobani","5.49","4 ct / 5.3 oz","HIGH","inStore:true; curbside:true; delivery:true; shipToHome:false"
"0081829001536","Chobani® 20g Protein Lowfat Greek Yogurt Mango 6.7oz Cup","Chobani","2.19","6.7 oz","HIGH","inStore:true; curbside:true; delivery:true; shipToHome:false"
"0081829001828","Chobani® Zero Sugar Vanilla Greek Yogurt Cup","Chobani","1.49","5.3 oz","HIGH","inStore:true; curbside:true; delivery:true; shipToHome:false"
"0068954408166","Fage® Total Blueberry 2% Milkfat Low Fat Greek Yogurt Cup","Fage","1.59","5.3 oz","HIGH","inStore:true; curbside:true; delivery:true; shipToHome:false"
"0003663203764","Dannon Light + Fit Toasted Coconut Vanilla Greek Fat Free Yogurt Cups","Light + Fit","4.49","4 ct / 5.3 fl oz","HIGH","inStore:true; curbside:true; delivery:true; shipToHome:false"
"0007047016485",":ratio™ Protein Strawberry Yogurt Cultured Dairy Snack",":ratio","1.99","5.3 oz","HIGH","inStore:true; curbside:true; delivery:true; shipToHome:false"
"0003663204259","Oikos Pro 25g Protein Plain Yogurt-Cultured Ultra-Filtered Milk Product Tub​","Oikos","8.49","32 fl oz","LOW","inStore:true; curbside:true; delivery:true; shipToHome:false"
"0007047016486",":ratio™ Protein Vanilla Yogurt Cultured Dairy Snack",":ratio","1.99","5.3 oz","HIGH","inStore:true; curbside:true; delivery:true; shipToHome:false"
"0003663204258","Oikos Pro 20g Protein Mixed Berry Yogurt-Cultured Ultra-Filtered Milk Product Cup","Oikos","1.99","5.3 fl oz","HIGH","inStore:true; curbside:true; delivery:true; shipToHome:false"
"0003663204257","Oikos Pro Strawberry High Protein Yogurt Cultured Dairy Product","Oikos","1.99","5.3 fl oz","HIGH","inStore:true; curbside:true; delivery:true; shipToHome:false"
"0081829001381","Chobani Non-Fat Plain Greek Yogurt 5.3oz 4ct","Chobani","5.49","4 ct / 5.3 oz","HIGH","inStore:true; curbside:true; delivery:true; shipToHome:false"
"0081829001183","Chobani® Clingstone Peach Less Sugar Low Fat Greek Yogurt Cup","Chobani","1.79","5.3 oz","HIGH","inStore:true; curbside:true; delivery:true; shipToHome:false"
"0003663204256","Oikos Pro 20g Protein Peach Yogurt-Cultured Ultra-Filtered Milk Product Cup​","Oikos","1.99","5.3 fl oz","HIGH","inStore:true; curbside:true; delivery:true; shipToHome:false"
"0081829001382","Chobani Non-Fat Raspberry on the Bottom Greek Yogurt 5.3oz 4ct","Chobani","5.49","4 ct / 5.3 oz","HIGH","inStore:true; curbside:true; delivery:true; shipToHome:false"
"0003663204255","Oikos Pro 20g Protein Vanilla Yogurt-Cultured Ultra-Filtered Milk Product Cup​","Oikos","1.99","5.3 fl oz","HIGH","inStore:true; curbside:true; delivery:true; shipToHome:false"
"0081829001147","Chobani® Madagascar Vanilla Cinnamon Less Sugar Low Fat Greek Yogurt Cup","Chobani","1.79","5.3 oz","HIGH","inStore:true; curbside:true; delivery:true; shipToHome:false"
"0081829001148","Chobani® Wild Blueberry Less Sugar Low Fat Greek Yogurt Cup","Chobani","1.79","5.3 oz","HIGH","inStore:true; curbside:true; delivery:true; shipToHome:false"
"0081829001149","Chobani® Monterey Strawberry Less Sugar Low Fat Greek Yogurt Cup","Chobani","1.79","5.3 oz","HIGH","inStore:true; curbside:true; delivery:true; shipToHome:false"
"0001111005172","Kroger® Protein Vanilla Yogurt","Kroger","5.99","32 oz","HIGH","inStore:true; curbside:true; delivery:true; shipToHome:false"
"0081829001867","Chobani® Zero Sugar Toasted Coconut Vanilla Greek Yogurt Cup","Chobani","1.49","5.3 oz","HIGH","inStore:true; curbside:true; delivery:true; shipToHome:false"
"0081829001944","Chobani® Reduced Fat Greek Yogurt Raspberry Lemonade 5.3oz 4PK","Chobani","5.49","4 ct / 5.3 oz","HIGH","inStore:true; curbside:true; delivery:true; shipToHome:false"
"0081829001868","Chobani® Zero Sugar Strawberry Cheesecake Greek Yogurt Cup","Chobani","1.49","5.3 oz","HIGH","inStore:true; curbside:true; delivery:true; shipToHome:false"
"0081829001959","Chobani Reduced Fat Blended Greek Coffee Yogurt 5.3 oz","Chobani","1.5","5.3 oz","HIGH","inStore:true; curbside:true; delivery:true; shipToHome:false"
"0003663202024","Oikos Triple Zero Blueberry High Protein Nonfat Greek Yogurt Cup","Oikos","1.59","5.3 oz.","HIGH","inStore:true; curbside:true; delivery:true; shipToHome:false"
"0007835558000","The Greek Gods® Greek Style Yogurt, Probiotic Yogurt, Plain Nonfat","The Greek Gods","4.79","24oz","TEMPORARILY_OUT_OF_STOCK","inStore:true; curbside:true; delivery:true; shipToHome:false"
"0081829001277","Chobani® Coconut Low Fat Greek Yogurt Cups","Chobani","5.49","4 ct / 5.3 oz","TEMPORARILY_OUT_OF_STOCK","inStore:false; curbside:false; delivery:false; shipToHome:false"
"0081829001158","Chobani® Whole Milk Honey Greek Yogurt Cup","Chobani","1.5","5.3 oz","HIGH","inStore:true; curbside:true; delivery:true; shipToHome:false"
"0081829001598","Chobani® 20g Protein Lowfat Greek Yogurt Raspberry Lemon 6.7oz 4PK","Chobani","7.79","4 ct / 6.7 oz","HIGH","inStore:true; curbside:true; delivery:true; shipToHome:false"
"0081829001238","Chobani® 20g Protein Lowfat Greek Yogurt Strawberry Kiwi 6.7oz Cup","Chobani","2.19","6.7 oz","LOW","inStore:true; curbside:true; delivery:true; shipToHome:false"
"0081829001239","Chobani® 20g Protein Lowfat Greek Yogurt Cherry Berry 6.7oz Cup","Chobani","2.19","6.7 oz","HIGH","inStore:true; curbside:true; delivery:true; shipToHome:false"
"0081829001515","Chobani® 20g Protein Lowfat Greek Yogurt Vanilla 6.7oz Cup","Chobani","2.19","6.7 oz","HIGH","inStore:true; curbside:true; delivery:true; shipToHome:false"
"0081829001516","Chobani® 20g Protein Lowfat Greek Yogurt Raspberry Lemon 6.7oz Cup","Chobani","2.19","6.7 oz","HIGH","inStore:true; curbside:true; delivery:true; shipToHome:false"
"0007047000319","Yoplait™ Original Orange Creme Flavored Low Fat Yogurt Cup","Yoplait","0.8","6 oz","HIGH","inStore:true; curbside:true; delivery:true; shipToHome:false"
"0003663203828","Light + Fit Caramel Apple Pie Fat Free Greek Yogurt Cup","Dannon","1.29","5.3 fl oz","TEMPORARILY_OUT_OF_STOCK","inStore:true; curbside:true; delivery:true; shipToHome:false"
"0001111013540","Kroger® Vanilla Blended Nonfat Greek Yogurt Cup","Kroger","0.89","5.3 oz","LOW","inStore:true; curbside:true; delivery:true; shipToHome:false"
"0081590902030","Noosa® Blackberry Yogurt Cup","Noosa","2.49","8 oz","HIGH","inStore:true; curbside:true; delivery:true; shipToHome:false"
"0003663202496","Dannon Light + Fit REMIX Brownie Sundae Vanilla Fat Free Greek Yogurt Cup with Mix-Ins","Light + Fit","1.5","4.5 fl oz","HIGH","inStore:true; curbside:true; delivery:true; shipToHome:false"
"0007835557025","The Greek Gods® Yogurt, Probiotic, Black Cherry with Honey","The Greek Gods","4.79","24 oz","HIGH","inStore:true; curbside:true; delivery:true; shipToHome:false"
"0001111013544","Kroger® Black Cherry Fruit on the Bottom Nonfat Greek Yogurt Cup","Kroger","0.89","5.3 oz","HIGH","inStore:true; curbside:true; delivery:true; shipToHome:false"
"0007835560042","The Greek Gods Salted Caramel with Honey Yogurt, Probiotic, Single-Serve Cup","The Greek Gods","1.59","5 oz","HIGH","inStore:true; curbside:true; delivery:true; shipToHome:false"
"0001111013543","Kroger® Peach Fruit on the Bottom Nonfat Greek Yogurt Cup","Kroger","0.89","5.3 oz","TEMPORARILY_OUT_OF_STOCK","inStore:true; curbside:true; delivery:true; shipToHome:false"
"0001111005235","Kroger® Protein Strawberry Yogurt Cup","Kroger","1.29","5.3 oz","TEMPORARILY_OUT_OF_STOCK","inStore:true; curbside:true; delivery:true; shipToHome:false"
"0007835557020","The Greek Gods® Yogurt, Probiotic, Peach with Honey","The Greek Gods","4.79","24 oz","HIGH","inStore:true; curbside:true; delivery:true; shipToHome:false"
"0003663204076","Dannon Light + Fit REMIX Carmel Apple Pie Flavored Fat Free Greek Yogurt Cups with Mix-Ins","Dannon","1.5","4.5 fl oz","TEMPORARILY_OUT_OF_STOCK","inStore:false; curbside:false; delivery:false; shipToHome:false"
"0007835560041","The Greek Gods Black Cherry with Honey Yogurt, Probiotic, Single-Serve Cup","The Greek Gods","1.59","5 oz","HIGH","inStore:true; curbside:true; delivery:true; shipToHome:false"
"0001111013542","Kroger® Blueberry Fruit on the Bottom Nonfat Greek Yogurt Cup","Kroger","0.89","5.3 oz","TEMPORARILY_OUT_OF_STOCK","inStore:true; curbside:true; delivery:true; shipToHome:false"
"0007835560040","The Greek Gods Blueberry with Honey Yogurt, Probiotic, Single-Serve Cup","The Greek Gods","1.59","5 oz","HIGH","inStore:true; curbside:true; delivery:true; shipToHome:false"
"0007047000310","Yoplait™ Original Low Fat Mixed Berry Yogurt Cup","Yoplait","0.8","6 oz","HIGH","inStore:true; curbside:true; delivery:true; shipToHome:false"
"0068954408196","Fage® Total Peach 2% Milkfat Low Fat Greek Yogurt Cup","Fage","1.59","5.3 oz","HIGH","inStore:true; curbside:true; delivery:true; shipToHome:false"
"0068954408156","Fage® Total Cherry 2% Milkfat Low Fat Greek Yogurt Cup","Fage","1.59","5.3 oz","HIGH","inStore:true; curbside:true; delivery:true; shipToHome:false"
"0007047000301","Yoplait™ Original Low Fat Red Raspberry Yogurt Cup","Yoplait","0.8","6 oz","HIGH","inStore:true; curbside:true; delivery:true; shipToHome:false"
"0001111050476","Kroger® Blueberry Nonfat Light Greek Yogurt Cup","Kroger","0.89","5.3 oz","HIGH","inStore:true; curbside:true; delivery:true; shipToHome:false"
"0001111050474","Kroger® Vanilla Nonfat Light Greek Yogurt Cup","Kroger","0.89","5.3 oz","HIGH","inStore:true; curbside:true; delivery:true; shipToHome:false"
"0001111014407","Kroger® CARBmaster® Peach Lactose Free Lowfat Yogurt Cup","Kroger","0.7","6 oz","HIGH","inStore:true; curbside:true; delivery:true; shipToHome:false"
"0001111014409","Kroger® CARBmaster® Strawberry Lactose Free Lowfat Yogurt Cup","Kroger","0.7","6 oz","HIGH","inStore:true; curbside:true; delivery:true; shipToHome:false"
"0003663201991","Oikos Triple Zero Cherry High Protein Nonfat Greek Yogurt Cup","Oikos","1.59","5.3 oz.","HIGH","inStore:true; curbside:true; delivery:true; shipToHome:false"
"0085392300250","Noosa® Strawberry Rhubarb Yogurt Cup","Noosa","2.49","8 oz","HIGH","inStore:true; curbside:true; delivery:true; shipToHome:false"
"0085392300210","Noosa® Lemon Yogurt Cup","Noosa","2.49","8 oz","HIGH","inStore:true; curbside:true; delivery:true; shipToHome:false"
"0081829001971","Chobani® Lowfat* Greek Yogurt Drink Strawberry Banana 7 fl oz 4PK","Chobani","7.79","4 ct / 7 oz","HIGH","inStore:true; curbside:true; delivery:true; shipToHome:false"
"0081829001972","Chobani Lowfat Greek Mixed Berry Yogurt Drink 4 - 7 fl oz Bottles","Chobani","7.79","4 ct / 7 oz","HIGH","inStore:true; curbside:true; delivery:true; shipToHome:false"
"0001111014402","Yogurt® CARBmaster® Banana Cream Pie Lactose Free Lowfat Yogurt Cup","Kroger","0.7","6 oz","HIGH","inStore:true; curbside:true; delivery:true; shipToHome:false"
"0001111014403","Kroger® CARBmaster® Blackberry Lactose Free Lowfatˆ Yogurt Cup","Kroger","0.7","6 oz","HIGH","inStore:true; curbside:true; delivery:true; shipToHome:false"
"0001111014404","Kroger® CARBmaster® Cherry Lactose Free Lowfat Yogurt Cup","Kroger","0.7","6 oz","HIGH","inStore:true; curbside:true; delivery:true; shipToHome:false"
"0081829001614","Chobani Less Sugar Low-Fat Madagascar Vanilla & Cinnamon Greek Yogurt 32oz","Chobani","6.79","32 oz","LOW","inStore:false; curbside:false; delivery:false; shipToHome:false"
"0081829001857","Chobani® Zero Sugar Vanilla Yogurt Tub","Chobani","6.79","32 oz","HIGH","inStore:true; curbside:true; delivery:true; shipToHome:false"
"0007047049647","Oui™ by Yoplait™ Strawberry Whole Milk French Style Yogurt Jar","Oui By Yoplait","1.79","5 oz","HIGH","inStore:true; curbside:true; delivery:true; shipToHome:false"
"0007835557005","The Greek Gods® Greek Style Yogurt, Probiotic Yogurt, Strawberry with Honey","The Greek Gods","4.79","24oz","TEMPORARILY_OUT_OF_STOCK","inStore:true; curbside:true; delivery:true; shipToHome:false"
"0003663202432","Oikos Triple Zero Plain High Protein Nonfat Greek Yogurt Tub","Oikos","7.49","32 fl oz","HIGH","inStore:true; curbside:true; delivery:true; shipToHome:false"
"0085392300260","Noosa® Peach Yogurt Cup","Noosa","2.49","8 oz","HIGH","inStore:true; curbside:true; delivery:true; shipToHome:false"
"0003663204099","Dannon Light + Fit Birthday Cake Greek Fat Free Yogurt Cup","Dannon","1.29","5.3 fl oz","TEMPORARILY_OUT_OF_STOCK","inStore:false; curbside:false; delivery:false; shipToHome:false"
"0001111014410","Kroger® CARBmaster® Strawberry Banana Lactose Free Lowfat Yogurt Cup","Kroger","0.7","6 oz","HIGH","inStore:true; curbside:true; delivery:true; shipToHome:false"
"0001111014411","Kroger® CARBmaster® Vanilla Lactose Free Lowfat Yogurt Cup","Kroger","0.7","6 oz","HIGH","inStore:true; curbside:true; delivery:true; shipToHome:false"
"0001111014413","Kroger® CARBmaster® Orange Vanilla Lactose Free Lowfat Yogurt Cup","Kroger","0.7","6 oz","HIGH","inStore:true; curbside:true; delivery:true; shipToHome:false"
"0068954408130","Fage® Total Honey 2% Milkfat Low Fat Greek Yogurt Cup","Fage","1.59","5.3 oz","HIGH","inStore:true; curbside:true; delivery:true; shipToHome:false"
"0007047000643","Yoplait™ Light Very Vanilla Fat Free Yogurt Cup","Yoplait","0.8","6 oz","HIGH","inStore:true; curbside:true; delivery:true; shipToHome:false"
"0003663203753","Light + Fit Strawberry Cheesecake Fat Free Greek Yogurt Cup","Light + Fit","1.29","5.3 fl oz","LOW","inStore:true; curbside:true; delivery:true; shipToHome:false"
"0081829001590","Chobani® 20g Protein Lowfat Greek Yogurt Plain 32oz","Chobani","6.99","32 oz","HIGH","inStore:true; curbside:true; delivery:true; shipToHome:false"
"0007047018759","Yoplait™ Original Low Fat Harvest Peach Yogurt Cups","Yoplait","5.99","8 ct / 6 oz","HIGH","inStore:true; curbside:true; delivery:true; shipToHome:false"
"0007047000321","Yoplait™ Original Low Fat Key Lime Pie Yogurt Cup","Yoplait","0.8","6 oz","HIGH","inStore:true; curbside:true; delivery:true; shipToHome:false"
"0007835560039","The Greek Gods Honey Vanilla Yogurt, Probiotic, Single-Serve Cup","The Greek Gods","1.59","5 oz","HIGH","inStore:true; curbside:true; delivery:true; shipToHome:false"
"0001111013539","Kroger® Mixed Berry Blended Nonfat Greek Yogurt Cup","Kroger","0.89","5.3 oz","LOW","inStore:true; curbside:true; delivery:true; shipToHome:false"
"0007047040387","Yoplait™ Original Low Fat Strawberry Yogurt Cups","Yoplait","5.99","8 ct / 6 oz","HIGH","inStore:true; curbside:true; delivery:true; shipToHome:false"
"0007047046118","Yoplait® The Super Mario Galaxy Movie Low Fat Yogurt Cups Variety Pack","Yoplait","4.99","8 ct / 4 oz","HIGH","inStore:true; curbside:true; delivery:true; shipToHome:false"
"0001111005238","Kroger® Protein Mixed Berry Yogurt Cup","Kroger","1.29","5.3 oz","TEMPORARILY_OUT_OF_STOCK","inStore:true; curbside:true; delivery:true; shipToHome:false"
"0081590902151","Noosa® Cinnamon Roll Yogurt Cup","Noosa","2.49","8 oz","LOW","inStore:true; curbside:true; delivery:true; shipToHome:false"
"0001111005237","Kroger® Protein Peach Yogurt Cup","Kroger","1.29","5.3 oz","TEMPORARILY_OUT_OF_STOCK","inStore:true; curbside:true; delivery:true; shipToHome:false"
"0003663202413","Oikos REMIX Berry Dark Chocolate Crisp 11g Protein Mixed Berry Nonfat Yogurt with Mix-Ins","Oikos","1.5","4.5 fl oz","HIGH","inStore:true; curbside:true; delivery:true; shipToHome:false"
"0003663202414","Oikos REMIX Cookies & Cream 11g Protein Vanilla Nonfat Greek Yogurt with Mix-Ins","Oikos","1.5","4.5 fl oz","HIGH","inStore:true; curbside:true; delivery:true; shipToHome:false"
"0003663202851","Activia Black Cherry & Mixed Berry Probiotic Low Fat Yogurt Cups","Activia","7.49","12 ct / 4 fl oz","HIGH","inStore:true; curbside:true; delivery:true; shipToHome:false"
"0007047023071",":ratio ™ Pro-Fiber Blueberry Yogurt Cultured Dairy Snack Cup",":ratio","1.69","5.3 oz","HIGH","inStore:true; curbside:true; delivery:true; shipToHome:false"
"0007047014171","Yoplait™ Original Low Fat Yogurt Cups Variety Pack","Yoplait","5.99","8 ct / 6 oz","HIGH","inStore:true; curbside:true; delivery:true; shipToHome:false"
"0007047018495","Oui™ by Yoplait™ Vanilla and Chocolate Whole Milk French Style Yogurt Jar","Oui By Yoplait","1.79","5 oz","HIGH","inStore:true; curbside:true; delivery:true; shipToHome:false"
"0007047000109","Yoplait® Whips!® Strawberry Mist Reduced Fat Yogurt Mousse Cup","Yoplait","0.8","4 oz","HIGH","inStore:true; curbside:true; delivery:true; shipToHome:false"
"0007047023006",":ratio™ Pro-Fiber Vanilla Yogurt Cultured Dairy Snack Cup",":ratio","1.69","5.3 oz","HIGH","inStore:true; curbside:true; delivery:true; shipToHome:false"
"0085392300213","Noosa® Coconut Yogurt Cup","Noosa","2.49","8 oz","HIGH","inStore:true; curbside:true; delivery:true; shipToHome:false"
"0007047010375","Oui™ by Yoplait™ Raspberry Whole Milk French Style Yogurt Jar","Oui By Yoplait","1.79","5 oz","HIGH","inStore:true; curbside:true; delivery:true; shipToHome:false"
"0003663202763","Activia Strawberry & Blueberry Probiotic Low Fat Yogurt Cups","Activia","7.49","12 ct / 4 fl oz","HIGH","inStore:true; curbside:true; delivery:true; shipToHome:false"
"0003663203576","Activia Peach & Strawberry Probiotic Low Fat Yogurt Cups","Activia","7.49","12 ct / 4 fl oz","HIGH","inStore:true; curbside:true; delivery:true; shipToHome:false"
"0003663204263","Oikos Pro 23g Protein Vanilla Yogurt-Cultured Ultra-Filtered Milk Product Tub​","Oikos","8.49","32 fl oz","LOW","inStore:true; curbside:true; delivery:true; shipToHome:false"
"0001111005222","Kroger® Protein Vanilla Yogurt Cup","Kroger","1.29","5.3 oz","TEMPORARILY_OUT_OF_STOCK","inStore:true; curbside:true; delivery:true; shipToHome:false"
"0003663200260","Light + Fit Vanilla Gluten-Free Fat Free Yogurt Tub","Light + Fit","3.99","32 fl oz","HIGH","inStore:true; curbside:true; delivery:true; shipToHome:false"
"0007047049652","Oui™ by Yoplait™ Coconut Whole Milk French Style Yogurt Jar","Oui By Yoplait","1.79","5 oz","HIGH","inStore:true; curbside:true; delivery:true; shipToHome:false"
"0007047022393","Oui™ by Yoplait™ Pina Colada Whole Milk French Style Yogurt","Oui By Yoplait","1.79","5 oz","HIGH","inStore:true; curbside:true; delivery:true; shipToHome:false"
"0003663204060","Too Good & Co. Peach Zero Sugar Yogurt Cultured Low Fat Milk Product Cup","Too Good & Co.","1.5","5.3 fl oz","HIGH","inStore:true; curbside:true; delivery:true; shipToHome:false"
"0001111006393","Kroger® Plain Low Fat Yogurt Tub","Kroger","2.99","32 oz","HIGH","inStore:true; curbside:true; delivery:true; shipToHome:false"
"0007047049654","Oui™ by Yoplait™ Black Cherry Whole Milk French Style Yogurt Jar","Oui By Yoplait","1.79","5 oz","HIGH","inStore:true; curbside:true; delivery:true; shipToHome:false"
"0001111014405","Kroger® CARBmaster® Cinnamon Roll Lactose Free Lowfat Yogurt Cup","Kroger","0.7","6 oz","HIGH","inStore:true; curbside:true; delivery:true; shipToHome:false"
"0085392300290","Noosa® Tart Cherry Yogurt Cup","Noosa","2.49","8 oz","HIGH","inStore:true; curbside:true; delivery:true; shipToHome:false"
"0007047022446",":ratio™ Protein Yogurt Cultured Dairy Snack, Strawberry Cheesecake, 25g Protein",":ratio","1.99","5.3 oz","HIGH","inStore:true; curbside:true; delivery:true; shipToHome:false"
"0007047000653","Yoplait Light Cherry Fat Free Yogurt Cup","Yoplait","0.8","6 oz","HIGH","inStore:true; curbside:true; delivery:true; shipToHome:false"
"0007047000655","Yoplait Light Harvest Peach Fat Free Yogurt Cup","Yoplait","0.8","6 oz","HIGH","inStore:true; curbside:true; delivery:true; shipToHome:false"
"0003663203922","Too Good & Co. Blended Coconut Yogurt-Cultured Ultra-Filtered Low Fat Milk Product Cup","Too Good & Co.","1.5","5.3 fl oz","HIGH","inStore:true; curbside:true; delivery:true; shipToHome:false"
"0007047018502","Oui™ by Yoplait™ Mocha and Chocolate Whole Milk French Style Yogurt Jar","Oui By Yoplait","1.79","5 oz","HIGH","inStore:true; curbside:true; delivery:true; shipToHome:false"
"0003663203920","Too Good & Co. Blended Vanilla Yogurt-Cultured Ultra-Filtered Low Fat Milk Product Tub","Too Good & Co.","6.99","32 fl oz","HIGH","inStore:true; curbside:true; delivery:true; shipToHome:false"
"0007047016487",":ratio™ Protein Blueberry Yogurt Cultured Dairy Snack",":ratio","1.99","5.3 oz","HIGH","inStore:true; curbside:true; delivery:true; shipToHome:false"
"0007047018388","Yoplait Original French Vanilla Low Fat Yogurt Cups","Yoplait","5.99","8 ct / 6 oz","HIGH","inStore:true; curbside:true; delivery:true; shipToHome:false"
"0001111014419","Kroger® CARBmaster® Vanilla Lactose Free Lowfat Yogurt Tub","Kroger","2.99","32 oz","HIGH","inStore:true; curbside:true; delivery:true; shipToHome:false"
"0003663201142","Oikos Pro 20g Protein Key Lime Yogurt-Cultured Ultra-Filtered Milk Product Cup​","Oikos","1.99","5.3 fl oz","HIGH","inStore:true; curbside:true; delivery:true; shipToHome:false"
"0003663204057","Too Good & Co. Blueberry Zero Sugar Yogurt Cultured Low Fat Milk Product Cup","Too Good & Co.","1.5","5.3 fl oz","HIGH","inStore:true; curbside:true; delivery:true; shipToHome:false"
"0003663204056","Too Good & Co. Strawberry Zero Sugar Yogurt Cultured Low Fat Milk Product Cups","Too Good & Co.","1.5","5.3 fl oz","HIGH","inStore:true; curbside:true; delivery:true; shipToHome:false"
"0003663204055","Too Good & Co. Madagascar Vanilla Zero Sugar Yogurt Cultured Low Fat Milk Product Cup","Too Good & Co.","1.5","5.3 fl oz","HIGH","inStore:true; curbside:true; delivery:true; shipToHome:false"
"0001111005213","Kroger® Protein Plain Yogurt","Kroger","5.99","32 oz","HIGH","inStore:true; curbside:true; delivery:true; shipToHome:false"
"0007047000650","Yoplait™ Light Strawberry Fat Free Yogurt Cup","Yoplait","0.8","6 oz","LOW","inStore:true; curbside:true; delivery:true; shipToHome:false"
"0007047023334",":ratio™ Pro-Fiber Pina Colada Yogurt Cultured Dairy Snack Cup",":ratio","1.69","5.3 oz","HIGH","inStore:true; curbside:true; delivery:true; shipToHome:false"
"0007047049646","Oui™ by Yoplait™ Vanilla Whole Milk French Style Yogurt Jar","Oui By Yoplait","1.79","5 oz","HIGH","inStore:true; curbside:true; delivery:true; shipToHome:false"
"0007047023226",":ratio™ Pro-Fiber Lemon Meringue Yogurt Cultured Dairy Snack Cup",":ratio","1.69","5.3 oz","TEMPORARILY_OUT_OF_STOCK","inStore:true; curbside:true; delivery:true; shipToHome:false"
"0007047021805","Yoplait Protein Vanilla Fat Free Yogurt Tub","Yoplait","4.69","30 oz","HIGH","inStore:true; curbside:true; delivery:true; shipToHome:false"
"0001111006613","Kroger® Plain Whole Milk Yogurt Tub","Kroger","2.99","32 oz","HIGH","inStore:true; curbside:true; delivery:true; shipToHome:false"
"0007047016496","Ratio™ Protein Key Lime Yogurt Cultured Dairy Snack",":ratio","1.99","5.3 oz","HIGH","inStore:true; curbside:true; delivery:true; shipToHome:false"
"0007047016497",":ratio™ Protein Coconut Yogurt Cultured Dairy Snack",":ratio","1.99","5.3 oz","LOW","inStore:true; curbside:true; delivery:true; shipToHome:false"
"0003663200282","Dannon Plain Whole Milk Yogurt Tub","Dannon","3.99","32 oz","HIGH","inStore:true; curbside:true; delivery:true; shipToHome:false"
"0081829001831","Chobani® Zero Sugar Blueberry Yogurt Cup","Chobani","1.49","5.3 oz","HIGH","inStore:true; curbside:true; delivery:true; shipToHome:false"
"0001111069148","Private Selection® Lemon Herb Marinated Boneless Skinless Chicken Thighs","Private Selection","10","1.31 lb","","inStore:true; curbside:true; delivery:true; shipToHome:false"
"0001111069149","Private Selection Black Pepper Chicken Thigh","Private Selection","10","21 oz","","inStore:false; curbside:false; delivery:false; shipToHome:false"
"0024061550000","Simple Truth Natural Chicken Breasts","Simple Truth","5.99","1 lb","HIGH","inStore:true; curbside:true; delivery:true; shipToHome:false"
"0001111000906","Kroger® Frozen Boneless Skinless Raw Chicken Tenderloins","Kroger","9.99","2.5 lb","","inStore:true; curbside:true; delivery:true; shipToHome:false"
"0026064500000","Tyson® All Natural Fresh Chicken Thighs","Tyson","2.99","1 lb","HIGH","inStore:true; curbside:true; delivery:true; shipToHome:false"
"0025313500000","Heritage Farm® Bone In Skin On Chicken Wings","Heritage Farm","3.49","1 lb","HIGH","inStore:true; curbside:true; delivery:true; shipToHome:false"
"0027061550000","Perdue® Fresh Boneless Skinless Chicken Breasts Value Pack","Perdue","5.49","1 lb","TEMPORARILY_OUT_OF_STOCK","inStore:false; curbside:false; delivery:false; shipToHome:false"
"0024086500000","Miller Poultry Boneless Skinless Fresh Chicken Thighs","Miller Poultry","6.49","1 lb","TEMPORARILY_OUT_OF_STOCK","inStore:true; curbside:true; delivery:true; shipToHome:false"
"0021862400000","PERDUE® HARVESTLAND® Organic Boneless Skinless Chicken Breast","Perdue","8.99","1 lb","TEMPORARILY_OUT_OF_STOCK","inStore:false; curbside:false; delivery:false; shipToHome:false"
"0001111063604","Heritage Farm® Bone In Skin On Chicken Leg Quarters","Heritage Farm","7.99","10 lb","LOW","inStore:true; curbside:true; delivery:true; shipToHome:false"
"0028334750000","Heritage Farm® Bone In Skin On Chicken Thighs","Heritage Farm","1.99","1 lb","HIGH","inStore:true; curbside:true; delivery:true; shipToHome:false"
"0026086200000","Tyson® All Natural Fresh Thin Sliced Boneless Skinless Chicken Breasts with Rib Meat","Tyson","5.99","1 lb","HIGH","inStore:true; curbside:true; delivery:true; shipToHome:false"
"0020890050000","Simple Truth Organic® Boneless Skinless Fresh Organic Chicken Breast Tenders","Simple Truth Organic","9.99","1 lb","HIGH","inStore:true; curbside:true; delivery:true; shipToHome:false"
"0026061500000","Tyson® All Natural Fresh Boneless Skinless Chicken Breasts with Rib Meat","Tyson","4.49","1 lb","HIGH","inStore:true; curbside:true; delivery:true; shipToHome:false"
"0028896350000","Simple Truth® Natural Boneless and Skinless Fresh Chicken Thighs Griller Pack BIG DEAL!","Simple Truth","4.99","1 lb","HIGH","inStore:true; curbside:true; delivery:true; shipToHome:false"
"0007274566615","PERDUE® HARVESTLAND® Organic Chicken Breasts Value Pack","Perdue","7.99","2.9 lbs","TEMPORARILY_OUT_OF_STOCK","inStore:false; curbside:false; delivery:false; shipToHome:false"
"0028334850000","Heritage Farm® Bone In Skin On Whole Young Chicken","Heritage Farm","1.49","1 lb","HIGH","inStore:true; curbside:true; delivery:true; shipToHome:false"
"0025313700000","Heritage Farm® Boneless Skinless Thin Sliced Chicken Breasts","Heritage Farm","4.89","1 lb","TEMPORARILY_OUT_OF_STOCK","inStore:true; curbside:true; delivery:true; shipToHome:false"
"0029082900000","Simple Truth Organic® Boneless & Skinless Fresh Organic Chicken Breasts","Simple Truth Organic","8.99","1 lb","HIGH","inStore:true; curbside:true; delivery:true; shipToHome:false"
"0025313650000","Heritage Farm® Boneless Skinless Chicken Thighs","Heritage Farm","3.99","1 lb","HIGH","inStore:true; curbside:true; delivery:true; shipToHome:false"
"0024096150000","Simple Truth® Natural Boneless Skinless Fresh Chicken Breast Cutlets","Simple Truth","6.99","1 lb","HIGH","inStore:true; curbside:true; delivery:true; shipToHome:false"
"0028334900000","Heritage Farm® Boneless Skinless Chicken Breasts","Heritage Farm","2.89","1 lb","HIGH","inStore:true; curbside:true; delivery:true; shipToHome:false"
"0024898750000","Simple Truth® Natural Boneless and Skinless Fresh Chicken Thighs","Simple Truth","4.99","1 lb","HIGH","inStore:true; curbside:true; delivery:true; shipToHome:false"
"0025074900000","Perdue® Boneless Skinless Chicken Breasts","Perdue","4.99","1 lb","TEMPORARILY_OUT_OF_STOCK","inStore:false; curbside:false; delivery:false; shipToHome:false"
"0001111069151","Private Selection® Pollo Asado Marinated Boneless Skinless Chicken Thighs","Private Selection","10","1.31 lb","","inStore:true; curbside:true; delivery:true; shipToHome:false"
"0001111069152","Private Selection® Chile Lime Marinated Boneless Skinless Chicken Breasts","Private Selection","10","1.31 lb","","inStore:true; curbside:true; delivery:true; shipToHome:false"
"0025313400000","Heritage Farm® Boneless Skinless Chicken Tenderloins","Heritage Farm","4.49","1 lb","HIGH","inStore:true; curbside:true; delivery:true; shipToHome:false"
"0023093650000","PERDUE® HARVESTLAND® Organic Chicken Breast Tenderloins","Perdue","9.99","1 lb","TEMPORARILY_OUT_OF_STOCK","inStore:false; curbside:false; delivery:false; shipToHome:false"
"0001111068479","Private Selection® Classic Seasoned Whole Roasted Chicken Hot - Available 11am-7pm","Private Selection","7.99","32 oz","","inStore:true; curbside:true; delivery:true; shipToHome:false"
"0020094700000","Simple Truth® Natural Boneless Skinless Fresh Chicken Breast Family Pack BIG DEAL!","Simple Truth","5.99","1 lb","HIGH","inStore:true; curbside:true; delivery:true; shipToHome:false"
"0020095850000","Simple Truth Organic® Boneless & Skinless Fresh Organic Chicken Thighs","Simple Truth Organic","7.99","1 lb","HIGH","inStore:true; curbside:true; delivery:true; shipToHome:false"
"0026080800000","Tyson® All Natural Fresh Chicken Drumsticks","Tyson","2.99","1 lb","HIGH","inStore:true; curbside:true; delivery:true; shipToHome:false"
"0026066400000","Tyson All Natural Fresh Chicken Breast Tenderloins","Tyson","5.99","1 lb","HIGH","inStore:true; curbside:true; delivery:true; shipToHome:false"
"0020075850000","Simple Truth Organic® Fresh Chicken Drumsticks","Simple Truth Organic","3.99","1 lb","TEMPORARILY_OUT_OF_STOCK","inStore:false; curbside:false; delivery:false; shipToHome:false"
"0024058150000","Simple Truth® Natural Boneless & Skinless Fresh Chicken Breast Tenders","Simple Truth","6.99","1 lb","HIGH","inStore:true; curbside:true; delivery:true; shipToHome:false"
"0001111063825","Kroger® Fresh Uncooked Chicken Drumsticks","Kroger","5","4.5 lb","HIGH","inStore:true; curbside:true; delivery:true; shipToHome:false"
"0021862450000","PERDUE® HARVESTLAND® Organic Boneless Skinless Thin Sliced Chicken Breast","Perdue","9.99","1 lb","TEMPORARILY_OUT_OF_STOCK","inStore:false; curbside:false; delivery:false; shipToHome:false"
"0007274506839","Perdue® Shortcuts® Individually Sealed Boneless Skinless Chicken Breasts","Perdue","8.99","1.5 lbs","HIGH","inStore:true; curbside:true; delivery:true; shipToHome:false"
"0025093600000","Perdue® Fresh Boneless Skinless Chicken Breast Tenderloins","Perdue","5.99","1 lb","TEMPORARILY_OUT_OF_STOCK","inStore:false; curbside:false; delivery:false; shipToHome:false"
"0024890600000","Miller Poultry Boneless Skinless Fresh Chicken Breast","","6.99","1 lb","HIGH","inStore:true; curbside:true; delivery:true; shipToHome:false"
"0026086500000","Tyson® All Natural Fresh Boneless Skinless Chicken Thighs","Tyson","4.49","1 lb","HIGH","inStore:true; curbside:true; delivery:true; shipToHome:false"
"0001111018028","Kroger® Boneless Skinless Uncooked Chicken Breast With Rib Meat Thin-Sliced","Kroger","5","1.25 lb","HIGH","inStore:true; curbside:true; delivery:true; shipToHome:false"
"0026082900000","Tyson® All Natural Fresh Boneless Skinless Chicken Breasts","Tyson","4.99","1 lb","HIGH","inStore:true; curbside:true; delivery:true; shipToHome:false"
"0024890000000","Miller Poultry Bone-In Fresh Chicken Breast","","4.99","1 lb","TEMPORARILY_OUT_OF_STOCK","inStore:true; curbside:true; delivery:true; shipToHome:false"
"0028334800000","Heritage Farm® Bone In Skin On Chicken Drumsticks","Heritage Farm","1.49","1 lb","HIGH","inStore:true; curbside:true; delivery:true; shipToHome:false"
"0026081000000","Tyson® All Natural Fresh Chicken Wings","Tyson","4.99","1 lb","HIGH","inStore:true; curbside:true; delivery:true; shipToHome:false"
"0025086500000","Perdue® Fresh Boneless Skinless Chicken Thighs","Perdue","4.49","1 lb","TEMPORARILY_OUT_OF_STOCK","inStore:false; curbside:false; delivery:false; shipToHome:false"
"0001111065930","Kroger® Whole Fresh Chicken Wings","Kroger","10","3.25 lb","TEMPORARILY_OUT_OF_STOCK","inStore:true; curbside:true; delivery:true; shipToHome:false"
"0007274506861","PERDUE® SHORTCUTS® Individually Sealed Boneless Skinless Chicken Breasts, Garlic Herb","Perdue","8.99","1.5 lbs","TEMPORARILY_OUT_OF_STOCK","inStore:true; curbside:true; delivery:true; shipToHome:false"
"0025061900000","PERDUE® Thin Sliced Boneless Skinless Chicken Breasts","Perdue","6.99","1 lb","TEMPORARILY_OUT_OF_STOCK","inStore:false; curbside:false; delivery:false; shipToHome:false"
"0001111014592","Kroger® Frozen Fully Cooked Oven Roasted Chicken Wings","Kroger","9.29","22 oz","TEMPORARILY_OUT_OF_STOCK","inStore:true; curbside:true; delivery:true; shipToHome:false"
"0001111068852","Kroger® Shaved Chicken","Kroger","4.99","10 oz","","inStore:true; curbside:true; delivery:true; shipToHome:false"
"0007701361563","Just Bare Fully Cooked Lightly Breaded Spicy Chicken Breast Strips","Just Bare","11.99","1.5 lb","TEMPORARILY_OUT_OF_STOCK","inStore:false; curbside:false; delivery:false; shipToHome:false"
"0026080500000","Tyson® Premium Fresh Young Chicken","Tyson","1.79","1 lb","HIGH","inStore:true; curbside:true; delivery:true; shipToHome:false"
"0024080900000","Miller Poultry Bone-In Fresh Chicken Thighs","Miller Poultry","3.49","1 lb","TEMPORARILY_OUT_OF_STOCK","inStore:true; curbside:true; delivery:true; shipToHome:false"
"0025081000000","Perdue® Fresh Whole Chicken Wings","Perdue","4.99","1 lb","TEMPORARILY_OUT_OF_STOCK","inStore:false; curbside:false; delivery:false; shipToHome:false"
"0007274554618","Perdue® Harvestland® Individually Wrapped Boneless Skinless Chicken Breast","Perdue","12","2.25 lb","","inStore:true; curbside:true; delivery:true; shipToHome:false"
"0002370006172","Tyson High Protein Unbreaded Simple Ingredients Chicken Nuggets","Tyson","9.99","22 oz","TEMPORARILY_OUT_OF_STOCK","inStore:true; curbside:true; delivery:true; shipToHome:false"
"0002718272984","Tyson® Chicken Breast Filets Sweet & Smokey BBQ Freshly Seasoned Boneless Skinless Ready to Cook","Tyson","5","12 oz","","inStore:true; curbside:true; delivery:true; shipToHome:false"
"0007274554614","Perdue® Harvestland® Diced Individually Wrapped Chicken Breasts","Perdue","12","2 lbs","","inStore:true; curbside:true; delivery:true; shipToHome:false"
"0024080800000","Miller Poultry Fresh Chicken Drumsticks","Miller Poultry","3.49","1 lb","HIGH","inStore:true; curbside:true; delivery:true; shipToHome:false"
"0081066300666","Casazon™ Achiote Seasoned Chicken Breats","Casazon","8","24 oz","","inStore:true; curbside:true; delivery:true; shipToHome:false"
"0023536470000","Home Chef Cold Cattleman's BBQ Boneless Chicken Wings","Home Chef","9.99","1 lb","","inStore:true; curbside:true; delivery:true; shipToHome:false"
"0007701361574","Just Bare Fully Cooked Lightly Breaded Chicken Breast Original Fillets","Just Bare","11.99","1.5 lb","HIGH","inStore:true; curbside:true; delivery:true; shipToHome:false"
"0024894500000","Miller Poultry Whole Fresh Chicken","","2.99","1 lb","HIGH","inStore:true; curbside:true; delivery:true; shipToHome:false"
"0075579573003","Kinder's® Sweet & Spicy Korean Chicken Wings","Kinder's","11.29","19 oz","HIGH","inStore:true; curbside:true; delivery:true; shipToHome:false"
"0007274580140","Perdue® Fun Shaped Frozen Fully Cooked Chicken Breast Safari Nuggets","Perdue","7.99","27 oz","HIGH","inStore:true; curbside:true; delivery:true; shipToHome:false"
"0001111013634","Kroger® Frozen Fully Cooked Buffalo Style Chicken Wings","Kroger","9.29","22 oz","HIGH","inStore:true; curbside:true; delivery:true; shipToHome:false"
"0007274554369","PERDUE® HARVESTLAND® Organic Ground Chicken","Perdue","6.99","1 lb","TEMPORARILY_OUT_OF_STOCK","inStore:true; curbside:true; delivery:true; shipToHome:false"
"0001111031922","Simple Truth Organic® Boneless & Skinless Frozen Organic Chicken Breast Thin Sliced","Simple Truth Organic","15.99","32 oz","","inStore:true; curbside:true; delivery:true; shipToHome:false"
"0001111069150","Private Selection® Honey Dijon Marinated Boneless Skinless Chicken Breasts","Private Selection","10","1.31 lb","","inStore:false; curbside:false; delivery:false; shipToHome:false"
"0007701301314","Pilgrim's® Cheesy Jalapeno Loaded Chicken Nuggets","Pilgrim's","6.99","19.2 oz","HIGH","inStore:false; curbside:false; delivery:false; shipToHome:false"
"0007274506369","Perdue® NAE Tray Pack Ground Chicken","Perdue","4.99","1 lb","HIGH","inStore:true; curbside:true; delivery:true; shipToHome:false"
"0009222786810","Meatballs by Amylu Italian-Style Chicken Meatballs","AMYLU","5.99","10 oz","LOW","inStore:true; curbside:true; delivery:true; shipToHome:false"
"0007274506328","Perdue® NAE Tray Pack Ground Chicken Breast Meat","Perdue","5.49","1 lb","HIGH","inStore:true; curbside:true; delivery:true; shipToHome:false"
"0027086200000","PERDUE® HARVESTLAND® Organic Boneless Skinless Chicken Thighs","Perdue","8.99","1 lb","TEMPORARILY_OUT_OF_STOCK","inStore:false; curbside:false; delivery:false; shipToHome:false"
"0020069500000","Gerber's Amish Farm Whole Fresh Chicken","Gerber's Amish Farm","2.49","1 lb","TEMPORARILY_OUT_OF_STOCK","inStore:false; curbside:false; delivery:false; shipToHome:false"
"0007274562620","Perdue® Shortcuts® NAE Diced Chicken Breasts","Perdue","7.99","1.25 lb","HIGH","inStore:true; curbside:true; delivery:true; shipToHome:false"
"0024071850000","Simple Truth® Naturalˆ Fresh Chicken Drumsticks","Simple Truth","2.99","1 lb","HIGH","inStore:true; curbside:true; delivery:true; shipToHome:false"
"0024064600000","PERDUE® No Antibiotics Ever Fresh Chicken Thighs Value, Traypack","Perdue","2.49","1 lb","HIGH","inStore:true; curbside:true; delivery:true; shipToHome:false"
"0081066300674","El Rey Casazon Achiote Seasoned Boneless Chicken Thighs","El Rey","7","1 lb","","inStore:true; curbside:true; delivery:true; shipToHome:false"
"0020265500000","Miller Poultry Boneless Chicken Breast Strips","Miller Poultry","6.99","1 lb","TEMPORARILY_OUT_OF_STOCK","inStore:true; curbside:true; delivery:true; shipToHome:false"
"0020094800000","Gerber's Amish Farm Ground Fresh Chicken","Gerber's Amish Farm","4.79","1 lb","TEMPORARILY_OUT_OF_STOCK","inStore:false; curbside:false; delivery:false; shipToHome:false"
"0007274500858","Perdue® No Antibiotics Ever Fresh Oven Ready Whole Seasoned Roaster","Perdue","11.99","6 lbs","HIGH","inStore:false; curbside:false; delivery:false; shipToHome:false"
"0001111067787","Kroger® Chicken Breast Fajitas with Bell Peppers and Onions","Kroger","7","1 lb","","inStore:true; curbside:true; delivery:true; shipToHome:false"
"0009222781110","Meatballs by Amylu Sea Salt Black Pepper Chicken Meatballs - 10 oz Base","AMYLU","5.99","10 oz","LOW","inStore:false; curbside:false; delivery:false; shipToHome:false"
"0007274566629","PERDUE® RESERVE™ Frozen Boneless Skinless Chicken Breast, 3 Count","Perdue","10.29","3 ct / 1.125 lbs","","inStore:true; curbside:true; delivery:true; shipToHome:false"
"0002370005904","Tyson Frozen Hot Honey Seasoned Chicken Wings","Tyson","13.29","2.5 lb","","inStore:true; curbside:true; delivery:true; shipToHome:false"
"0001111067790","Kroger® Chicken Breast Kabobs with Onion and Bell Pepper","Kroger","10","17.82 oz","","inStore:true; curbside:true; delivery:true; shipToHome:false"
"0025313450000","Heritage Farm® Bone In Skin On Split Chicken Breasts","Heritage Farm","2.49","1 lb","TEMPORARILY_OUT_OF_STOCK","inStore:true; curbside:true; delivery:true; shipToHome:false"
"0024077500000","Miller Poultry Fresh Chicken Wings","Miller Poultry","5.49","1 lb","HIGH","inStore:true; curbside:true; delivery:true; shipToHome:false"
"0020891150000","Simple Truth Organic® Fresh Organic Whole Chicken with Giblets","Simple Truth Organic","3.99","1 lb","TEMPORARILY_OUT_OF_STOCK","inStore:false; curbside:false; delivery:false; shipToHome:false"
"0024061700000","Miller Poultry Fresh Chicken Wings Drumsticks","","5.99","1 lb","HIGH","inStore:true; curbside:true; delivery:true; shipToHome:false"
"0025080800000","Perdue® Fresh Chicken Drumsticks","Perdue","2.99","1 lb","TEMPORARILY_OUT_OF_STOCK","inStore:false; curbside:false; delivery:false; shipToHome:false"
"0021866200000","Flamin' Hot® Ready to Heat Boneless Chicken Wings","Kroger","9.99","1 ct","","inStore:true; curbside:true; delivery:true; shipToHome:false"
"0002370016220","Tyson® Thin Sliced Boneless Skinless Chicken Breasts","Tyson","12.99","40 oz","","inStore:true; curbside:true; delivery:true; shipToHome:false"
"0007274504246","Perdue® Shortcuts® Grilled White Meat Chicken Strips","Perdue","4.49","8 oz","HIGH","inStore:true; curbside:true; delivery:true; shipToHome:false"
"0025084300000","Perdue® Fresh Chicken Drumsticks Value Pack","Perdue","2.49","1 lb","HIGH","inStore:true; curbside:true; delivery:true; shipToHome:false"
"0001111013619","Kroger® Frozen Fully Cooked Boneless Skinless Diced Chicken Breast","Kroger","7.99","22 oz","HIGH","inStore:true; curbside:true; delivery:true; shipToHome:false"
"0021866150000","Flamin’ Hot® Ready to Eat Boneless Chicken Wings (Available 11-7pm)","Kroger","9.99","1 ct","","inStore:false; curbside:false; delivery:false; shipToHome:false"
"0001111006809","Simple Truth® Cold Deli Fresh Whole Rotisserie Chicken","Simple Truth","9.99","2 lb","","inStore:true; curbside:true; delivery:true; shipToHome:false"
"0001111006806","Simple Truth Fresh Hot Roasted Whole Rotisserie Chicken - Available 11am-7pm","Simple Truth","9.99","2 lb","","inStore:true; curbside:true; delivery:true; shipToHome:false"
"0084013430953","Home Chef Fried Chicken 8PC Cold","Home Chef","8.99","8 pc","","inStore:true; curbside:true; delivery:true; shipToHome:false"
"0028762520000","Home Chef Pulled Chicken","Home Chef","","1 lb","","inStore:false; curbside:false; delivery:false; shipToHome:false"
"0084013430951","Home Chef Cold 8-Pc Fried Chicken","Home Chef","8.99","8 pc","","inStore:true; curbside:true; delivery:true; shipToHome:false"
"0084013430950","Home Chef Hot 8-Pc Fried Chicken (Available 11-7pm)","Home Chef","8.99","8 pc","","inStore:true; curbside:true; delivery:true; shipToHome:false"
"0081026402845","Kevin's Natural Foods Paleo Butter Chicken Meal","Kevin's Natural Foods","10.99","16 oz","TEMPORARILY_OUT_OF_STOCK","inStore:true; curbside:true; delivery:true; shipToHome:false"
"0001111063602","Heritage Farm® Chicken Livers","Heritage Farm","2.49","20 oz","HIGH","inStore:true; curbside:true; delivery:true; shipToHome:false"
"0084013430948","Home Chef 4-Piece Hot Fried Chicken (Available 11-7pm)","Home Chef","5","4 pc","","inStore:true; curbside:true; delivery:true; shipToHome:false"
"0007562056813","Tyson® All Natural* Chicken Livers","Tyson","2.99","20 oz","TEMPORARILY_OUT_OF_STOCK","inStore:true; curbside:true; delivery:true; shipToHome:false"
"0081066300665","Casazon™ Citrus Seasoned Chicken","Casazon","8","24 oz","","inStore:true; curbside:true; delivery:true; shipToHome:false"
"0029062400000","Fresh Chicken Seasoned Leg Quarters","","1.99","1 lb","","inStore:true; curbside:true; delivery:true; shipToHome:false"
"0075579573001","Kinder's® Original Recipe Party Wings - Sticky Honey BBQ","Kinder's","11.29","19 oz","HIGH","inStore:true; curbside:true; delivery:true; shipToHome:false"
"0075579573000","Kinder's® Original Recipe Party Wings - Buttery Buffalo","Kinder's","11.29","19 oz","HIGH","inStore:true; curbside:true; delivery:true; shipToHome:false"
"0022660670000","Home Chef Cold Breaded Plain Chicken Wings","Home Chef","9.99","16 oz","","inStore:true; curbside:true; delivery:true; shipToHome:false"
"0002718272970","Tyson® Chicken Breast Filets Classic Garlic & Herb Freshly Seasoned Boneless Skinless Ready to Cook","Tyson","5","12 oz","","inStore:true; curbside:true; delivery:true; shipToHome:false"
"0023536460000","Home Chef Cold Frank's Buffalo Boneless Chicken Wings","Home Chef","9.99","1 lb","","inStore:true; curbside:true; delivery:true; shipToHome:false"
"0002718272972","Tyson® Chicken Breast Filets Teriyaki Flavored Freshly Seasoned Boneless Skinless Ready to Cook","Tyson","5","12 oz","","inStore:true; curbside:true; delivery:true; shipToHome:false"
"0002718272971","Tyson® Chicken Breast Filets Seasoned Steakhouse Freshly Marinated Boneless Skinless Ready to Cook","Tyson","5","12 oz","","inStore:true; curbside:true; delivery:true; shipToHome:false"
"0005229407825","Lemon Pepper Marinated Chicken Breast on Skeweres","Old Neighborhood","7.99","16 oz","","inStore:true; curbside:true; delivery:true; shipToHome:false"
"0081026402373","Kevin's Natural Foods Thai-Style Coconut Chicken","Kevin's Natural Foods","10.99","16 oz","LOW","inStore:true; curbside:true; delivery:true; shipToHome:false"
"0001111063774","Heritage Farm® Natural Chicken Gizzards","Heritage Farm","2.19","20 oz","HIGH","inStore:true; curbside:true; delivery:true; shipToHome:false"
"0022660680000","Home Chef Cold Sizzlin' Bone-In Chicken Wings","Fresh Foods Market","9.99","16 oz","","inStore:true; curbside:true; delivery:true; shipToHome:false"
"0075363320060","Schaller & Webber All Natural Chicken Liver Pate","Schaller & Weber","9.99","7 oz","","inStore:false; curbside:false; delivery:false; shipToHome:false"
"0084013430977","Home Chef Cold Chicken Tenders","Home Chef","5","5 pc","","inStore:true; curbside:true; delivery:true; shipToHome:false"
"0088993002007","Farmer Focus Organic Chicken Skewers Grilled Mediterranean Style","Farmer Focus","12.99","6 ct / 10.58 oz","HIGH","inStore:true; curbside:true; delivery:true; shipToHome:false"
"0022660660000","Home Chef Roasted Bone-In Chicken Wings","Home Chef","9.99","16 oz","","inStore:true; curbside:true; delivery:true; shipToHome:false"
"0020081700000","Simple Truth® Natural Party Fresh Chicken Wings","Simple Truth","4.99","1 each","TEMPORARILY_OUT_OF_STOCK","inStore:false; curbside:false; delivery:false; shipToHome:false"
"0007740043133","Hidden Valley The Original Ranch Toppers Buffalo-Style Ranch Seasoned Shredded Chicken 6 oz","Hidden Valley","5.49","6 oz","HIGH","inStore:true; curbside:true; delivery:true; shipToHome:false"
"0062790709390","Marcangelo® Honey BBQ Bacon Wrapped Chicken Skewer","Marcangelo","5","9.8 oz","","inStore:false; curbside:false; delivery:false; shipToHome:false"
"0002370006160","Tyson Frozen Grilled Boneless Chicken Bites Cup","Tyson","4.99","5.2 oz","HIGH","inStore:true; curbside:true; delivery:true; shipToHome:false"
"0007274500134","PERDUE® SHORTCUTS® Fully Cooked NAE Grilled Fajita Style Chicken Strips","Perdue","8.49","16 oz","TEMPORARILY_OUT_OF_STOCK","inStore:true; curbside:true; delivery:true; shipToHome:false"
"0005229407917","Jamaican Jerk Marinated Chicken Breast on a Skewer","Old Neighborhood","7.99","16 oz","","inStore:true; curbside:true; delivery:true; shipToHome:false"
"0023536520000","Home Chef Cold Cattleman's BBQ Bone-In Chicken Wings","Home Chef","9.99","1 lb","","inStore:true; curbside:true; delivery:true; shipToHome:false"
"0084013431238","Home Chef Popcorn Chicken Hot (Available 11-7pm)","Home Chef","2.99","5 oz","","inStore:false; curbside:false; delivery:false; shipToHome:false"
"0002531738565","Applegate Naturals Lightly Breaded Popcorn Chicken","Applegate Naturals","14.99","16 oz","TEMPORARILY_OUT_OF_STOCK","inStore:false; curbside:false; delivery:false; shipToHome:false"
"0001111015901","Kroger® Frozen Fully Cooked Crispy Popcorn Chicken","Kroger","7.99","24 oz","LOW","inStore:true; curbside:true; delivery:true; shipToHome:false"
"0002370001627","Tyson Frozen Oven Roasted Diced Chicken Breast","Tyson","9.99","22 oz","HIGH","inStore:true; curbside:true; delivery:true; shipToHome:false"
"0001111068487","Private Selection® Lemon Herb Whole Roasted Chicken Hot - Available 11am-7pm","Private Selection","7.99","32 oz","","inStore:true; curbside:true; delivery:true; shipToHome:false"
"0001111068488","Private Selection® Lemon Herb Whole Roasted Chicken Cold","Private Selection","7.99","32 oz ","","inStore:true; curbside:true; delivery:true; shipToHome:false"
"0027720110000","Home Chef Classic Pulled Chicken","Home Chef","10.99","1 lb","","inStore:false; curbside:false; delivery:false; shipToHome:false"
"0009222785308","Burgers by Amylu Spinach & Feta Chicken Burgers","AMYLU","6.99","8 oz","HIGH","inStore:true; curbside:true; delivery:true; shipToHome:false"
"0084013430246","Home Chef Baked Chicken Hot (Available 11-7pm)","Home Chef","8.99","1 ct","","inStore:true; curbside:true; delivery:true; shipToHome:false"
"0084013430044","Home Chef Baked Chicken 8PC Hot (Available 11-7pm)","Home Chef","8.99","8 pc","","inStore:true; curbside:true; delivery:true; shipToHome:false"
"0070311009153","Suzanna's Kitchen Fully Cooked Classic Seasoned Roasted Chicken","","12.99","32 oz","","inStore:false; curbside:false; delivery:false; shipToHome:false"
"0001111097860","Kroger® Frozen Raw Boneless Skinless Chicken Breasts","Kroger","9.99","3 lb","","inStore:true; curbside:true; delivery:true; shipToHome:false"
"0001111068480","Private Selection® Classic Seasoned Whole Roasted Chicken Cold","Private Selection","7.99","32 oz","","inStore:true; curbside:true; delivery:true; shipToHome:false"
"0024661510000","Home Chef Cold Plain Boneless Chicken Wings","Home Chef","9.99","16 oz","","inStore:true; curbside:true; delivery:true; shipToHome:false"
"0001111068483","Private Selection® Garlic and Herb Whole Roasted Chicken Hot - Available 11am-7pm","Private Selection","7.99","32 oz ","","inStore:true; curbside:true; delivery:true; shipToHome:false"
"0001111068484","Private Selection® Garlic and Herb Whole Roasted Chicken Cold","Private Selection","7.99","32 oz ","","inStore:true; curbside:true; delivery:true; shipToHome:false"
"0007274580471","Perdue® Frozen Fully Cooked Breaded Crispy Chicken Breast Strips","Perdue","10.99","26 oz","HIGH","inStore:true; curbside:true; delivery:true; shipToHome:false"
"0002370001485","Tyson Frozen Southern Style Chicken Breast Tenderloins","Tyson","9.99","25 oz","HIGH","inStore:true; curbside:true; delivery:true; shipToHome:false"
"0007274580431","Perdue® Frozen Fully Cooked Breaded Chicken Breast Tenders","Perdue","7.99","29 oz","HIGH","inStore:true; curbside:true; delivery:true; shipToHome:false"
"0002370001405","Tyson Any'tizers Frozen Buffalo Style Boneless Chicken Bites","Tyson","9.99","24 oz","HIGH","inStore:true; curbside:true; delivery:true; shipToHome:false"
"0002370001409","Tyson Frozen Buffalo Style Chicken Strips","Tyson","9.99","25 oz","HIGH","inStore:true; curbside:true; delivery:true; shipToHome:false"
"0003100067090","Banquet Chicken Nuggets, Frozen Meal","Banquet","5.49","32 oz","HIGH","inStore:false; curbside:false; delivery:false; shipToHome:false"
"0002370002686","Tyson Frozen Southern Style Chicken Breast Tenderloins Family Pack","Tyson","14.99","2.5 lb","HIGH","inStore:true; curbside:true; delivery:true; shipToHome:false"
"0007701361575","Just Bare Fully Cooked Lightly Breaded Chicken Breast Bites","Just Bare","16.99","2.25 lb","HIGH","inStore:true; curbside:true; delivery:true; shipToHome:false"
"0027535620000","Home Chef Sizzlin' Wing Hot (Available 11-7pm)","Home Chef","9.99","1 lb","","inStore:false; curbside:false; delivery:false; shipToHome:false"
"0007701361572","Just Bare Fully Cooked Lightly Breaded Chicken Breast Spicy Bites","Just Bare","11.99","1.5 lb","TEMPORARILY_OUT_OF_STOCK","inStore:false; curbside:false; delivery:false; shipToHome:false"
"0001111013834","Kroger® Frozen Fully Cooked Crispy Chicken Bites","Kroger","7.99","22 oz","LOW","inStore:true; curbside:true; delivery:true; shipToHome:false"
"0001111013635","Kroger® Frozen Fully Cooked Crispy Traditional Chicken Wings","Kroger","9.29","22 oz","HIGH","inStore:true; curbside:true; delivery:true; shipToHome:false"
"0007274580423","Perdue® Frozen Fully Cooked Breaded Chicken Breast Nuggets","Perdue","7.99","29 oz","HIGH","inStore:true; curbside:true; delivery:true; shipToHome:false"
"0027535590000","Home Chef Roasted Wing Hot (Available 11-7pm)","Home Chef","9.99","1 lb","","inStore:true; curbside:true; delivery:true; shipToHome:false"
"0001380013660","Lean Cuisine Signature Chicken Teriyaki Frozen Lunch Frozen Meals","Lean Cuisine","3.99","8.5 oz","HIGH","inStore:true; curbside:true; delivery:true; shipToHome:false"
"0001111015931","Kroger® Frozen Fully Cooked Crispy Chicken Breast Strips","Kroger","7.99","25 oz","HIGH","inStore:true; curbside:true; delivery:true; shipToHome:false"
"0001111015932","Kroger® Frozen Fully Cooked Crispy Chicken Nuggets","Kroger","5.99","29 oz","HIGH","inStore:true; curbside:true; delivery:true; shipToHome:false"
"0001111015933","Kroger® Frozen Fully Cooked Crispy Chicken Breast Strips BIG DEAL!","Kroger","10.99","40 oz","HIGH","inStore:true; curbside:true; delivery:true; shipToHome:false"
"0001111015934","Kroger® Frozen Fully Cooked Crispy Chicken Nuggets BIG DEAL!","Kroger","11.99","64 oz","HIGH","inStore:true; curbside:true; delivery:true; shipToHome:false"
"0084013430935","Home Chef Hot St. Louis Style BBQ Full Slab Ribs (Available 11-7pm)","Home Chef","14.99","1 ct","","inStore:true; curbside:true; delivery:true; shipToHome:false"
"0084013430933","Home Chef Cold St. Louis Style BBQ Full Slab Ribs","Home Chef","14.99","1 ct","","inStore:true; curbside:true; delivery:true; shipToHome:false"
"0001111096942","Kroger® Raw Frozen Bone In Skin On Chicken Wings","Kroger","9.99","2.5 lb","","inStore:true; curbside:true; delivery:true; shipToHome:false"
"0001111097872","Kroger® Raw Frozen Bone In Skin On Chicken Wings Party Size","Kroger","13.99","4 lb","","inStore:true; curbside:true; delivery:true; shipToHome:false"
"0007274580458","Perdue® Simply Smart® Frozen Fully Cooked Lightly Breaded Chicken Breast Chunks","Perdue","10.99","22 oz","HIGH","inStore:true; curbside:true; delivery:true; shipToHome:false"
"0002370001625","Tyson Frozen Grilled Chicken Breast Strips","Tyson","9.99","22 oz","TEMPORARILY_OUT_OF_STOCK","inStore:false; curbside:false; delivery:false; shipToHome:false"
"0002370001866","Tyson Frozen Crispy Chicken Breast Strips Family Pack","Tyson","14.99","2.5 lb","HIGH","inStore:true; curbside:true; delivery:true; shipToHome:false"
"0001111068273","Private Selection® Ready to Cook Chicken Parmesan","Private Selection","10","20 oz","","inStore:false; curbside:false; delivery:false; shipToHome:false"
"0001111015900","Kroger® Frozen Fully Cooked Crispy Chicken Fries","Kroger","7.99","26.5 oz","HIGH","inStore:true; curbside:true; delivery:true; shipToHome:false"
"0006456322681","Yummy Dino Buddies Frozen Fully Cooked Dinosaur Shaped Chicken Breast Nuggets","Yummy","14.99","56 oz","HIGH","inStore:true; curbside:true; delivery:true; shipToHome:false"
"0001111015902","Kroger® Frozen Fully Cooked Crispy Chicken Breast Patties","Kroger","5.99","23 oz","HIGH","inStore:true; curbside:true; delivery:true; shipToHome:false"
"0027535610000","Home Chef Plain Wing Hot (Available 11-7pm)","Home Chef","9.99","1 lb","","inStore:true; curbside:true; delivery:true; shipToHome:false"
"0085003616805","Real Good Foods Lightly Breaded Chicken Strips","The Real Good Food Company","8.79","20 oz","TEMPORARILY_OUT_OF_STOCK","inStore:false; curbside:false; delivery:false; shipToHome:false"
"0007701361559","Just Bare Fully Cooked Lightly Breaded Chicken Breast Strips","Just Bare","11.99","1.5 lb","TEMPORARILY_OUT_OF_STOCK","inStore:false; curbside:false; delivery:false; shipToHome:false"
"0006456322677","Yummy Dino Buddies Dinosaur-Shaped Chicken Breast Nuggets, 35 oz","Yummy","9.79","35 oz","HIGH","inStore:true; curbside:true; delivery:true; shipToHome:false"
"0002370006026","Tyson Frozen Chicken Nuggets","Tyson","7.49","29 oz","HIGH","inStore:true; curbside:true; delivery:true; shipToHome:false"
"0002370001410","Tyson Frozen Crispy Chicken Breast Strips","Tyson","9.99","25 oz","HIGH","inStore:true; curbside:true; delivery:true; shipToHome:false"
"0007701361557","Just Bare Fully Cooked Lightly Breaded Chicken Breast Bites","Just Bare","11.99","1.5 lb","HIGH","inStore:false; curbside:false; delivery:false; shipToHome:false"
"0002370006027","Tyson Frozen Stuffed Chicken Breasts Cordon Bleu","Tyson","4.99","2 count","","inStore:true; curbside:true; delivery:true; shipToHome:false"
"0002370006025","Tyson Frozen Chicken Nuggets Family Pack","Tyson","14.79","4 lb","HIGH","inStore:true; curbside:true; delivery:true; shipToHome:false"
"0002370006022","Tyson Frozen Chicken Patties Family Pack","Tyson","14.79","3.37 lb","HIGH","inStore:true; curbside:true; delivery:true; shipToHome:false"
"0002370006023","Tyson Frozen Chicken Patties","Tyson","7.49","23 oz","HIGH","inStore:true; curbside:true; delivery:true; shipToHome:false"
"0002370001493","Tyson Any'tizers Frozen Sweet BBQ Flavored Boneless Chicken Bites","Tyson","9.99","24 oz","HIGH","inStore:true; curbside:true; delivery:true; shipToHome:false"
"0002370006021","Tyson Any'tizers Frozen Crispy Chicken Fries","Tyson","9.99","26.5 oz","HIGH","inStore:true; curbside:true; delivery:true; shipToHome:false"
"0085003616803","Real Good Foods Lightly Breaded Chicken Nuggets","The Real Good Food Company","8.79","20 oz","TEMPORARILY_OUT_OF_STOCK","inStore:false; curbside:false; delivery:false; shipToHome:false"
"0001111097861","Kroger® Frozen Raw Boneless Skinless Chicken Thighs","Kroger","10.99","3 lb","","inStore:true; curbside:true; delivery:true; shipToHome:false"
"0007274580489","Perdue® Simply Smart® Organic Gluten-Free Frozen Fully Cooked Breaded Chicken Breast Tenders","Perdue","11.79","22 oz","HIGH","inStore:true; curbside:true; delivery:true; shipToHome:false"
"0002370001415","Tyson Any’tizers Frozen Crispy Boneless Chicken Bites","Tyson","9.99","24 oz","HIGH","inStore:true; curbside:true; delivery:true; shipToHome:false"
"0001111013618","Kroger® Frozen Fully Cooked Grilled Chicken Breast Strips","Kroger","7.99","22 oz","HIGH","inStore:true; curbside:true; delivery:true; shipToHome:false"
"0084013431009","Home Chef 5-Pc Drumsticks Hot (Available 11-7pm)","Home Chef","5","5 pc","","inStore:true; curbside:true; delivery:true; shipToHome:false"
"0001111015835","Kroger® Frozen Fully Cooked Zoo Crispy Chicken Nuggets","Kroger","5.99","29 oz","LOW","inStore:true; curbside:true; delivery:true; shipToHome:false"
"0006456322701","Yummy Dino Buddies Frozen Fully Cooked Whole Grain Dinosaur Shaped Chicken Breast Nuggets","Yummy","9.79","35 oz","LOW","inStore:false; curbside:false; delivery:false; shipToHome:false"
"0007701361606","Just Bare Fully Cooked Lightly Breaded Chicken Breast Strips","Just Bare","16.99","36 oz","TEMPORARILY_OUT_OF_STOCK","inStore:false; curbside:false; delivery:false; shipToHome:false"
"0003469583071","Checkers® & Rally’s® Spicy Chicken Bites","Checkers/Rally's","7.29","16 oz","LOW","inStore:true; curbside:true; delivery:true; shipToHome:false"
"0007701301065","Fully Cooked Popcorn Chicken Popcorn Shaped Breaded Chicken Breastpatties With Rib Meat","Pilgrim's","6.99","1.5 lb","HIGH","inStore:true; curbside:true; delivery:true; shipToHome:false"
"0002370006211","Tyson Cheddar Bacon Ranch Breaded Raw Stuffed Raw Chicken Breast","Tyson","4.99","10 oz","","inStore:true; curbside:true; delivery:true; shipToHome:false"
"0003100000000","Banquet MEGA Filets Original Crispy Chicken Filets, Frozen Meal","Banquet","6.79","24 oz","HIGH","inStore:true; curbside:true; delivery:true; shipToHome:false"
"0089344700146","Hart Authentic Frozen Raw Teriyaki Chicken","Hart Authentic","8.49","32 oz","","inStore:true; curbside:true; delivery:true; shipToHome:false"
"0089344700145","Hart Authentic® Frozen Raw Orange Chicken","Hart Authentic","8.49","32 oz","","inStore:true; curbside:true; delivery:true; shipToHome:false"
"0007274580461","Perdue® Frozen Fully Cooked Breaded Popcorn Chicken Breast Chunks","Perdue","10.99","26 oz","HIGH","inStore:true; curbside:true; delivery:true; shipToHome:false"
"0002531722590","Applegate All Natural Gluten-Free Frozen Breaded Chicken Breast Tenders","Applegate","14.99","16 oz","HIGH","inStore:false; curbside:false; delivery:false; shipToHome:false"
"0007701361611","Just Bare® Original Oven Roasted Chicken Breast Bites","Just Bare","11.99","19.2 oz","HIGH","inStore:true; curbside:true; delivery:true; shipToHome:false"
"0002370004982","Tyson Frozen Blackened Flavored Chicken Tenders","Tyson","9.99","20 oz","LOW","inStore:false; curbside:false; delivery:false; shipToHome:false"
"0002370006000","Tyson® Simple Ingredient Chicken Breast Strips Fully Cooked Frozen Appetizers","Tyson","9.99","20 oz","HIGH","inStore:false; curbside:false; delivery:false; shipToHome:false"
"0002370006003","Tyson® Simple Ingredient Boneless Chicken Bites Fully Cooked Frozen Appetizers","Tyson","9.99","20 oz","TEMPORARILY_OUT_OF_STOCK","inStore:false; curbside:false; delivery:false; shipToHome:false"
"0002370006045","Tyson Frozen Grilled Boneless Chicken Bites","Tyson","9.99","20 oz","HIGH","inStore:true; curbside:true; delivery:true; shipToHome:false"
"0002370006086","Tyson Frozen Hot Orange Boneless Chicken Bites","Tyson","9.99","20 oz","LOW","inStore:false; curbside:false; delivery:false; shipToHome:false"
"0062985911715","Winganza Frozen Raw Buffalo Style Chicken Wings","Winganza","23.99","5 lb","","inStore:true; curbside:true; delivery:true; shipToHome:false"
"0002531705518","Applegate All Natural Frozen Chicken Nuggets","Applegate","14.99","16 oz","TEMPORARILY_OUT_OF_STOCK","inStore:false; curbside:false; delivery:false; shipToHome:false"
"0071785413050","White Castle™ Original Chicken Rings","White Castle","10.99","20 oz","HIGH","inStore:true; curbside:true; delivery:true; shipToHome:false"
"0001111015852","Simple Truth® Frozen Fully Cooked Protein Lightly Breaded Chicken Bites","Simple Truth","8.49","20 oz","TEMPORARILY_OUT_OF_STOCK","inStore:false; curbside:false; delivery:false; shipToHome:false"
"0002531705519","Applegate All Natural Gluten-Free Frozen Chicken Nuggets","Applegate","14.99","16 oz","HIGH","inStore:false; curbside:false; delivery:false; shipToHome:false"
"0001111015537","Kroger® Frozen Fully Cooked Chicken Breast Fillets","Kroger","10.99","27 oz","TEMPORARILY_OUT_OF_STOCK","inStore:true; curbside:true; delivery:true; shipToHome:false"
"0001111062086","Simple Truth® Natural Chicken Patties","Simple Truth","9.99","6 ct / 32 oz","LOW","inStore:true; curbside:true; delivery:true; shipToHome:false"
"0001111015935","Kroger® Frozen Fully Cooked Crispy Chicken Tenders","Kroger","7.99","29 oz","HIGH","inStore:true; curbside:true; delivery:true; shipToHome:false"
"0001111067941","Kroger® Boneless Skinless Chicken Breasts","Kroger","15.99","5 lb","","inStore:true; curbside:true; delivery:true; shipToHome:false"
"0001111067942","Kroger® Boneless Skinless Frozen Chicken Breast BIG DEAL!","Kroger","24.99","8 lb","","inStore:true; curbside:true; delivery:true; shipToHome:false"
"0002370006158","Tyson Popcorn Chicken Bites Cup","Tyson","4.99","5.3 oz","LOW","inStore:true; curbside:true; delivery:true; shipToHome:false"
"0002370005588","Tyson Frozen Original Chicken Breast Sandwich","Tyson","9.49","24 oz","LOW","inStore:true; curbside:true; delivery:true; shipToHome:false"
"0007274580411","Perdue® Frozen Fully Cooked Breaded Chicken Breast Patties","Perdue","7.99","28.8 oz","HIGH","inStore:true; curbside:true; delivery:true; shipToHome:false"
"0002370006079","Tyson Frozen Mediterranean Style Boneless Chicken Bites","Tyson","9.99","20 oz","TEMPORARILY_OUT_OF_STOCK","inStore:false; curbside:false; delivery:false; shipToHome:false"
"0007274580377","Perdue® Simply Smart® Organic Frozen Fully Cooked Lightly Breaded Dino Chicken Breast Nuggets","Perdue","11.79","24 oz","HIGH","inStore:true; curbside:true; delivery:true; shipToHome:false"
"0002370005585","Tyson Frozen Spicy Chicken Breast Sandwich","Tyson","9.49","24 oz","LOW","inStore:true; curbside:true; delivery:true; shipToHome:false"
"0001111015903","Simple Truth® Frozen Fully Cooked Animal Shaped Lightly Breaded Chicken Nuggets","Simple Truth","6.99","24 oz","HIGH","inStore:false; curbside:false; delivery:false; shipToHome:false"
"0001111015501","Kroger® Frozen Fully Cooked Spicy Chicken Nuggets","Kroger","5.99","22 oz","HIGH","inStore:true; curbside:true; delivery:true; shipToHome:false"
"0007274580656","Perdue® Simply Smart® Organic Gluten-Free Frozen Fully Cooked Breaded Chicken Breast Nuggets","Perdue","11.79","22 oz","HIGH","inStore:true; curbside:true; delivery:true; shipToHome:false"
"0001111015502","Simple Truth® Frozen Fully Cooked Lightly Breaded Chicken Breast Strips","Simple Truth","11.79","24 oz","HIGH","inStore:false; curbside:false; delivery:false; shipToHome:false"
"0003469583693","Checkers® & Rally’s® Chicken Bites","Checkers/Rally's","7.29","16 oz","LOW","inStore:true; curbside:true; delivery:true; shipToHome:false"
"0007701301172","Pilgrim's Pride Ultimate Nuggets Nugget Shaped Breaded Chicken Breast Patties With Rib Meat","Pilgrim's","6.99","1.5 lb","TEMPORARILY_OUT_OF_STOCK","inStore:false; curbside:false; delivery:false; shipToHome:false"
"0085003616807","Real Good Foods Orange Chicken Bowl, 9oz","The Real Good Food Company","5.99","9 oz","TEMPORARILY_OUT_OF_STOCK","inStore:true; curbside:true; delivery:true; shipToHome:false"
"0002370006028","Tyson Frozen Stuffed Chicken Breasts Broccoli Cheese","Tyson","4.99","2 count","","inStore:true; curbside:true; delivery:true; shipToHome:false"
"0002370001413","Tyson Frozen Sweet BBQ Flavored Chicken Strips","Tyson","9.99","25 oz","HIGH","inStore:false; curbside:false; delivery:false; shipToHome:false"
"0003100012018","Banquet Chicken Breast Patties, Frozen Meal","Banquet","5.49","24 oz","LOW","inStore:false; curbside:false; delivery:false; shipToHome:false"
"0001111097308","Kroger® Frozen Raw Thinly Sliced Boneless Skinless Chicken Breast Cutlets","Kroger","10.99","2.5 lb","","inStore:true; curbside:true; delivery:true; shipToHome:false"
"0002370005055","Tyson Frozen Baked Chicken Breast Nuggets","Tyson","7.49","25 oz","HIGH","inStore:false; curbside:false; delivery:false; shipToHome:false"
"0002370006102","Tyson Frozen Stuffed Chicken Breasts Creme Brie Apple","Tyson","4.99","2 ct","","inStore:true; curbside:true; delivery:true; shipToHome:false"
"0002370006069","Tyson Frozen Lightly Breaded Buffalo Style Chicken Strips","Tyson","9.99","20 oz","HIGH","inStore:false; curbside:false; delivery:false; shipToHome:false"
"0006456322719","Yummy® Dino Buddies® All Natural Dinosaur Shaped Chicken Nuggets","Yummy","9.79","32 oz","LOW","inStore:true; curbside:true; delivery:true; shipToHome:false"
"0007701316585","Country Pride Frozen Raw Southern Style Chicken Breast Chunks","Country Pride","9.99","32 oz","","inStore:true; curbside:true; delivery:true; shipToHome:false"
"0089344700150","Hart® Authentic General Tso's Chicken","Hart","8.49","32 oz","","inStore:true; curbside:true; delivery:true; shipToHome:false"
"0001111015836","Simple Truth® Frozen Fully Cooked Lightly Breaded Chicken Breast Bites","Simple Truth","11.79","24 oz","TEMPORARILY_OUT_OF_STOCK","inStore:false; curbside:false; delivery:false; shipToHome:false"
"0024581150000","Private Selection® Golden Roasted Lower Sodium† Deli Chicken Breast Sliced","Private Selection","11.99","1 lb","","inStore:true; curbside:true; delivery:true; shipToHome:false"
"0071785466312","Authentic Asia™ Orange Chicken","Authentic Asia","4.99","10 oz","TEMPORARILY_OUT_OF_STOCK","inStore:false; curbside:false; delivery:false; shipToHome:false"
"0004470003159","Oscar Mayer Deli Fresh Rotisserie Seasoned Chicken Breast Thin Sliced Lunchmeat","Oscar Mayer","7.49","16 oz","HIGH","inStore:true; curbside:true; delivery:true; shipToHome:false"
"0001111060649","Kroger® Chicken Salad","Kroger","6.99","4 ct / 3 oz","HIGH","inStore:true; curbside:true; delivery:true; shipToHome:false"
"0001111063600","Kroger® Oven Roasted Chicken Breast and Uncured Honey Ham Variety Pack Deli Thin Sliced BIG DEAL!","Kroger","6.79","16 oz","HIGH","inStore:true; curbside:true; delivery:true; shipToHome:false"
"0007111719008","Reser's® Rotisserie Chicken Salad","Reser's","7.99","12 oz","HIGH","inStore:true; curbside:true; delivery:true; shipToHome:false"
"0001111067844","Simple Truth® Natural Bratwurst Chicken Sausage Links 12 OZ","Simple Truth","8.99","5 ct / 12 oz","TEMPORARILY_OUT_OF_STOCK","inStore:false; curbside:false; delivery:false; shipToHome:false"
"0004948500234","Chicken Philly Kit 4/4pk","J.T.M.","19.99","36 oz","","inStore:true; curbside:true; delivery:true; shipToHome:false"
"0084013430949","Home Chef Fried Chicken 4PC Cold","Home Chef","5","4 ct","","inStore:true; curbside:true; delivery:true; shipToHome:false"
"0076401433352","Aidells® Smoked Chicken Sausage Pineapple & Bacon","Aidells","5.99","12 oz","LOW","inStore:true; curbside:true; delivery:true; shipToHome:false"
"0001111097725","Kroger® Chicken Breast Deli Thin Sliced","Kroger","3.99","9 oz","HIGH","inStore:true; curbside:true; delivery:true; shipToHome:false"
"0071785413051","White Castle™ Spicy Chicken Rings","White Castle","10.99","20 oz","HIGH","inStore:true; curbside:true; delivery:true; shipToHome:false"
"0025858510000","Private Selection® Jalapeno Chicken Breast Deli Sliced","Private Selection","11.99","1 lb","","inStore:true; curbside:true; delivery:true; shipToHome:false"
"0081026402372","Kevin's Natural Foods Paleo Teriyaki Style Chicken","Kevin's Natural Foods","10.99","16 oz","TEMPORARILY_OUT_OF_STOCK","inStore:true; curbside:true; delivery:true; shipToHome:false"
"0001111015538","Kroger® Frozen Fully Cooked Spicy Chicken Breast Fillets","Kroger","10.99","27 oz","HIGH","inStore:true; curbside:true; delivery:true; shipToHome:false"
"0001111068794","Kroger® Breaded Chicken Chunks","Kroger","14.99","3 lb","","inStore:true; curbside:true; delivery:true; shipToHome:false"
"0002370003006","Tyson® Thin Sliced Boneless Skinless Chicken Breasts","Tyson","11.99","2.25 lb","","inStore:true; curbside:true; delivery:true; shipToHome:false"
"0001111000803","Private Selection® Chicken Breast Buffalo Style Deli Sliced","Private Selection","6.99","8 oz","HIGH","inStore:true; curbside:true; delivery:true; shipToHome:false"
"0076401420805","Aidells® Smoked Chicken Sausage Chicken and Apple Sausage Links","Aidells","5.99","12 oz","HIGH","inStore:true; curbside:true; delivery:true; shipToHome:false"
"0004470003099","Oscar Mayer Deli Fresh Rotisserie Seasoned Chicken Breast Thin Sliced Lunchmeat","Oscar Mayer","4.49","9 oz","HIGH","inStore:true; curbside:true; delivery:true; shipToHome:false"
"0004470003335","Oscar Mayer Carving Board Rotisserie Seasoned Chicken Breast Lunchmeat","Oscar Mayer","4.49","7.5 oz","TEMPORARILY_OUT_OF_STOCK","inStore:true; curbside:true; delivery:true; shipToHome:false"
"0009222775712","Sausage by AmyLu Apple & Gouda Chicken Sausages","AMYLU","6.99","12 oz","HIGH","inStore:true; curbside:true; delivery:true; shipToHome:false"
"0009222774109","Sausages by Amylu Amylu Foods Breakfast Time Mini Chicken Sausage Links","AMYLU","6.99","9 oz","TEMPORARILY_OUT_OF_STOCK","inStore:true; curbside:true; delivery:true; shipToHome:false"
"0004470002288","Oscar Mayer Carving Board Flame Grilled Chicken Breast Strips Lunchmeat","Oscar Mayer","4.49","6 oz","HIGH","inStore:true; curbside:true; delivery:true; shipToHome:false"
"0021029220000","Private Selection® BBQ Seasoned Chicken Sliced","Private Selection","11.99","12 oz","","inStore:true; curbside:true; delivery:true; shipToHome:false"
"0009222775312","Sausage by AmyLu Andouille Chicken Sausages","AMYLU","6.99","12 oz","TEMPORARILY_OUT_OF_STOCK","inStore:true; curbside:true; delivery:true; shipToHome:false"
"0001111095211","Kroger® Cranberry Pecan Chicken Salad","Kroger","6.99","12 oz","HIGH","inStore:true; curbside:true; delivery:true; shipToHome:false"
"0001111065447","Deli Kitchen Chicken Salad with Grapes","Deli Kitchen","8.99","16 oz","","inStore:true; curbside:true; delivery:true; shipToHome:false"
"0001111008323","Simple Truth Organic® Gluten-Free Frozen Breaded Chicken Nuggets","Simple Truth Organic","","19 oz","TEMPORARILY_OUT_OF_STOCK","inStore:false; curbside:false; delivery:false; shipToHome:false"
"0001111065446","Deli Kitchen Savory Signature Chicken Salad","Deli Kitchen","8.99","16 oz","","inStore:true; curbside:true; delivery:true; shipToHome:false"
"0001111068793","Kroger® Breaded Chicken Tenders","Kroger","14.99","3 lb","","inStore:true; curbside:true; delivery:true; shipToHome:false"
"0076401429352","Aidells® Smoked Chicken Sausage Italian Style with Mozzarella Cheese","Aidells","5.99","12 oz","TEMPORARILY_OUT_OF_STOCK","inStore:true; curbside:true; delivery:true; shipToHome:false"
"0001111065490","Deli Kitchen Basil Pesto Chicken Salad","Deli Kitchen","7.99","14 oz","","inStore:true; curbside:true; delivery:true; shipToHome:false"
"0084013430049","Home Chef Cold Baked Chicken","Home Chef","8.99","8 pc","","inStore:true; curbside:true; delivery:true; shipToHome:false"
"0007740012753","Buddig Chicken Lunch Meat 2oz","Buddig","0.99","2 oz","HIGH","inStore:true; curbside:true; delivery:true; shipToHome:false"
"0009222772712","Sausage by AmyLu Roasted Garlic & Asiago Chicken Sausages","AMYLU","6.99","12 oz","TEMPORARILY_OUT_OF_STOCK","inStore:true; curbside:true; delivery:true; shipToHome:false"
"0001111061606","Simple Truth® Italian Chicken Sausage Links 12 OZ","Simple Truth","5.99","4 ct / 12 oz","LOW","inStore:true; curbside:true; delivery:true; shipToHome:false"
"0001111097420","Kroger® Deli Style Oven Roasted Chicken Breast","Kroger","5.49","16 oz","HIGH","inStore:true; curbside:true; delivery:true; shipToHome:false"
"0001111061608","Simple Truth® Apple Gouda Chicken Sausage Links 12 OZ","Simple Truth","5.99","4 ct / 12 oz","HIGH","inStore:true; curbside:true; delivery:true; shipToHome:false"
"0001111061607","Simple Truth® Spinach Gruyere Chicken Sausage Links 12 OZ","Simple Truth","5.99","4 ct / 12 oz","TEMPORARILY_OUT_OF_STOCK","inStore:true; curbside:true; delivery:true; shipToHome:false"
"0089344700152","Hart Authentic® Frozen Chicken Fried Rice","Hart Authentic","8.49","22 oz","","inStore:true; curbside:true; delivery:true; shipToHome:false"
"0004157352331","Private Selection® Golden Roasted Deli Chicken Breast Sliced","Private Selection","6.99","8 oz","HIGH","inStore:true; curbside:true; delivery:true; shipToHome:false"
"0002370016223","Tyson® All Natural Chicken Wing Sections","Tyson","12.99","2.5 lb","","inStore:true; curbside:true; delivery:true; shipToHome:false"
"0023545950000","Home Chef Cold Popcorn Chicken","Home Chef","5.99","1 lb","","inStore:false; curbside:false; delivery:false; shipToHome:false"
"0002370000525","Tyson® Chicken Wings","Tyson","25.49","5 lb","","inStore:true; curbside:true; delivery:true; shipToHome:false"
"0084013430918","Home Chef Barbecue Chicken Tenders","Home Chef","5","5 ct","","inStore:true; curbside:true; delivery:true; shipToHome:false"
"0002370016222","Tyson® Boneless Skinless Chicken Breast Tenderloins","Tyson","14.99","40 oz","","inStore:true; curbside:true; delivery:true; shipToHome:false"
"0001111022160","Simple Truth® Mild Italian Chicken Sausage","Simple Truth","8.99","1 lb","HIGH","inStore:true; curbside:true; delivery:true; shipToHome:false"
"0082979307983","Del Real Foods Chicken and Cheese Tamales","Del Real Foods","9.99","24 oz","TEMPORARILY_OUT_OF_STOCK","inStore:true; curbside:true; delivery:true; shipToHome:false"
"0000000834135","Kroger® Fully Cooked Frozen Boneless Skinless Grilled Chicken Breast Dices x 2","Kroger","14.38","2x 22 oz","","inStore:false; curbside:false; delivery:false; shipToHome:false"
"0001111096920","Kroger® 93/7 Ground Beef Tray 1 LB","Kroger","9.99","1 lb","TEMPORARILY_OUT_OF_STOCK","inStore:true; curbside:true; delivery:true; shipToHome:false"
"0001111097975","Kroger® 93/7 Ground Beef Roll 1 LB","Kroger","9.49","1 lb","HIGH","inStore:true; curbside:true; delivery:true; shipToHome:false"
"0021239600000","Choice Boneless Angus Beef Flank Steak","Private Selection","15.99","1 lb","","inStore:false; curbside:false; delivery:false; shipToHome:false"
"0001111069107","Private Selection® Steakhouse Marinated Beef Tips","Private Selection","20","1.31 lb","","inStore:false; curbside:false; delivery:false; shipToHome:false"
"0023155350000","Top Round Beef Steak Family Pack","","10.99","1 lb","TEMPORARILY_OUT_OF_STOCK","inStore:false; curbside:false; delivery:false; shipToHome:false"
"0021222600000","Choice Top Loin Angus Beef Strip Steak","Private Selection","20.99","1 lb","","inStore:false; curbside:false; delivery:false; shipToHome:false"
"0021211040000","Angus Beef Tenderloin Steak","","24.99","1 lb","","inStore:true; curbside:true; delivery:true; shipToHome:false"
"0024258200000","Choice Thin Cut Eye of Round Beef Steak","","11.99","1 lb","HIGH","inStore:true; curbside:true; delivery:true; shipToHome:false"
"0001111097772","Private Selection® Natural USDA Choice Angus Beef Top Sirloin Steak","Private Selection","11.99","10 oz","","inStore:true; curbside:true; delivery:true; shipToHome:false"
"0001111097971","Kroger® 80/20 Ground Beef Roll 1 LB","Kroger","7.29","1 lb","HIGH","inStore:true; curbside:true; delivery:true; shipToHome:false"
"0001111097773","Private Selection® Natural USDA Choice Angus Beef New York Strip Steak","Private Selection","17.99","12 oz","","inStore:true; curbside:true; delivery:true; shipToHome:false"
"0001111034567","Kroger® Beef Shaved Steak","Kroger","7.99","14 oz","","inStore:true; curbside:true; delivery:true; shipToHome:false"
"0020212900000","Petite Sirloin Choice Beef Steak","","11.99","1 lb","","inStore:false; curbside:false; delivery:false; shipToHome:false"
"0020590550000","Private Selection® Angus Beef Petite Sirloin Steak Family Pack","Private Selection","12.99","1 lb","","inStore:true; curbside:true; delivery:true; shipToHome:false"
"0001111063522","Private Selection® 80/20 Angus Chuck Ground Beef Tray 1 LB","Private Selection","7.99","1 lb","HIGH","inStore:true; curbside:true; delivery:true; shipToHome:false"
"0026155350000","Top Round London Broil Beef Steak","Kroger","10.99","1 lb","TEMPORARILY_OUT_OF_STOCK","inStore:true; curbside:true; delivery:true; shipToHome:false"
"0028888750000","Kroger® Thin Sliced Beef Chuck Shoulder Steak","Kroger Mercado","11.99","1 lb","","inStore:true; curbside:true; delivery:true; shipToHome:false"
"0020201400000","Ribeye Steaks (limit 5 At Sale Price)","","20.99","1 lb","","inStore:true; curbside:true; delivery:true; shipToHome:false"
"0028227900000","Bottom Round Roast Beef","","9.99","1 lb","TEMPORARILY_OUT_OF_STOCK","inStore:true; curbside:true; delivery:true; shipToHome:false"
"0001111097769","Private Selection® Natural USDA Choice Angus Beef Filet Mignon Tenderloin Steak","Private Selection","22.99","8 oz","","inStore:true; curbside:true; delivery:true; shipToHome:false"
"0001111019258","Simple Truth® Natural USDA Choice Angus Beef Ribeye Steak","Simple Truth","","10 oz","TEMPORARILY_OUT_OF_STOCK","inStore:false; curbside:false; delivery:false; shipToHome:false"
"0001111001981","Private Selection® Culinary Cuts USDA Prime Beef Top Sirloin Steak","Private Selection","12.99","8 oz","","inStore:false; curbside:false; delivery:false; shipToHome:false"
"0028155350000","Choice Boneless Top Round Beef Steak","Kroger","10.99","1 lb","HIGH","inStore:true; curbside:true; delivery:true; shipToHome:false"
"0024157750000","Cubed Beef Steaks","","9.99","1 lb","","inStore:true; curbside:true; delivery:true; shipToHome:false"
"0001111094893","Simple Truth Organic® 85/15 Grass Fed Ground Beef Packs 3 LB BIG DEAL!","Simple Truth Organic","19.99","3 ct / 1 lb","TEMPORARILY_OUT_OF_STOCK","inStore:true; curbside:true; delivery:true; shipToHome:false"
"0025574500000","Cubed Beef Steak Family Pack","","9.99","1 lb","","inStore:true; curbside:true; delivery:true; shipToHome:false"
"0021220300000","Choice Angus Beef Tenderloin Steak","Private Selection","28.99","1 lb","","inStore:false; curbside:false; delivery:false; shipToHome:false"
"0061266931671","Laura’s Lean Beef® 92% Lean All Natural Ground Beef","Laura's Lean Beef","10.99","16 oz","HIGH","inStore:true; curbside:true; delivery:true; shipToHome:false"
"0001111062766","Kroger® Beef Shaved Steak BIG DEAL!","Kroger","12.99","1.5 lb","","inStore:true; curbside:true; delivery:true; shipToHome:false"
"0024195900000","Boneless Flat Iron Beef Steak (1 Steak)","","13.99","1 lb","","inStore:true; curbside:true; delivery:true; shipToHome:false"
"0001111069110","Private Selection® Carne Asada Marinated Beef Skirt Steak","Private Selection","20","1.31 lb","","inStore:true; curbside:true; delivery:true; shipToHome:false"
"0001111069111","Private Selection Teriyaki Skirt Steak","Private Selection","20","21 oz","","inStore:true; curbside:true; delivery:true; shipToHome:false"
"0001111022060","Simple Truth Organic® Beef Tenderloin Steak","Simple Truth","16.99","7 oz","TEMPORARILY_OUT_OF_STOCK","inStore:false; curbside:false; delivery:false; shipToHome:false"
"0001111019267","Simple Truth Organic® Grass Fed Beef Top Sirloin Steak","Simple Truth Organic","9.99","8 oz","TEMPORARILY_OUT_OF_STOCK","inStore:false; curbside:false; delivery:false; shipToHome:false"
"0024236550000","Choice Top Round Roast Beef","","9.99","1 lb","HIGH","inStore:true; curbside:true; delivery:true; shipToHome:false"
"0024194800000","Choice Beef Shoulder Steak (1 Steak)","","11.99","1 lb","","inStore:true; curbside:true; delivery:true; shipToHome:false"
"0001111001970","Private Selection® Culinary Cuts USDA Prime Beef Ribeye Steak","Private Selection","18.99","10 oz","","inStore:false; curbside:false; delivery:false; shipToHome:false"
"0024184200000","Choice Beef Chuck Roast","","10.99","1 lb","","inStore:true; curbside:true; delivery:true; shipToHome:false"
"0001111096784","Simple Truth Organic® 90/10 Grass Fed Ground Beef Pack 1 LB","Simple Truth Organic","9.49","1 lb","TEMPORARILY_OUT_OF_STOCK","inStore:false; curbside:false; delivery:false; shipToHome:false"
"0024218400000","Choice T-Bone Beef Steak (1 Steak)","","17.99","1 lb","","inStore:true; curbside:true; delivery:true; shipToHome:false"
"0027231600000","Choice Eye of Round Beef Steak (About 3 per Pack)","","9.99","1 lb","","inStore:false; curbside:false; delivery:false; shipToHome:false"
"0024153500000","Choice Sirloin Tip Beef Steak","","11.99","1 lb","HIGH","inStore:true; curbside:true; delivery:true; shipToHome:false"
"0001111096896","Simple Truth Organic Grass Fed 85%/15% Ground Beef 1 LB","Simple Truth Organic","8.99","1 lb","TEMPORARILY_OUT_OF_STOCK","inStore:true; curbside:true; delivery:true; shipToHome:false"
"0024161300000","Beef Choice Skirt Steak","","14.99","1 lb","","inStore:true; curbside:true; delivery:true; shipToHome:false"
"0028157950000","Select Beef Stir Fry","","10.49","1 lb","","inStore:false; curbside:false; delivery:false; shipToHome:false"
"0020218200000","Beef Choice Petite Bottom Sirloin Steak (1-2 Steaks)","","11.99","1 lb","","inStore:false; curbside:false; delivery:false; shipToHome:false"
"0024194700000","Shoulder English Beef Roast","","10.99","1 lb","","inStore:true; curbside:true; delivery:true; shipToHome:false"
"0001111019270","Simple Truth Organic® Grass Fed Beef Ribeye Steak","Simple Truth Organic","14.99","10 oz","TEMPORARILY_OUT_OF_STOCK","inStore:false; curbside:false; delivery:false; shipToHome:false"
"0001111096970","Kroger® 80/20 Ground Beef Tray 3 LB","Kroger","22.49","3 lb","TEMPORARILY_OUT_OF_STOCK","inStore:true; curbside:true; delivery:true; shipToHome:false"
"0001111096972","Kroger® 80/20 Ground Beef Tray 1 LB","Kroger","7.99","1 lb","TEMPORARILY_OUT_OF_STOCK","inStore:true; curbside:true; delivery:true; shipToHome:false"
"0086807500030","Kentucky Cattlemen's Ground Beef","Kentucky Cattlemen's","9.99","16 oz","HIGH","inStore:true; curbside:true; delivery:true; shipToHome:false"
"0001111067483","Simple Truth® Natural Grass Fed Angus Beef Tenderloin Steak","Simple Truth","26.99","7 oz","TEMPORARILY_OUT_OF_STOCK","inStore:false; curbside:false; delivery:false; shipToHome:false"
"0001111067482","Simple Truth® Natural Grass Fed Angus Beef Top Sirloin Steak","Simple Truth","14.99","8 oz","TEMPORARILY_OUT_OF_STOCK","inStore:false; curbside:false; delivery:false; shipToHome:false"
"0005229408821","Demakes Bros.® Wagyu Beef Shaved Steak","Demakes Bros.®","9.99","10 oz","","inStore:false; curbside:false; delivery:false; shipToHome:false"
"0001111067481","Simple Truth® Natural Grass Fed Angus Beef Strip Steak","Simple Truth","18.99","10 oz","TEMPORARILY_OUT_OF_STOCK","inStore:false; curbside:false; delivery:false; shipToHome:false"
"0086807500033","Kentucky Cattlemen's Ground Beef Patties","Kentucky Cattlemen's","9.99","2 ct / 8 oz","HIGH","inStore:true; curbside:true; delivery:true; shipToHome:false"
"0001111067480","Simple Truth® Natural Grass Fed Angus Beef Ribeye Steak","Simple Truth","24.99","10 oz","TEMPORARILY_OUT_OF_STOCK","inStore:false; curbside:false; delivery:false; shipToHome:false"
"0001111096968","Kroger® 85/15 Ground Beef Tray 1 LB","Kroger","8.99","1 lb","TEMPORARILY_OUT_OF_STOCK","inStore:true; curbside:true; delivery:true; shipToHome:false"
"0025551200000","Choice Boneless Beef Strip Steak","","18.99","1 lb","","inStore:true; curbside:true; delivery:true; shipToHome:false"
"0001111097972","Kroger® 80/20 Ground Beef Roll 3 LB","Kroger","20.99","3 lb","HIGH","inStore:true; curbside:true; delivery:true; shipToHome:false"
"0023224400000","Steakhouse Tri Tip Steak","","11.99","1 lb","","inStore:false; curbside:false; delivery:false; shipToHome:false"
"0021174600000","Select Boneless Flat Cut Corned Beef Brisket","Kroger","6.99","1 lb","","inStore:true; curbside:true; delivery:true; shipToHome:false"
"0029138350000","Beef Cross-Cut Hind Shank (Chamorro De Res Cortado)","","6.99","1 lb","","inStore:true; curbside:true; delivery:true; shipToHome:false"
"0001111036546","Kroger® Peppered Bacon Wrapped Beef Tenderloin Filet","Kroger","6","6 oz","","inStore:true; curbside:true; delivery:true; shipToHome:false"
"0020254500000","Beef for Stew Lean Deluxe","","9.99","1 lb","","inStore:true; curbside:false; delivery:false; shipToHome:false"
"0029130490000","Ground Beef Sirloin 90% Lean","","10.49","1 lb","","inStore:true; curbside:true; delivery:true; shipToHome:false"
"0007254506254","Steak-umm® All Natural 100% Beef Sandwich Steaks","Steak-umm","9.99","10 ct / 15 oz","LOW","inStore:true; curbside:true; delivery:true; shipToHome:false"
"0061266931706","Laura’s Lean Beef® 96% Lean All Natural Ground Beef","Laura's Lean Beef","11.99","16 oz","TEMPORARILY_OUT_OF_STOCK","inStore:true; curbside:true; delivery:true; shipToHome:false"
"0020243000000","Beef Choice Boneless Brisket Whole in Bag","","5.99","1 lb","","inStore:false; curbside:false; delivery:false; shipToHome:false"
"0001111097920","Kroger® 73/27 Ground Beef Roll 1 LB","Kroger","6.49","1 lb","HIGH","inStore:true; curbside:true; delivery:true; shipToHome:false"
"0002718256550","Ground Beef and Pork Blend","Tyson","8","32 oz","HIGH","inStore:true; curbside:true; delivery:true; shipToHome:false"
"0025575300000","Kroger® Choice Beef Strip Steak","National Beef","18.99","1 lb","","inStore:true; curbside:true; delivery:true; shipToHome:false"
"0001111069231","Kroger® Natural Fresh Choice Beef For Stew Meat","Kroger","10","1 lb","","inStore:true; curbside:true; delivery:true; shipToHome:false"
"0001111069233","Kroger® Natural Fresh Choice Beef For Stir Fry","Kroger","10","1 lb","","inStore:true; curbside:true; delivery:true; shipToHome:false"
"0021356500000","Private Selection® Angus Beef Top Sirloin Steak Family Pack","Private Selection","15.99","1 lb","","inStore:true; curbside:true; delivery:true; shipToHome:false"
"0029101750000","Boneless Stew Beef Family Pack","","9.99","1 lb","","inStore:false; curbside:false; delivery:false; shipToHome:false"
"0021355100000","Thin Cut Sirloin Tip Beef Steak Family Pack","","12.99","1 lb","HIGH","inStore:true; curbside:true; delivery:true; shipToHome:false"
"0025551600000","Choice Beef Chuck Blade Steak Family Pack","","11.99","1 lb","","inStore:true; curbside:true; delivery:true; shipToHome:false"
"0028888800000","Kroger® Thin Sliced Beef Ribeye Steak","Kroger Mercado","19.99","1 lb","","inStore:true; curbside:true; delivery:true; shipToHome:false"
"0001111063461","Private Selection® 80/20 Angus Ground Beef Chuck Patties","Private Selection","7.99","2 ct / 14 oz","LOW","inStore:true; curbside:true; delivery:true; shipToHome:false"
"0025551250000","Choice Boneless Ribeye Beef Steak Family Pack","","21.99","1 lb","","inStore:true; curbside:true; delivery:true; shipToHome:false"
"0002396474505","Schweid & Sons Butcher's Blend Fresh Ground Beef Burgers 4 ea","Schweid & Sons","11.49","4 ct / 5.3 oz","HIGH","inStore:true; curbside:true; delivery:true; shipToHome:false"
"0028885700000","Kroger® Thin Sliced Beef Top Round Steak","Kroger Mercado","11.99","1 lb","HIGH","inStore:true; curbside:true; delivery:true; shipToHome:false"
"0001111063460","Private Selection® 90/10 Angus Ground Beef Patties","Private Selection","10","4 ct / 1 lb","LOW","inStore:true; curbside:true; delivery:true; shipToHome:false"
"0001111067792","Kroger® Bacon Wrapped Petite Beef Sirloin Steak","Kroger","15","2 ct / 14.59 oz","","inStore:true; curbside:true; delivery:true; shipToHome:false"
"0024160500000","Boneless Short Beef Ribs (About 4 per Pack)","","11.99","1 lb","","inStore:true; curbside:true; delivery:true; shipToHome:false"
"0029138200000","Rumba Meats® Beef Marrow Bone (Hueso Con Tuetano de Res)","Rumba Meats","3.99","1.3 - 1.9 lbs","","inStore:true; curbside:true; delivery:true; shipToHome:false"
"0061266931691","Laura’s Lean Beef® 92% Lean All Natural Ground Beef Patties","Laura's Lean Beef","11.49","16 oz","TEMPORARILY_OUT_OF_STOCK","inStore:true; curbside:true; delivery:true; shipToHome:false"
"0007982110311","Holten's Chop House Smashed Beef Burger Patties","Holten Meats","14.99","8 ct / 4 oz","","inStore:false; curbside:false; delivery:false; shipToHome:false"
"0020211500000","Private Selection Angus Top Sirloin Steak Petite Family Pack (About 3-4 Steaks Per Pack)","","15.99","1 lb","","inStore:true; curbside:true; delivery:true; shipToHome:false"
"0020223640000","Butcher Counter Choice Tailless Beef Strip Steak","","18.99","1 lb","","inStore:false; curbside:false; delivery:false; shipToHome:false"
"0025575200000","Choice Boneless Ribeye Beef Steak","","21.99","1 lb","","inStore:true; curbside:true; delivery:true; shipToHome:false"
"0027157800000","Boneless Stew Beef","","9.99","1 lb","","inStore:false; curbside:false; delivery:false; shipToHome:false"
"0001111061810","Kroger® Smoky Bourbon Bacon Wrapped Beef Tenderloin Filet","Kroger","6","6 oz","","inStore:true; curbside:true; delivery:true; shipToHome:false"
"0008194137912","HeartBrand® 80/20 Akaushi Wagyu Ground Beef","HeartBrand","9.99","1 lb","TEMPORARILY_OUT_OF_STOCK","inStore:false; curbside:false; delivery:false; shipToHome:false"
"0086344100001","Pre® Grass Fed & Finished Ground Beef 92% Lean 8% Fat","Pre","9.99","16 oz","HIGH","inStore:true; curbside:true; delivery:true; shipToHome:false"
"0086344100002","Pre® 100% Grass Fed & Finished Ground Beef 95% Lean 5% Fat","Pre","10.99","16 oz","LOW","inStore:true; curbside:true; delivery:true; shipToHome:false"
"0028178500000","T-Bone Steak","","15.99","1 lb","","inStore:false; curbside:false; delivery:false; shipToHome:false"
"0028888900000","Kroger® Thin Sliced Strip Steaks","Kroger Mercado","19.99","1 lb","","inStore:true; curbside:true; delivery:true; shipToHome:false"
"0021100900000","Private Selection® Natural Angus Beef Brisket with Salt and Pepper","Private Selection","12.99","1 lb","","inStore:false; curbside:false; delivery:false; shipToHome:false"
"0001111069982","Kroger® 80/20 Ground Beef Tray 1 LB","Kroger","7.99","1 lb","HIGH","inStore:true; curbside:true; delivery:true; shipToHome:false"
"0001111069984","Kroger® 85/15 Ground Beef Tray 1 LB","Kroger","8.99","1 lb","LOW","inStore:true; curbside:true; delivery:true; shipToHome:false"
"0001111069985","Kroger® 93/7 Ground Beef Tray 1 LB","Kroger","9.99","1 lb","LOW","inStore:true; curbside:true; delivery:true; shipToHome:false"
"0001111097337","Private Selection® Traditional Steakhouse Angus Beef Patties","Private Selection","14.99","6 ct / 32 oz","LOW","inStore:true; curbside:true; delivery:true; shipToHome:false"
"0005229405355","Old Neighborhood® Marinated Beef Skewers Island Teriyaki Flavor","Old Neighborhood","11.99","16 oz","","inStore:true; curbside:true; delivery:true; shipToHome:false"
"0001111069745","Kroger® 80/20 Ground Beef Packs 3 LB BIG DEAL!","Kroger","20","3 ct / 1 lb","LOW","inStore:true; curbside:true; delivery:true; shipToHome:false"
"0001111022134","Simple Truth® 85/15 Natural 100% Grass-Fed Beef Burgers","Simple Truth","11.99","4 ct / 21.3 oz","HIGH","inStore:true; curbside:true; delivery:true; shipToHome:false"
"0001111097973","Kroger® 85/15 Ground Beef Roll 1 LB","Kroger","8.49","1 lb","","inStore:false; curbside:false; delivery:false; shipToHome:false"
"0002396461401","Schweid & Sons The Butcher's Blend Ground Beef 1 lb Brick","Schweid & Sons","7.99","1 ct / 16 oz","LOW","inStore:true; curbside:true; delivery:true; shipToHome:false"
"0001111036547","Kroger® Hickory Smoked Bacon Wrapped Tenderloin Filet","Kroger","6","6 oz","","inStore:true; curbside:true; delivery:true; shipToHome:false"
"0001111097170","Private Selection® Applewood Smoked Bacon & Cheddar Angus Beef Patties","Private Selection","14.99","6 ct / 32 oz","HIGH","inStore:true; curbside:true; delivery:true; shipToHome:false"
"0001111063523","Private Selection® 90/10 Angus Sirloin Ground Beef Tray 1 LB","Private Selection","10.49","1 lb","HIGH","inStore:true; curbside:true; delivery:true; shipToHome:false"
"0001111097921","Kroger® 73/27 Ground Beef Roll 3 LB","Kroger","17.99","3 lb","HIGH","inStore:true; curbside:true; delivery:true; shipToHome:false"
"0001111097922","Kroger® 73/27 Ground Beef Roll 5 LB","Kroger","27.99","5 lb","HIGH","inStore:true; curbside:true; delivery:true; shipToHome:false"
"0024199700000","Choice Back Beef Ribs","","6.99","1 lb","","inStore:true; curbside:true; delivery:true; shipToHome:false"
"0001111069118","Private Selection® 3 Meat Butcher's Blend Veal, Beef, and Pork","Private Selection","6.99","16 oz","HIGH","inStore:true; curbside:true; delivery:true; shipToHome:false"
"0005229405365","Old Neighborhood® Marinated Beef Skewers Sweet Bourbon BBQ Flavor","Old Neighborhood","11.99","16 oz","","inStore:true; curbside:true; delivery:true; shipToHome:false"
"0002396475905","Schweid & Sons The Signature Blend","Schweid & Sons","11.49","4 ct / 5.3 oz","TEMPORARILY_OUT_OF_STOCK","inStore:true; curbside:true; delivery:true; shipToHome:false"
"0001111060944","Private Selection® Angus Beef Patties","Private Selection","26.99","12 ct / 0.33 lb","TEMPORARILY_OUT_OF_STOCK","inStore:true; curbside:true; delivery:true; shipToHome:false"
"0001111069271","Private Selection® Beef Chuck and Loin Steakhouse Blend Seasoned Patties","Private Selection","12","4 ct / 1.33 lb","TEMPORARILY_OUT_OF_STOCK","inStore:true; curbside:true; delivery:true; shipToHome:false"
"0001111069272","Private Selection® Bacon Cheddar Angus Ground Beef Patties","Kroger","12","4 ct / 1.33 lb","TEMPORARILY_OUT_OF_STOCK","inStore:true; curbside:true; delivery:true; shipToHome:false"
"0001111063450","Heritage Farm Seasoned Quarter Pound Beef Patties","Heritage Farm","15.49","16 ct / 64 oz","HIGH","inStore:true; curbside:true; delivery:true; shipToHome:false"
"0026112450000","Beef Choice Bone-In Short Ribs (4 per Pack)","","10.99","1 lb","","inStore:true; curbside:true; delivery:true; shipToHome:false"
"0001111069762","Private Selection® Angus Beef Burger Patties","Private Selection","8","4 ct","HIGH","inStore:true; curbside:true; delivery:true; shipToHome:false"
"0001111060947","Private Selection® Thin Seasoned Angus Beef Patties","Private Selection","14.99","12 ct","HIGH","inStore:true; curbside:true; delivery:true; shipToHome:false"
"0001111070075","Kroger® 80/20 Ground Beef Tray 3 LB","Kroger","22.49","3 lb","HIGH","inStore:true; curbside:true; delivery:true; shipToHome:false"
"0001111065648","Kroger® 75/25 Ground Beef Tray","Kroger","12","36 oz","HIGH","inStore:true; curbside:true; delivery:true; shipToHome:false"
"0001111063987","Kroger® 80/20 Ground Beef Patties","Kroger","12","8 ct / 30.4 ounce","HIGH","inStore:true; curbside:true; delivery:true; shipToHome:false"
"0028168600000","Beef Angus Chuck Patties 80% Lean","","7.49","1 lb","","inStore:true; curbside:true; delivery:true; shipToHome:false"
"0081026402661","Kevin's Natural Foods Paleo Sirloin Steak Tips With Gravy","Kevin's Natural Foods","15","16 oz","","inStore:true; curbside:true; delivery:true; shipToHome:false"
"0001111065203","Simple Truth® 85/15 Grass Fed Natural Ground Beef Patties","Simple Truth","7.99","4 ct / 1 lb","LOW","inStore:true; curbside:true; delivery:true; shipToHome:false"
"0024178800000","Rumba Meats® Beef Oxtail (Rabo de Res)","Rumba Meats","10.99","1 lb","","inStore:true; curbside:true; delivery:true; shipToHome:false"
"0001111097943","Simple Truth® 80/20 Natural Beef Burgers","Simple Truth","16.99","6 ct / 32 oz","TEMPORARILY_OUT_OF_STOCK","inStore:true; curbside:true; delivery:true; shipToHome:false"
"0001111000911","Heritage Farm® Seasoned Quarter Pound Beef Patties","Heritage Farm","8.49","2 lb","HIGH","inStore:true; curbside:true; delivery:true; shipToHome:false"
"0001111067791","Kroger® Beef Fajita Strips With Bell Peppers and Onions","Kroger","10","1 lb","","inStore:true; curbside:true; delivery:true; shipToHome:false"
"0081009344218","Frontiere Natural Meats Wagyu Beef Patties","Frontiere Natural Meats","12","21.32 oz","TEMPORARILY_OUT_OF_STOCK","inStore:false; curbside:false; delivery:false; shipToHome:false"
"0001111000915","Kroger® 100% Pure Beef Quarter Pound Burgers","Kroger","10","8 ct / 32 oz","HIGH","inStore:true; curbside:true; delivery:true; shipToHome:false"
"0001111000917","Kroger® 91% Lean Frozen Ground Beef Burger","Kroger","14.49","32 oz","HIGH","inStore:true; curbside:true; delivery:true; shipToHome:false"
"0021165800000","Ground Beef 73% Lean 27% Fat Family Pack","Kroger","5.99","1 lb","","inStore:false; curbside:false; delivery:false; shipToHome:false"
"0029130540000","Private Selection™ Ground Beef 80% Lean","Private Selection","8.49","1 lb","","inStore:true; curbside:true; delivery:true; shipToHome:false"
"0001111097300","Private Selection™ Angus Beef Chuck Patties 6 Count","Private Selection","14.99","32 oz","HIGH","inStore:true; curbside:true; delivery:true; shipToHome:false"
"0081015151395","American BBQ Company® 73/27 Ground Beef Patties","American BBQ Company","7","6 ct / 3.2 oz","HIGH","inStore:true; curbside:true; delivery:true; shipToHome:false"
"0001111064129","Private Selection® Chuck & Brisket Ground Beef Patties","Private Selection","12","4 ct / 1.33 lb","TEMPORARILY_OUT_OF_STOCK","inStore:true; curbside:true; delivery:true; shipToHome:false"
"0020243800000","Beef Choice Brisket Flat Half","","6.99","1 lb","","inStore:false; curbside:false; delivery:false; shipToHome:false"
"0001111000907","Kroger® 100% Pure Beef Quarter Pound Burgers BIG Deal!","Kroger","35","6 lb","LOW","inStore:true; curbside:true; delivery:true; shipToHome:false"
"0081026402550","Kevin's Natural Foods Mongolian Style Beef","Kevin's Natural Foods","15","16 oz","LOW","inStore:true; curbside:true; delivery:true; shipToHome:false"
"0001111067479","Simple Truth® 93/7 Natural Grass Fed Angus Ground Beef 1 LB Pack","Simple Truth","10.49","1 lb","TEMPORARILY_OUT_OF_STOCK","inStore:false; curbside:false; delivery:false; shipToHome:false"
"0001111067478","Simple Truth® 85/15 Natural Grass Fed Angus Ground Beef - 1 LB Pack","Simple Truth","9.49","1 lb","TEMPORARILY_OUT_OF_STOCK","inStore:true; curbside:true; delivery:true; shipToHome:false"
"0001111067795","Kroger® Beef Kabobs with Bell Peppers and Onions","Kroger","10","14.82 oz","","inStore:true; curbside:true; delivery:true; shipToHome:false"
"0007633881346","Wendy’s Ground Beef Patties (Exclusive To Kroger!)","Wendys","8.99","16 oz","HIGH","inStore:true; curbside:true; delivery:true; shipToHome:false"
"0001111069229","Kroger® Natural Fresh Choice Beef Diced For Tacos","Kroger","10","1 lb","","inStore:true; curbside:true; delivery:true; shipToHome:false"
"0002396475099","Schweid & Sons® The Signature Blend Chuck Brisket Sliders","Schweid & Sons","11.49","8 ct / 2.5 oz","LOW","inStore:true; curbside:true; delivery:true; shipToHome:false"
"0009830800203","Better Than Bouillon® Premium Roasted Beef Base","Better Than Bouillon","5.99","8 oz","HIGH","inStore:true; curbside:true; delivery:true; shipToHome:false"
"0073891202233","Boston Market® Home Style Meals Beef Steak & Pasta Frozen Meal","Boston Market","3.99","14 oz","HIGH","inStore:true; curbside:true; delivery:true; shipToHome:false"
"0002396461601","Retail Fresh The Signature Blend Brick 1 lb 75/25","Schweid & Sons","7.99","1 ct / 16 oz","HIGH","inStore:true; curbside:true; delivery:true; shipToHome:false"
"0073891202234","Boston Market® Home Style Meals Beef Pot Roast","Boston Market","3.99","15 oz","HIGH","inStore:false; curbside:false; delivery:false; shipToHome:false"
"0004470003039","Oscar Mayer Deli Fresh Slow Roasted Roast Beef Thin Sliced Lunchmeat","Oscar Mayer","4.49","7 oz","HIGH","inStore:true; curbside:true; delivery:true; shipToHome:false"
"0001380075629","Yellowstone Braised Beef Stew Tender Prime Rib in Beer Gravy Russet Potatoes Carrots & Peas Frozen","Yellowstone","6.49","10.75 oz","HIGH","inStore:false; curbside:false; delivery:false; shipToHome:false"
"0062797501357","FRESHPET SELECT® SMALL DOG GRAIN FREE BEEF ROASTED MEALS","Freshpet","16.49","2 lb","TEMPORARILY_OUT_OF_STOCK","inStore:false; curbside:false; delivery:false; shipToHome:false"
"0001111065468","Deli Kitchen Roast Beef Sandwich","Deli Kitchen","6","7.39 oz","","inStore:true; curbside:true; delivery:true; shipToHome:false"
"0001111062033","Kroger® Roast Beef Traditional Deli Thin Sliced","Kroger","3.99","7 oz","HIGH","inStore:true; curbside:true; delivery:true; shipToHome:false"
"0001111066312","Kroger® Salt Pepper and Garlic Beef Shaved Steak","Kroger","7.99","14 oz","","inStore:true; curbside:true; delivery:true; shipToHome:false"
"0003760030394","Dinty Moore® 25% Less Sodium Beef Stew","Dinty Moore","3.29","15 oz","HIGH","inStore:true; curbside:true; delivery:true; shipToHome:false"
"0002310012400","Sheba Perfect Portions Adult Wet Cat Food Pate Chicken & Roasted Turkey & Tender Beef Variety Pack","Sheba","27.99","48 ct / 1.3 oz","HIGH","inStore:true; curbside:true; delivery:true; shipToHome:false"
"0022594100000","Private Selection® Top Round Deli Roast Beef Sliced","Private Selection","15.99","1 lb","","inStore:true; curbside:true; delivery:true; shipToHome:false"
"0007119047858","Kibbles 'n Bits Bistro Dry Dog Food, Oven Roasted Beef, Spring Vegetable & Apple Flavors, 16 lb Bag","Kibbles 'n Bits","15.99","16 pounds","HIGH","inStore:true; curbside:true; delivery:true; shipToHome:false"
"0003760047371","Hormel® Square Table® Slow Simmered Beef Roast Au Jus","Hormel","11.99","net wt 15 oz (425g)","HIGH","inStore:true; curbside:true; delivery:true; shipToHome:false"
"0002310011437","Cesar Home Delights Soft Wet Dog Food Beef Stew Chicken Noodle Pot Roast & Turkey Variety Pack","Cesar","29.99","24 ct / 3.5 oz","LOW","inStore:true; curbside:true; delivery:true; shipToHome:false"
"0001111097763","Private Selection® Natural USDA Choice Angus Beef Ribeye Steak","Private Selection","17.99","12 oz","","inStore:true; curbside:true; delivery:true; shipToHome:false"
"0003100010938","Banquet Chicken Fried Beef Steak, Frozen Meal","Banquet","1.99","10 oz","HIGH","inStore:true; curbside:true; delivery:true; shipToHome:false"
"0073891202241","Boston Market® Country Fried Beef Steak","Boston Market","3.99","13.2 oz","HIGH","inStore:true; curbside:true; delivery:true; shipToHome:false"
"0003760008529","Hormel® Compleats® Roast Beef & Mashed Potatoes with Gravy Microwave Meal","Hormel","2.69","9 oz","LOW","inStore:true; curbside:true; delivery:true; shipToHome:false"
"0001111069230","Kroger® Natural Fresh Choice Beef Diced For Tacos BIG DEAL!","Kroger","20","2 lb","","inStore:true; curbside:true; delivery:true; shipToHome:false"
"0001111064022","Kroger® Beef Pot Roast with Savory Sauce","Kroger","9.99","16 oz","TEMPORARILY_OUT_OF_STOCK","inStore:true; curbside:true; delivery:true; shipToHome:false"
"0001111069473","Kroger® Flat Top Smashed Burgers","Kroger","12","8 ct / 26 oz","TEMPORARILY_OUT_OF_STOCK","inStore:true; curbside:true; delivery:true; shipToHome:false"
"0022571700000","Private Selection® Top Round Angus Seasoned Roast Beef Deli Sliced","Private Selection","15.99","1 lb","","inStore:true; curbside:true; delivery:true; shipToHome:false"
"0074852876764","Brooklyn Cured® Presliced Bresaola","Brooklyn Cured Salami","10.49","2 oz","","inStore:false; curbside:false; delivery:false; shipToHome:false"
"0001111069232","Kroger® Natural Fresh Choice Beef For Stew Meat BIG DEAL!","Kroger","20","2 lb","","inStore:true; curbside:true; delivery:true; shipToHome:false"
"0085006066590","Country Archer™ Full Size Prime Rib Beef Sticks","Country Archer","14.99","8 pk","TEMPORARILY_OUT_OF_STOCK","inStore:false; curbside:false; delivery:false; shipToHome:false"
"0021727640000","Private Selection® Grab & Go Classic Roast Beef & Cheddar Sandwich Combo Deli Sliced","Private Selection","14.99","1 lb","","inStore:false; curbside:false; delivery:false; shipToHome:false"
"0004146020279","Pioneer Roasted Beef Gravy Mix","Pioneer Brand","1.69","1.41 oz","HIGH","inStore:true; curbside:true; delivery:true; shipToHome:false"
"0002580002910","Smart Ones Homestyle Beef Pot Roast Frozen Meal","Smart Ones","2.49","9 oz","HIGH","inStore:true; curbside:true; delivery:true; shipToHome:false"
"0002310010257","Cesar Adult Soft Wet Dog Food Beef Filet Mignon Chicken & Porterhouse Steak Variety Pack","Cesar","29.99","24 ct / 3.5 oz","LOW","inStore:true; curbside:true; delivery:true; shipToHome:false"
"0003760080745","Hormel® Mary Kitchen® Roast Beef Hash","Hormel","4.49","net wt 14 oz. (397g)","HIGH","inStore:true; curbside:true; delivery:true; shipToHome:false"
"0081066300670","Casazon™ Seasoned Beef For Birria","Casazon","18","24 oz","","inStore:true; curbside:true; delivery:true; shipToHome:false"
"0004450098469","Hillshire Farm® Ultra Thin Sliced Roast Beef Lunch Meat","Hillshire Farm","4.49","7 oz","HIGH","inStore:true; curbside:true; delivery:true; shipToHome:false"
"0001111021381","Private Selection® Roast Beef Angus Top Round Deli Sliced","Private Selection","6.99","7 oz","HIGH","inStore:true; curbside:true; delivery:true; shipToHome:false"
"0002113130267","Marie Callender's Slow Roasted Beef Pot Roast Bowl","Marie Callender's","2.99","11 oz","LOW","inStore:true; curbside:true; delivery:true; shipToHome:false"
"0003760014394","Hormel® Compleats® Beef Pot Roast Microwave Meal","Hormel","2.69","9 oz","HIGH","inStore:true; curbside:true; delivery:true; shipToHome:false"
"0003100012611","Banquet MEGA Bowls Chicken Fried Beef Steak Bowl, Frozen Meal","Banquet","3.79","14 oz","HIGH","inStore:true; curbside:true; delivery:true; shipToHome:false"
"0009830824367","Better Than Gravy Roasted Beef Gravy 12 OZ","Better Than Gravy","4.99","12 oz","HIGH","inStore:true; curbside:true; delivery:true; shipToHome:false"
"0081014310566","Dolly Parton's Beef Pot Roast Vegetables Gravy","Dolly Parton's","4.49","11 oz","HIGH","inStore:true; curbside:true; delivery:true; shipToHome:false"
"0002113190539","Marie Callender's Slow Roasted Beef, Frozen Meal","Marie Callender's","3.99","12.3 oz","HIGH","inStore:true; curbside:true; delivery:true; shipToHome:false"
"0007119048003","Kibbles 'n Bits Bistro Dry Dog Food, Oven Roasted Beef, Spring Vegetable & Apple Flavors, 3.5 lb Bag","Kibbles 'n Bits","6.29","3.5 pounds","HIGH","inStore:true; curbside:true; delivery:true; shipToHome:false"
"0001111069173","Private Selection® Premium Blend Chuck and Brisket Ground Beef","Private Selection","15","2 lb","HIGH","inStore:true; curbside:true; delivery:true; shipToHome:false"
"0001111062783","Private Selection® Roasted Garlic Basil and Romano Pork and Angus Beef Meatballs","Private Selection","6.79","12 ct / 16 oz","HIGH","inStore:true; curbside:true; delivery:true; shipToHome:false"
"0001708287735","Jack Link's Teriyaki Beef Steak Tender Bites","Jack Link's","5.99","2.85 oz","TEMPORARILY_OUT_OF_STOCK","inStore:true; curbside:true; delivery:true; shipToHome:false"
"0001111010108","Simple Truth Organic® Roast Beef Seasoned Sliced","Simple Truth Organic","5.49","5 oz","LOW","inStore:true; curbside:true; delivery:true; shipToHome:false"
"0085000688370","Bachan's® Roasted Garlic Japanese BBQ Sauce","Bachan's","8.49","17.0 oz","LOW","inStore:true; curbside:true; delivery:true; shipToHome:false"
"0001111095236","Kroger® Harwood Smoked Sausage Beef Link 12 OZ","Kroger","3.29","12 oz","HIGH","inStore:true; curbside:true; delivery:true; shipToHome:false"
"0001708201898","JL3 Hickory Beef Air Dried Steak Strips Jerky","Jack Link's","5.99","2 oz","TEMPORARILY_OUT_OF_STOCK","inStore:false; curbside:false; delivery:false; shipToHome:false"
"0001708201896","JL3 Original Beef Air Dried Steak Strips Jerky","Jack Link's","5.99","2 oz","HIGH","inStore:true; curbside:true; delivery:true; shipToHome:false"
"0001111003971","Private Selection® Beef Snack Bites","Private Selection","8.99","9 oz","TEMPORARILY_OUT_OF_STOCK","inStore:true; curbside:true; delivery:true; shipToHome:false"
"0075579570003","Kinder's® Roasted Garlic BBQ Sauce","Kinder's","4.59","15.5 oz","HIGH","inStore:true; curbside:true; delivery:true; shipToHome:false"
"0025338300000","Kroger Bone-In Pork Shoulder Steaks (3 per pack)","Kroger","4.99","1 lb","","inStore:true; curbside:true; delivery:true; shipToHome:false"
"0001111062874","Private Selection® Angus Top Round Deli Corned Beef Sliced","Private Selection","6.99","7 oz","HIGH","inStore:true; curbside:true; delivery:true; shipToHome:false"
"0001111060411","Kroger® 100% Pure Ground Beef Quarter Pound Burgers 8 Count","Kroger","13.49","2 lb","HIGH","inStore:true; curbside:true; delivery:true; shipToHome:false"
"0001111060374","Kroger® 100% Pure Ground Beef Quarter Pound Burgers","Kroger","12","8 ct / 2 lb","HIGH","inStore:true; curbside:true; delivery:true; shipToHome:false"
"0007495628300","Hebrew National Jumbo Beef Franks","Hebrew National","7.29","12 oz","TEMPORARILY_OUT_OF_STOCK","inStore:true; curbside:true; delivery:true; shipToHome:false"
"0001821481631","Nylabone Healthy Edibles Roast Beef Flavor Wholesome Dog Chews","Nylabone","4.99","2 ct","","inStore:false; curbside:false; delivery:false; shipToHome:false"
"0001821481630","Nylabone Daily Health Natural Roast Beef Flavor Dog Bone","Nylabone","8.99","1 ct","","inStore:false; curbside:false; delivery:false; shipToHome:false"
"0001821481633","Nylabone Natural Healthy Edibles Roast Beef Flavor Dog Chews","Nylabone","7.79","2 ct","","inStore:false; curbside:false; delivery:false; shipToHome:false"
"0003666906175","Cooked Perfect® All Beef Angus Frozen Meatballs","Cooked Perfect","9.99","18 oz","TEMPORARILY_OUT_OF_STOCK","inStore:false; curbside:false; delivery:false; shipToHome:false"
"0007778268128","Johnsonville Beef Smoked Rope Sausage","Johnsonville","5.49","12 oz","HIGH","inStore:true; curbside:true; delivery:true; shipToHome:false"
"0004132255754","Farm Rich 100% Beef Meatballs, Gluten Free, 20oz","Farm Rich","9.99","20 oz","HIGH","inStore:true; curbside:true; delivery:true; shipToHome:false"
"0002531777532","Applegate Organics ®The Great Organic Uncured Beef Hot Dog ™","Applegate","7.99","10 oz","HIGH","inStore:true; curbside:true; delivery:true; shipToHome:false"
"0001111000925","Kroger® 73% Lean 100% Pure Beef Quarter Pound Burgers BIG Deal!","Kroger","29","24 ct / 6 lb","HIGH","inStore:true; curbside:true; delivery:true; shipToHome:false"
"0007740012743","Buddig Corned Beef Lunch Meat 2oz","Buddig","0.99","2 oz","HIGH","inStore:true; curbside:true; delivery:true; shipToHome:false"
"0084036993424","Butcher's Prime Roasted Beef Lung Tip Dog Treats","Butcher's Prime","6.79","3 oz","","inStore:false; curbside:false; delivery:false; shipToHome:false"
"0004601517664","Guy Fieri Flavortown Ultimate Steak Butter Rub, Garlic Herb Seasoning for Beef and Vegetables, 5 oz","Flavortown","5.99","5 oz","HIGH","inStore:true; curbside:true; delivery:true; shipToHome:false"
"0007495618057","Hebrew National Beef Franks","Hebrew National","6.99","10.300 oz","HIGH","inStore:true; curbside:true; delivery:true; shipToHome:false"
"0004450033905","Hillshire Farm® Beef Smoked Sausage","Hillshire Farm","5.99","12 oz","LOW","inStore:true; curbside:true; delivery:true; shipToHome:false"
"0001380047562","Stouffer's Bowl-Fulls Slow-Roasted Steak & Potatoes Frozen Meal","Stouffer's","5.29","13.5 oz","HIGH","inStore:true; curbside:true; delivery:true; shipToHome:false"
"0007904122638","Skylark® Sliced Beef Liver","Skylark","5.79","4 ct / 4 oz","HIGH","inStore:true; curbside:true; delivery:true; shipToHome:false"
"0005450019329","Ball Park Bun Length Beef Hot Dogs","Ball Park","6.49","15 oz","HIGH","inStore:true; curbside:true; delivery:true; shipToHome:false"
"0007495628400","Hebrew National Bun Length Beef Franks","Hebrew National","7.29","12 oz","HIGH","inStore:true; curbside:true; delivery:true; shipToHome:false"
"0002113190534","Marie Callender's Steak & Roasted Potatoes, Frozen Meal","Marie Callender's","3.99","11.9 oz","HIGH","inStore:true; curbside:true; delivery:true; shipToHome:false"
"0005450019322","Ball Park Beef Hot Dogs","Ball Park","6.49","15 oz","HIGH","inStore:true; curbside:true; delivery:true; shipToHome:false"
"0088831391499","Nathan's® Skinless Beef Franks","Nathan's Famous","5.99","12 oz","HIGH","inStore:true; curbside:true; delivery:true; shipToHome:false"
"0004470006376","Oscar Mayer Natural Selects Bun-Length Angus Beef Uncured Beef Franks Hot Dogs Pack","Oscar Mayer","7.99","8 ct","TEMPORARILY_OUT_OF_STOCK","inStore:true; curbside:true; delivery:true; shipToHome:false"
"0001111000637","Private Selection® All Beef Hot Dogs","Private Selection","5.49","5 ct / 12 oz","HIGH","inStore:true; curbside:true; delivery:true; shipToHome:false"
"0001111020785","Private Selection® Jumbo All Beef Hot Dogs","Private Selection","5.49","4 ct / 12 oz","TEMPORARILY_OUT_OF_STOCK","inStore:false; curbside:false; delivery:false; shipToHome:false"
"0001111015791","Private Selection® Tavern Style Pot Roast Cooking Sauce","Private Selection","3.99","15.5 oz","LOW","inStore:true; curbside:true; delivery:true; shipToHome:false"
"0007740012713","Buddig Beef 2 oz","Buddig","0.99","2 oz","HIGH","inStore:true; curbside:true; delivery:true; shipToHome:false"
"0001111015792","Private Selection® Hearty Beef Stew Cooking Sauce","Private Selection","3.99","15.5 oz","LOW","inStore:true; curbside:true; delivery:true; shipToHome:false"
"0007969440140","Old Trapper Old Fashioned Jumbo Kippered Beef Steak Stick","Old Trapper","4.29","2 oz","","inStore:true; curbside:true; delivery:true; shipToHome:false"
"0002781500231","Eckrich® Beef Skinless Smoked Sausage Rope","Eckrich","3.99","10 oz","HIGH","inStore:true; curbside:true; delivery:true; shipToHome:false"
"0004470007505","Oscar Mayer Classic Beef Franks Hot Dogs, Pack","Oscar Mayer","6.29","10 ct","HIGH","inStore:true; curbside:true; delivery:true; shipToHome:false"
"0088831391490","Nathan's® Famous Bun Length Skinless Beef Franks","Nathan's Famous","5.99","12 oz","HIGH","inStore:true; curbside:true; delivery:true; shipToHome:false"
"0004470007502","Oscar Mayer Bun-Length Beef Franks Hot Dogs, Pack","Oscar Mayer","6.29","8 ct","HIGH","inStore:true; curbside:true; delivery:true; shipToHome:false"
"0001111020788","Simple Truth® Uncured Grass Fed Beef Hot Dogs","Simple Truth","6.99","6 ct / 10 oz","HIGH","inStore:true; curbside:true; delivery:true; shipToHome:false"
"0088831397180","Nathan's® Famous Bun Length Skinless Beef Franks","Nathan's Famous","13.99","28 oz","HIGH","inStore:true; curbside:true; delivery:true; shipToHome:false"
"0001111001646","Simple Truth® Uncured Beef Hot Dogs","Simple Truth","5.79","6 ct / 10 oz","LOW","inStore:true; curbside:true; delivery:true; shipToHome:false"
"0007072301375","Vienna Beef Franks","Vienna Beef","7.49","12 oz","TEMPORARILY_OUT_OF_STOCK","inStore:false; curbside:false; delivery:false; shipToHome:false"
"0007778202984","Johnsonville Smoked Beef Hot Links","Johnsonville","4.69","12 oz","TEMPORARILY_OUT_OF_STOCK","inStore:false; curbside:false; delivery:false; shipToHome:false"
"0088831391404","Nathan's® Famous Jumbo Restaurant Style Beef Franks","Nathan's Famous","5.99","12 oz","HIGH","inStore:true; curbside:true; delivery:true; shipToHome:false"
"0005450019334","Ball Park Uncured Beef Franks","Ball Park","9.99","30 oz","TEMPORARILY_OUT_OF_STOCK","inStore:true; curbside:true; delivery:true; shipToHome:false"
"0004133500127","Ken's Steak House® Light Raspberry Walnut Vinaigrette Salad Dressing & Marinade","Ken's Steak House","3.79","16 fl oz","HIGH","inStore:true; curbside:true; delivery:true; shipToHome:false"
"0001111068855","Private Selection® Asiago Cheese Angus Beef Patties","Private Selection","14.99","6 ct / 2 lb","HIGH","inStore:true; curbside:true; delivery:true; shipToHome:false"
"0002718256301","Tyson® Slow Cooker Pork Roast Meal Kit with Vegetables & Seasoning Boneless Family Size","Tyson","12.99","44 oz","","inStore:false; curbside:false; delivery:false; shipToHome:false"
"0004133500125","Ken's Steak House® Chunky Blue Cheese Salad Dressing","Ken's Steak House","3.79","16 fl oz","LOW","inStore:true; curbside:true; delivery:true; shipToHome:false"
"0081669702066","Impossible® Beef Hot Dogs Meat From Plants, Fully Cooked, 6 Links, 10 oz","Impossible","7.99","10 oz","HIGH","inStore:true; curbside:true; delivery:true; shipToHome:false"
"0088831300011","Nathan's® Famous Colossal Quarter Pound Beef Franks","Nathan's Famous","13.99","32 oz","HIGH","inStore:true; curbside:true; delivery:true; shipToHome:false"
"0004133500086","Ken's Steak House® Ranch Salad Dressing","Ken's Steak House","5.29","24 fl oz","HIGH","inStore:true; curbside:true; delivery:true; shipToHome:false"
"0022572100000","Private Selection® Top Round Uncured Deli Corned Beef Sliced","Private Selection","15.99","1 lb","","inStore:true; curbside:true; delivery:true; shipToHome:false"
"0004948500236","J.T.M. Beef Hoagie Kit","J.T.M.","19.99","38 oz","","inStore:true; curbside:true; delivery:true; shipToHome:false"
"0004750001439","Bridgford® Beef Snack Bites","Bridgford","5.49","4 oz","","inStore:false; curbside:false; delivery:false; shipToHome:false"
"0004948500232","JTM Retail Beef Philly Kit 4PK","J.T.M.","19.99","1 ct","","inStore:true; curbside:true; delivery:true; shipToHome:false"
"0001111013825","Kroger® 1883 Steak Sauce","Kroger","3.49","10 oz","HIGH","inStore:true; curbside:true; delivery:true; shipToHome:false"
"0004133500034","Ken's Steak House® Honey Mustard Salad Dressing","Ken's Steak House","3.79","16 fl oz","HIGH","inStore:true; curbside:true; delivery:true; shipToHome:false"
"0004450005023","Kahn's® Beef Hot Dogs","Kahn's","6.49","10 ct / 16 oz","HIGH","inStore:true; curbside:true; delivery:true; shipToHome:false"
"0004133533218","Ken's Steak House® Ranch Salad Dressing","Ken's Steak House","3.79","16 fl oz","HIGH","inStore:true; curbside:true; delivery:true; shipToHome:false"
"0005440000004","A.1. Original Steak Sauce","A.1.","6.99","15 oz","HIGH","inStore:true; curbside:true; delivery:true; shipToHome:false"
"0004133533292","Ken's Steak House® Honey Mustard Salad Dressing","Ken's Steak House","5.29","24 fl oz","HIGH","inStore:true; curbside:true; delivery:true; shipToHome:false"
"0005440000005","A.1. Original Steak Sauce","A.1.","5.79","10 oz","HIGH","inStore:true; curbside:true; delivery:true; shipToHome:false"
"0007426310102","Dale's® Steak Seasoning Sauce","Dale's","4.49","16 oz","HIGH","inStore:true; curbside:true; delivery:true; shipToHome:false"
"0003666906181","Cooked Perfect Frozen All Beef Original Meatball","Cooked Perfect","9.99","18 oz","HIGH","inStore:true; curbside:true; delivery:true; shipToHome:false"
"0001129104504","Queen City Sausage Skinless Mild Beef Smoked Sausage","Queen City","7.79","14 oz","","inStore:true; curbside:true; delivery:true; shipToHome:false"
"0073906304050","Simek's® Original Beef Meatballs","SIMEK'S","9.99","22 oz","LOW","inStore:true; curbside:true; delivery:true; shipToHome:false"
"0001129104505","Queen City Sausage Hot Beef Smoked Sausage","Queen City","7.79","14 oz","HIGH","inStore:true; curbside:true; delivery:true; shipToHome:false"
"0001590006867","Bar S Quarter Pound Jumbo Jumbo Beef Frank Pre Priced","Bar S","8","24 oz","HIGH","inStore:true; curbside:true; delivery:true; shipToHome:false"
"0002531777530","Applegate Natural Uncured Beef Hot Dog","Applegate","7.49","10 oz","HIGH","inStore:true; curbside:true; delivery:true; shipToHome:false"
"0004133500064","Ken's Steak House® Country French Salad Dressing","Ken's Steak House","3.79","16 fl oz","HIGH","inStore:true; curbside:true; delivery:true; shipToHome:false"
"0001129104590","Queen City Sausage Skinless Beef Smoked Sausage","Queen City","11.99","42 oz","","inStore:true; curbside:true; delivery:true; shipToHome:false"
"0001300052680","Heinz 57 Steak Sauce","Heinz","8.79","20 oz","HIGH","inStore:true; curbside:true; delivery:true; shipToHome:false"
"0007080074687","Smithfield Roasted Garlic & Herb Pork Loin Filet","Smithfield","9.99","23 oz","","inStore:true; curbside:true; delivery:true; shipToHome:false"
"0001111073514","Kroger® The Universal Steak Sauce","Kroger","3.49","11.5 fl oz","HIGH","inStore:true; curbside:true; delivery:true; shipToHome:false"
"0003390750009","Arriba!® Medium Fire Roasted Chipotle Salsa","Arriba!","4.99","16 oz","TEMPORARILY_OUT_OF_STOCK","inStore:false; curbside:false; delivery:false; shipToHome:false"
"0004133500176","Ken's Steak House® Creamy Caesar Salad Dressing","Ken's Steak House","3.79","16 fl oz","HIGH","inStore:true; curbside:true; delivery:true; shipToHome:false"
"0001111015594","Simple Truth® 100% Grass-fed Beef Homestyle Meatballs","Simple Truth","6.99","16 oz","TEMPORARILY_OUT_OF_STOCK","inStore:false; curbside:false; delivery:false; shipToHome:false"
"0074395800180","Casa Martinez® Quemada Fire Roasted Salsa","Casa Martinez","5.99","16 oz","HIGH","inStore:true; curbside:true; delivery:true; shipToHome:false"
"0005440001278","A.1. Thick & Hearty Steak Sauce","A.1.","5.79","10 oz","HIGH","inStore:true; curbside:true; delivery:true; shipToHome:false"
"0003390750003","Arriba!® Mild Fire Roasted Mexican Red Salsa","Arriba!","4.99","16 oz","TEMPORARILY_OUT_OF_STOCK","inStore:false; curbside:false; delivery:false; shipToHome:false"
"0003390750001","Arriba!® Medium Fire Roasted with Jalapeno & Cilantro Tomato Salsa","Arriba!","4.99","16 oz","HIGH","inStore:false; curbside:false; delivery:false; shipToHome:false"
"0085006066588","Archer™ Full Size Beef Sticks","Country Archer","14.99","8 pk / 1 oz","TEMPORARILY_OUT_OF_STOCK","inStore:false; curbside:false; delivery:false; shipToHome:false"
"0004948568050","JTM® Fully Cooked Beef Hoagie Patties","JTM Retail","10.99","6 ct / 23 oz","","inStore:true; curbside:true; delivery:true; shipToHome:false"
"0001300000264","Heinz 57 Steak Sauce","Heinz","7.29","10 fl oz","HIGH","inStore:true; curbside:true; delivery:true; shipToHome:false"
"0004133500054","Ken's Steak House® Buttermilk Ranch Salad Dressing","Ken's Steak House","3.79","16 fl oz","HIGH","inStore:true; curbside:true; delivery:true; shipToHome:false"
"0004133500053","Ken's Steak House® Thousand Island Salad Dressing","Ken's Steak House","3.79","16 fl oz","HIGH","inStore:true; curbside:true; delivery:true; shipToHome:false"
"0001129102062","Queen City Beef Franks","Queen City","7.29","16 oz","","inStore:true; curbside:true; delivery:true; shipToHome:false"
"0007982110316","Holten’s Chophouse 100% Beef Smashed Sliders","Holten Meats","12.99","12 ct / 2 oz","TEMPORARILY_OUT_OF_STOCK","inStore:false; curbside:false; delivery:false; shipToHome:false"
"0007495618440","Hebrew National Beef Franks","Hebrew National","14.99","34.1 oz","HIGH","inStore:true; curbside:true; delivery:true; shipToHome:false"
"0004948568330","J.T.M.® Original Beef Patties","J.T.M.","23.49","16 ct / 48 oz","","inStore:true; curbside:true; delivery:true; shipToHome:false"
"0004590811139","Farberware® Stamped Stainless Steel Steak Knife Set","Farberware","17.99","4 pc","TEMPORARILY_OUT_OF_STOCK","inStore:false; curbside:false; delivery:false; shipToHome:false"
"0004133536382","Ken's Steak House® Simply Vinaigrette Greek Salad Dressing","Ken's Steak House","3.79","16 fl oz","HIGH","inStore:true; curbside:true; delivery:true; shipToHome:false"
"0007512800016","Savannah Classics® Original Fresh Onion Hushpuppy","Savannah Classics","4.49","16 oz.","LOW","inStore:true; curbside:true; delivery:true; shipToHome:false"
"0004440011250","Gorton’s Crispy Battered Fish Portions Fish Fillets, Frozen","Gorton's","9.99","12 ct / 24.5 oz.","HIGH","inStore:true; curbside:true; delivery:true; shipToHome:false"
"0004440015650","Gorton’s Crunchy Breaded Fish Sticks Cut from Real Fish, Crunchy Panko Breadcrumbs, Frozen","Gorton's","6.99","11.4 oz","HIGH","inStore:true; curbside:true; delivery:true; shipToHome:false"
"0003549301465","Sea Cuisine® Honey Chipotle Salmon","Sea Cuisine","12.79","10.5 oz","HIGH","inStore:true; curbside:true; delivery:true; shipToHome:false"
"0003549301468","Sea Cuisine® Garlic & Herb Tilapia","Sea Cuisine","12.49","9 oz","HIGH","inStore:true; curbside:true; delivery:true; shipToHome:false"
"0004440015450","Gorton’s Crunchy Breaded Fish 100% Whole Fish Fillets (Not Minced), Crunchy Panko Breadcrumbs","Gorton's","9.99","10 ct / 19 oz","HIGH","inStore:true; curbside:true; delivery:true; shipToHome:false"
"0003549301467","Sea Cuisine® Teriyaki Sesame Salmon","Sea Cuisine","12.49","9 oz","LOW","inStore:true; curbside:true; delivery:true; shipToHome:false"
"0003915600275","Louisiana Fish Fry Products New Orleans-Style Fish Fry Seafood Breading Mix","Louisiana Fish Fry","2.29","10 oz","HIGH","inStore:true; curbside:true; delivery:true; shipToHome:false"
"0007142902437","Zatarain's Seasoned Fish Fri","Zatarain's","2.19","12 oz","LOW","inStore:true; curbside:true; delivery:true; shipToHome:false"
"0001111062155","Kroger® Farm Raised Catfish Fillets","Kroger","5","8 ounces","","inStore:true; curbside:true; delivery:true; shipToHome:false"
"0001111067446","Kroger® Fresh Farm Raised Tilapia Fillets","","8","16 oz","","inStore:true; curbside:true; delivery:true; shipToHome:false"
"0001111067600","Private Selection® Blackened Atlantic Salmon","Private Selection","10","10 oz","","inStore:false; curbside:false; delivery:false; shipToHome:false"
"0001111086003","Kroger® Farm Raised Tilapia Fillets Frozen BIG DEAL!","Kroger","10","32 ounces","HIGH","inStore:true; curbside:true; delivery:true; shipToHome:false"
"0001111062160","Kroger® Fresh Farm Raised Tilapia Fillets","Kroger","5","8 ounces","","inStore:true; curbside:true; delivery:true; shipToHome:false"
"0001960092010","Van de Kamp's® Crispy Battered Fillets","Van de Kamp's","7.99","19.45 oz","LOW","inStore:true; curbside:true; delivery:true; shipToHome:false"
"0004440010310","Gorton’s Crunchy Breaded Fish Sticks Cut from Real Fish, Crunchy Panko Breadcrumbs, Frozen","Gorton's","13.79","90 ct / 51 oz","LOW","inStore:true; curbside:true; delivery:true; shipToHome:false"
"0026859340000","Service Counter Fresh Atlantic Salmon Portion Farm Raised (never frozen; sustainably sourced)","","11.99","1 lb","","inStore:false; curbside:false; delivery:false; shipToHome:false"
"0004440015640","Gorton’s Parmesan Crusted Fish 100% Whole Fish Fillets (Not Minced), Wild Caught, Frozen","Gorton's","9.99","10 ct / 18.2 oz","LOW","inStore:true; curbside:true; delivery:true; shipToHome:false"
"0004440010270","Gorton’s Crunchy Breaded Fish Sticks Cut from Real Fish, Crunchy Panko Breadcrumbs, Frozen","Gorton's","9.99","44 ct / 24.5 oz","HIGH","inStore:true; curbside:true; delivery:true; shipToHome:false"
"0004440015440","Gorton’s Breaded Fish Sandwich Cut from Whole Fish Fillets (Not Minced), Wild Caught, Frozen","Gorton's","9.99","8 ct / 18.3 oz","HIGH","inStore:true; curbside:true; delivery:true; shipToHome:false"
"0026917340000","Service Counter Fresh Atlantic Salmon Center Cut Loin Farm Raised (never frozen sustainably sourced)","","11.99","1 lb","","inStore:true; curbside:true; delivery:true; shipToHome:false"
"0026807640000","Fresh Catfish Nuggets (never frozen; sustainably sourced)","","2.99","1 lb","","inStore:true; curbside:true; delivery:true; shipToHome:false"
"0003915600046","Louisiana® Fish Fry Products Tartar Sauce","Louisiana Fish Fry","3.39","10.5 oz","HIGH","inStore:true; curbside:true; delivery:true; shipToHome:false"
"0001960092007","Van De Kamp's Jumbo Frozen Fish Sticks","Van de Kamp's","5.99","23 oz","HIGH","inStore:true; curbside:true; delivery:true; shipToHome:false"
"0001960092142","Van de Kamp's® Crunchy Breaded Fish for Sandwiches","Van de Kamp's","7.99","18 oz","HIGH","inStore:true; curbside:true; delivery:true; shipToHome:false"
"0004440015630","Gorton’s Beer Battered Fish Whole Fish Fillets, Wild Caught Pollock, Frozen","Gorton's","6.99","11.0 oz","HIGH","inStore:true; curbside:true; delivery:true; shipToHome:false"
"0026812840000","Pacific Cod Fillet Wild Caught (sustainably sourced)","","11.99","1 lb","","inStore:true; curbside:true; delivery:true; shipToHome:false"
"0001960092301","Van de Kamp's® Beer Battered Fillets","Van de Kamp's","7.99","19.1 oz","HIGH","inStore:true; curbside:true; delivery:true; shipToHome:false"
"0004440015350","Gorton’s Beer Battered Fish 100% Whole Fish Fillets (Not Minced), Wild Caught Pollock, Frozen","Gorton's","9.99","10 ct / 18.2 oz","LOW","inStore:true; curbside:true; delivery:true; shipToHome:false"
"0003915600010","Louisiana Fish Fry Products Seasoned Fish Fry Seafood Breading Mix","Louisiana Fish Fry","2.29","10 oz","HIGH","inStore:true; curbside:true; delivery:true; shipToHome:false"
"0001111063223","Simple Truth® Wild Caught Pacific Cod Loins","Simple Truth","7.99","12 oz","TEMPORARILY_OUT_OF_STOCK","inStore:false; curbside:false; delivery:false; shipToHome:false"
"0001111064478","Kroger® Wild Caught Ocean Perch Fillets Frozen","Kroger","5","8 oz","","inStore:true; curbside:true; delivery:true; shipToHome:false"
"0001111064632","Simple Truth® Farmed Raised Tilapia Loins","Simple Truth","5.99","12 oz","TEMPORARILY_OUT_OF_STOCK","inStore:false; curbside:false; delivery:false; shipToHome:false"
"0084013710119","Foppen Smoked Norwegian Salmon Slices Flame Roasted","Foppen","9.49","4 oz","HIGH","inStore:true; curbside:true; delivery:true; shipToHome:false"
"0073114951527","Aqua Star Wild Pacific Salmon Fillet","Aqua Star","15.29","1.25 lb","HIGH","inStore:true; curbside:true; delivery:true; shipToHome:false"
"0004440013930","Gorton’s Butterfly Shrimp, Breaded with Crunchy Panko Breadcrumbs, Frozen","Gorton's","9.99","9.2 oz.","LOW","inStore:true; curbside:true; delivery:true; shipToHome:false"
"0026807440000","Fresh Catfish Fillet (never frozen; sustainably sourced)","","8.99","1 lb","","inStore:true; curbside:true; delivery:true; shipToHome:false"
"0001111077998","Kroger® Wild Caught Pacific Cod Fillets Frozen BIG DEAL!","Kroger","18.99","32 ounces","HIGH","inStore:true; curbside:true; delivery:true; shipToHome:false"
"0001111077999","Kroger® Farm Raised Catfish Fillets Frozen BIG DEAL!","Kroger","15.99","32 ounces","HIGH","inStore:true; curbside:true; delivery:true; shipToHome:false"
"0001960092070","Van de Kamp's® Crunchy Breaded Fish Sticks","Van de Kamp's","5.99","24.6 oz","HIGH","inStore:true; curbside:true; delivery:true; shipToHome:false"
"0004440015460","Gorton’s Crunchy Breaded Fish Sticks (Not Minced), Panko Breadcrumbs, Frozen","Gorton's","9.99","20 ct / 19 oz","HIGH","inStore:true; curbside:true; delivery:true; shipToHome:false"
"0001111077990","Kroger® Wild Caught Pink Salmon Fillets Frozen BIG DEAL!","Kroger","16.99","32 ounces","TEMPORARILY_OUT_OF_STOCK","inStore:true; curbside:true; delivery:true; shipToHome:false"
"0001111077991","Kroger® Wild Caught Pacific Whiting Fillets Frozen BIG DEAL!","Kroger","10","32 ounces","HIGH","inStore:true; curbside:true; delivery:true; shipToHome:false"
"0001529219985","Morey's by Seapak Seasoned Grill Atlantic Salmon","SeaPak","11.99","8 oz","LOW","inStore:true; curbside:true; delivery:true; shipToHome:false"
"0004440019100","Gorton’s Crunchy Breaded Fish Portions, Pollock, Crunchy Panko Breadcrumbs, Frozen","Gorton's","15.99","26 ct / 50 oz","LOW","inStore:true; curbside:true; delivery:true; shipToHome:false"
"0001111062147","Kroger® Wild Caught Sockeye Salmon Portions","Kroger","10","8 ounces","","inStore:true; curbside:true; delivery:true; shipToHome:false"
"0026845340000","Ocean Perch Fillet Wild Caught (sustainably sourced)","","7.99","1 lb","","inStore:true; curbside:true; delivery:true; shipToHome:false"
"0026915640000","Tuna Steak Wild Caught Frozen (sustainably sourced)","","11.99","1 lb","","inStore:false; curbside:false; delivery:false; shipToHome:false"
"0001116211127","Mrs. Paul's® Crunchy Breaded Fish Sticks","Mrs. Paul's","7.99","24.6 oz","TEMPORARILY_OUT_OF_STOCK","inStore:false; curbside:false; delivery:false; shipToHome:false"
"0001111062261","Kroger® Wild Caught Alaskan Cod Fillet","Kroger","6","8 ounces","","inStore:true; curbside:true; delivery:true; shipToHome:false"
"0023889440000","Fresh Tilapia Whole (sustainably sourced)","","5.49","1 lb","","inStore:true; curbside:true; delivery:true; shipToHome:false"
"0003549301462","Sea Cuisine® Citrus Herb Atlantic Salmon","Sea Cuisine","13.99","8 oz","LOW","inStore:true; curbside:true; delivery:true; shipToHome:false"
"0003549300410","Sea Cuisine® Guinness® Battered Fish Strips","Sea Cuisine","8.99","18 oz","HIGH","inStore:true; curbside:true; delivery:true; shipToHome:false"
"0007142902484","Zatarain's New Orleans Seasoned Fish Fry Breading Mix","Zatarain's","2.19","10 oz","HIGH","inStore:true; curbside:true; delivery:true; shipToHome:false"
"0001111098021","Private Selection® Farm Raised Norwegianˆ Atlantic Salmon Portion Hot Smoked Cajun","Private Selection","7.49","4 ounces","TEMPORARILY_OUT_OF_STOCK","inStore:true; curbside:true; delivery:true; shipToHome:false"
"0001111062826","Kroger® Farm Raised Atlantic Salmon Portions Frozen BIG DEAL!","Kroger","24.99","32 ounces","HIGH","inStore:true; curbside:true; delivery:true; shipToHome:false"
"0084323700552","Red Lobster Cheddar Bay Biscuit® Cod","Red Lobster","10.49","4 pk / 11.6 oz","HIGH","inStore:true; curbside:true; delivery:true; shipToHome:false"
"0085003799260","Fire & Smoke Society® Fish Monger Seafoood Blend","Fire & Smoke Society","5.99","5.2 oz","HIGH","inStore:true; curbside:true; delivery:true; shipToHome:false"
"0001111098020","Private Selection® Farm Raised Norwegianˆ Atlantic Salmon Portion Hot Smoked Cracked Pepper","Private Selection","7.49","4 ounces","HIGH","inStore:true; curbside:true; delivery:true; shipToHome:false"
"0023858800000","Salmon Atlantic Fillet (Fresh Farm Raised)","","9.99","1 lb","","inStore:false; curbside:false; delivery:false; shipToHome:false"
"0001111069185","Kroger® Farm Raised Atlantic Salmon Portions","Kroger","20","33 oz","","inStore:false; curbside:false; delivery:false; shipToHome:false"
"0001111064135","Private Selection® Cold Smoked Marlborough King Salmon","Private Selection","10.99","3.5 oz","HIGH","inStore:true; curbside:true; delivery:true; shipToHome:false"
"0001111062272","Kroger® Fresh Farm Raised Atlantic Salmon Center Cut Loin","Kroger","14","16 ounces","","inStore:true; curbside:true; delivery:true; shipToHome:false"
"0003520450094","Andy's Seasoning® Red Fish Breading","Andy's","1.99","10 oz","HIGH","inStore:true; curbside:true; delivery:true; shipToHome:false"
"0026910540000","Wild Caught Sockeye Salmon Fillet (Previously Frozen)","","15.99","1 lb","","inStore:true; curbside:true; delivery:true; shipToHome:false"
"0021544150000","Kroger® Fresh Farm Raised Atlantic Salmon Fillet","Kroger","9.99","1 lb","","inStore:true; curbside:true; delivery:true; shipToHome:false"
"0001111096314","Private Selection® Wild Caught Alaskan Sockeye Salmon Portion Hot Smoked Traditional","Private Selection","10.49","4 ounces","HIGH","inStore:true; curbside:true; delivery:true; shipToHome:false"
"0001111096316","Private Selection® Farm Raised Norwegianˆ Atlantic Salmon Pre-Sliced Cold Smoked Traditional","Private Selection","10.49","4 ounces","HIGH","inStore:true; curbside:true; delivery:true; shipToHome:false"
"0001111098019","Private Selection® Farm Raised Norwegianˆ Atlantic Salmon Portion Hot Smoked Traditional","Private Selection","7.49","4 ounces","LOW","inStore:true; curbside:true; delivery:true; shipToHome:false"
"0082994409348","Great American Seafood Farm Raised Atlantic Salmon Fillets","Great American Seafood","26.99","32 oz","LOW","inStore:true; curbside:true; delivery:true; shipToHome:false"
"0002338411115","Acme Smoked Fish Sesame Crusted Smoked Ahi Tuna 3 oz","Acme Smoked Fish","6.99","3 oz","LOW","inStore:true; curbside:true; delivery:true; shipToHome:false"
"0003915600045","Louisiana® Fish Fry Products Cocktail Sauce","Louisiana Fish Fry","3.39","12 oz","HIGH","inStore:true; curbside:true; delivery:true; shipToHome:false"
"0007142902645","Zatarain's Crispy Southern Fish Fri","Zatarain's","2.29","10 oz","HIGH","inStore:true; curbside:true; delivery:true; shipToHome:false"
"0001111063258","Kroger® Farm Raised Atlantic Salmon Burgers Spicy Cheddar","Kroger","5","11 ounces","","inStore:true; curbside:true; delivery:true; shipToHome:false"
"0001111063259","Kroger® Farm Raised Atlantic Salmon Burgers Garden Harvest","Kroger","5","11 ounces","","inStore:true; curbside:true; delivery:true; shipToHome:false"
"0066064600149","Honey Smoked Salmon 6oz Hot Honey","Honey Smoked Fish Co.","9.99","6oz","HIGH","inStore:true; curbside:true; delivery:true; shipToHome:false"
"0003915600048","Louisiana Fish Fry Products Remoulade Sauce","Louisiana Fish Fry","3.99","10.5 oz","HIGH","inStore:true; curbside:true; delivery:true; shipToHome:false"
"0066064600144","Honey Smoked Fish Smoked Salmon Fillet, Original, 6 oz","Honey Smoked Fish Co.","9.99","6oz","HIGH","inStore:true; curbside:true; delivery:true; shipToHome:false"
"0001116210250","Mrs. Paul's® Beer Battered Fillets","Mrs. Paul's","7.99","19.1 oz","TEMPORARILY_OUT_OF_STOCK","inStore:false; curbside:false; delivery:false; shipToHome:false"
"0003915600007","Louisiana® Fish Fry Products Cajun Gumbo Base","Louisiana Fish Fry","2.99","5 oz","HIGH","inStore:true; curbside:true; delivery:true; shipToHome:false"
"0003520450198","Andy's Seasoning® Cajun Fish Breading","Andy's","1.99","10 oz","HIGH","inStore:true; curbside:true; delivery:true; shipToHome:false"
"0001111063260","Kroger® Wild Caught Mozzarella and Red Pepper Sockeye Salmon Burgers","Kroger","5","2 ct / 11 ounces","","inStore:true; curbside:true; delivery:true; shipToHome:false"
"0001111014491","Petpride® Salmon Puree","Pet Pride","2.29","2 oz","HIGH","inStore:true; curbside:true; delivery:true; shipToHome:false"
"0003549300079","Sea Cuisine® Tortilla Tilapia","Sea Cuisine","12.49","9 oz","LOW","inStore:true; curbside:true; delivery:true; shipToHome:false"
"0001529220725","MOREY'S WILD ALASKAN SALMON STEAKHOUSE 2 PACK","Morey's","11.99","10 oz","LOW","inStore:true; curbside:true; delivery:true; shipToHome:false"
"0023858840000","Fresh Atlantic Farm Raised Whole Salmon Fillet","","9.99","1 lb","","inStore:true; curbside:true; delivery:true; shipToHome:false"
"0002802959710","Trident Seafoods® Alaskan Salmon Burgers","Trident Seafoods","7.99","4 ct / 11.2 oz","LOW","inStore:true; curbside:true; delivery:true; shipToHome:false"
"0001111063261","Kroger® Wild Caught Sockeye Salmon Burgers Spinach and Feta","Kroger","5","11 ounces","","inStore:true; curbside:false; delivery:true; shipToHome:false"
"0001529224972","Morey's Tilapia, Blackened, 4 Fillets, 20 oz","Morey's","16.99","20 oz","LOW","inStore:false; curbside:false; delivery:false; shipToHome:false"
"0001960092034","Van de Kamp's® Crunchy Breaded Fillets","Van de Kamp's","7.99","19 oz","HIGH","inStore:true; curbside:true; delivery:true; shipToHome:false"
"0026917300000","Atlantic Salmon Center Cut","","11.99","8 oz","","inStore:true; curbside:true; delivery:true; shipToHome:false"
"0001111096419","Private Selection® Wild Caught Alaskan Sockeye Salmon Pre-Sliced Cold Smoked Traditional","Private Selection","9.99","4 ounces","LOW","inStore:true; curbside:true; delivery:true; shipToHome:false"
"0003549300367","Sea Cuisine® Garlic Bread Crusted Tilapia","Sea Cuisine","15.99","19 oz","HIGH","inStore:true; curbside:true; delivery:true; shipToHome:false"
"0001960092074","Van de Kamp's® Shark Bites","Van de Kamp's","7.79","19 oz","HIGH","inStore:true; curbside:true; delivery:true; shipToHome:false"
"0084013710000","Foppen Norwegian Smoked Salmon Slices","Foppen","15.79","8.1 oz","HIGH","inStore:true; curbside:true; delivery:true; shipToHome:false"
"0007142902622","Zatarain's Crispy Southern Fish Fri","Zatarain's","2.19","12 oz","HIGH","inStore:true; curbside:true; delivery:true; shipToHome:false"
"0007142902620","Zatarain's Lemon Pepper Fish Fri","Zatarain's","2.19","12 oz","HIGH","inStore:true; curbside:true; delivery:true; shipToHome:false"
"0023889540000","Fresh Tilapia Fillet (sustainably sourced)","","8.49","1 lb","","inStore:true; curbside:true; delivery:true; shipToHome:false"
"0001111064881","Kroger® Farm Raised Brown Sugar Bourbon Atlantic Salmon Portions","Kroger","7","8 oz","","inStore:true; curbside:true; delivery:true; shipToHome:false"
"0001111067596","Private Selection® Maple BBQ Atlantic Salmon","Private Selection","10","10 oz","","inStore:false; curbside:false; delivery:false; shipToHome:false"
"0001111096324","Private Selection® Wild Caught Alaskan Sockeye Salmon Pe-Sliced Cold Smoked Pastrami","Private Selection","10.99","4 ounces","HIGH","inStore:true; curbside:true; delivery:true; shipToHome:false"
"0007512800012","Savannah Classics® Sweet Corn Hushpuppies","Savannah Classics","4.49","16 oz","TEMPORARILY_OUT_OF_STOCK","inStore:true; curbside:true; delivery:true; shipToHome:false"
"0001111069825","Private Selection® Blue Cheese and Black Pepper Farm Raised Atlantic Salmon Burgers","Private Selection","10","4 ct / 16 oz","","inStore:true; curbside:true; delivery:true; shipToHome:false"
"0001111069826","Private Selection® Farm Raised Cherry Jalapeno Atlantic Salmon Burgers","Private Selection","10","4 ct / 16 oz","","inStore:true; curbside:true; delivery:true; shipToHome:false"
"0001111098024","Kroger® Smoked Salmon Dip","Kroger","3.99","7.5 ounces","HIGH","inStore:true; curbside:true; delivery:true; shipToHome:false"
"0084013710091","Foppen Hot Smoked Salmon with Black Pepper","Foppen","9.49","4 oz","HIGH","inStore:true; curbside:true; delivery:true; shipToHome:false"
"0026807240000","Fresh Catfish Whole (never frozen; sustainably sourced)","","5.99","1 lb","","inStore:true; curbside:true; delivery:true; shipToHome:false"
"0002338412016","Blue Hill Bay BBQ Smoked Salmon","Blue Hill Bay","6.99","4 oz","HIGH","inStore:false; curbside:false; delivery:false; shipToHome:false"
"0068826457913","Latitude 45 Smoked Salmon Candy Bites","Latitude 45","10.99","6 oz","TEMPORARILY_OUT_OF_STOCK","inStore:false; curbside:false; delivery:false; shipToHome:false"
"0002338412017","Blue Hill Bay Herb Smoked Salmon","Blue Hill Bay","6.99","4 oz","HIGH","inStore:true; curbside:true; delivery:true; shipToHome:false"
"0001111065939","Private Selection® Cajun Style Chilean Atlantic Salmon","Private Selection","9.99","2 ct / 8 oz","LOW","inStore:true; curbside:true; delivery:true; shipToHome:false"
"0068826491275","Latitude 45 Frozen Sliced Cold Smoked Atlantic Salmon Loin","Latitude 45","10.99","6 oz","HIGH","inStore:true; curbside:true; delivery:true; shipToHome:false"
"0001111067604","Private Selection® Everything Bagel Crusted Atlantic Salmon","Private Selection","10","10 oz","","inStore:false; curbside:false; delivery:false; shipToHome:false"
"0001111067447","Kroger® Wild Caught Alaskan Cod Fillets","","12","16 oz","","inStore:true; curbside:true; delivery:true; shipToHome:false"
"0001111014119","Kroger® Less Sodium Chunk Light Tuna in Water","Kroger","1.19","5 oz","HIGH","inStore:true; curbside:true; delivery:true; shipToHome:false"
"0001111063290","Kroger® Farm Raised Atlantic Salmon with Spinach and Feta Stuffing","Kroger","10","2 ct / 12 ounces","","inStore:true; curbside:true; delivery:true; shipToHome:false"
"0001111098018","Private Selection® Ahi Tuna","Private Selection","8.99",".75 lb","HIGH","inStore:true; curbside:true; delivery:true; shipToHome:false"
"0008000000673","StarKist® Chunk Light Tuna in Water Can","StarKist","1.29","5 oz","HIGH","inStore:true; curbside:true; delivery:true; shipToHome:false"
"0008000051304","StarKist® Tuna Creations® Herb & Garlic Pouch","StarKist","1.5","2.6 oz","HIGH","inStore:true; curbside:true; delivery:true; shipToHome:false"
"0001111098013","Kroger® Crab Dip Traditional","Kroger","3.99","7.5 ounces","HIGH","inStore:true; curbside:true; delivery:true; shipToHome:false"
"0001111098010","Kroger® Cajun Style Crab Dip with Imitation Crab Meat & Real Crab","Kroger","3.99","7.5 ounces","HIGH","inStore:true; curbside:true; delivery:true; shipToHome:false"
"0004800000392","Chicken of the Sea® Wild Caught Light Tuna in Spring Water Pouch","Chicken of the Sea","1.39","2.5 oz","HIGH","inStore:true; curbside:true; delivery:true; shipToHome:false"
"0002338411507","Blue Hill Bay Scottish Style Smoked Salmon","Blue Hill Bay","10.99","4 oz","HIGH","inStore:true; curbside:true; delivery:true; shipToHome:false"
"0008000051972","StarKist Smart Bowls® with Spicy Pepper Tuna with Rice & Beans Pouch","StarKist","1.5","4.5 oz","HIGH","inStore:true; curbside:true; delivery:true; shipToHome:false"
"0001111068910","Kroger® Catfish Nuggets","Kroger","5","16 oz","","inStore:true; curbside:true; delivery:true; shipToHome:false"
"0001111069648","Kroger® Seafood Salad","Kroger","5","11 oz","LOW","inStore:true; curbside:true; delivery:true; shipToHome:false"
"0008000051974","StarKist Smart Bowls® with Tomato Basil Tuna with Barley & Beans Pouch","StarKist","1.5","4.5 oz","HIGH","inStore:true; curbside:true; delivery:true; shipToHome:false"
"0007142901570","Zatarain's Crawfish, Shrimp & Crab Boil","Zatarain's","2.29","3 oz","HIGH","inStore:true; curbside:true; delivery:true; shipToHome:false"
"0082994409313","Great American Seafood Wild Caught Ahi Tuna Premium Center Cut","Great American Seafood","24.99","32 oz","HIGH","inStore:true; curbside:true; delivery:true; shipToHome:false"
"0001111060948","Kroger® Cocktail Sauce Original","Kroger","1.59","8 ounces","HIGH","inStore:true; curbside:true; delivery:true; shipToHome:false"
"0001111061723","Private Selection® Farm Raised Atlantic Salmon Cedar Plank Applewood Orange & Ginger","Private Selection","23.99","24 ounces","HIGH","inStore:true; curbside:true; delivery:true; shipToHome:false"
"0001111061722","Private Selection® Farm Raised Atlantic Salmon Cedar Plank Sugar & Spice","Private Selection","23.99","24 ounces","LOW","inStore:true; curbside:true; delivery:true; shipToHome:false"
"0001111014937","Kroger® Less Sodium Wild Caught Chunk Light Tuna in Water","Kroger","0.99","2.5 oz","HIGH","inStore:true; curbside:true; delivery:true; shipToHome:false"
"0001111067627","Kroger® Farm Raised Catfish Fillets","Kroger","10","16 ounces","","inStore:true; curbside:true; delivery:true; shipToHome:false"
"0004138753020","4C® Plain Japanese Style Panko Bread Crumbs","4C","2.79","8 oz","HIGH","inStore:true; curbside:true; delivery:true; shipToHome:false"
"0026865500000","Home Chef Atlantic Seasoned Salmon Fillets","Home Chef","10.99","1 lb","","inStore:true; curbside:true; delivery:true; shipToHome:false"
"0001111065688","Simple Truth® Flake Style Surimi Seafood","Simple Truth","4.99","12 oz","HIGH","inStore:true; curbside:true; delivery:true; shipToHome:false"
"0026856640000","Orange Roughy Fillet Wild Caught (sustainably sourced)","","8.99","1 lb","","inStore:true; curbside:true; delivery:true; shipToHome:false"
"0008000051970","StarKist Smart Bowls® Latin Citrus Tuna with Quinoa & Beans Pouch","StarKist","1.5","4.5 oz","HIGH","inStore:true; curbside:true; delivery:true; shipToHome:false"
"0001111063187","Kroger® Orange Roughy","Kroger","11.99",".75 lb","HIGH","inStore:true; curbside:true; delivery:true; shipToHome:false"
"0001111063262","Kroger® Farm Raised Seafood Stuffed Atlantic Salmon Portions","Kroger","10","12 ounces","","inStore:true; curbside:true; delivery:true; shipToHome:false"
"0023858830000","Easy For You Seafood - Atlantic Salmon Fillet (NOT AVAILABLE FOR ORDERS BEFORE 11:00 am DAILY)","Easy For You","9.99","1 lb","","inStore:false; curbside:false; delivery:false; shipToHome:false"
"0007032882053","OLD BAY Shaker Bottle Seafood Seasoning","Old Bay","3.99","2.62 oz","HIGH","inStore:true; curbside:true; delivery:true; shipToHome:false"
"0001111062823","Sand Bar™ Frozen Catfish Nuggets","Sand Bar","8.79","48 oz","HIGH","inStore:true; curbside:true; delivery:true; shipToHome:false"
"0001111065938","Private Selection® Chili Lime Chilean Atlantic Salmon","Private Selection","9.99","2 ct / 8 oz","HIGH","inStore:true; curbside:true; delivery:true; shipToHome:false"
"0001111013899","Kroger® Wild Caught Sardines in Water","Kroger","1.19","3.75 oz","HIGH","inStore:true; curbside:true; delivery:true; shipToHome:false"
"0084013710088","Foppen Hot Smoked Salmon","Foppen","9.49","4 oz","HIGH","inStore:true; curbside:true; delivery:true; shipToHome:false"
"0021714560000","Seafood Salad","","7.99","1 rw","","inStore:true; curbside:true; delivery:true; shipToHome:false"
"0008267403892","Ducktrap River of Maine Scottish Style Spruce Point Smoked Atlantic Salmon","Ducktrap River Of Maine","6.99","4 oz","HIGH","inStore:true; curbside:true; delivery:true; shipToHome:false"
"0003520470099","Andy's Seasoning™ Mild Chicken Breading","Andy's","1.99","10 oz","HIGH","inStore:true; curbside:true; delivery:true; shipToHome:false"
"0004679877104","Tetra® TetraMin® Tropical Flakes Fish Food","Tetra","8.99","2.2 oz","","inStore:true; curbside:true; delivery:true; shipToHome:false"
"0026879440000","Snapper Fillet Wild Caught Frozen (sustainably sourced)","","9.99","1 lb","","inStore:true; curbside:true; delivery:true; shipToHome:false"
"0004440015850","Gorton’s Crunchy Breaded Fish Taco Tenders, Cilantro Lime Flavored, Wild-Caught Pollock, Frozen","Gorton's","9.99","16.2 oz","HIGH","inStore:true; curbside:true; delivery:true; shipToHome:false"
"0008000000685","StarKist E.V.O.O.® Solid Yellowfin Tuna with Crushed Red Peppers and Extra Virgin Olive Oil Can","StarKist","2.79","4.5 oz","HIGH","inStore:true; curbside:true; delivery:true; shipToHome:false"
"0019685283497","Cajun Two Step Money Dip","Cajun Two Step","6.29","11.5 oz.","","inStore:false; curbside:false; delivery:false; shipToHome:false"
"0082994409335","Great American Seafood Wild Caught Mahi Mahi","Great American Seafood","31.99","32 oz","HIGH","inStore:true; curbside:true; delivery:true; shipToHome:false"
"0003520460099","Andy's Hot 'N' Spicy Chicken Breading","Andy's","1.99","10 oz","HIGH","inStore:false; curbside:false; delivery:false; shipToHome:false"
"0004123471511","McCormick GOLDEN DIPT Beer Batter Seafood Batter Mix","McCormick","3.69","10 oz","HIGH","inStore:true; curbside:true; delivery:true; shipToHome:false"
"0001111062910","Private Selection® Frozen Wild Caught Snapper Fillets","Private Selection","12.99","12 oz","HIGH","inStore:true; curbside:true; delivery:true; shipToHome:false"
"0002263540011","Vita® Wild Herring in Wine Sauce","Vita","9.49","32 oz","HIGH","inStore:true; curbside:true; delivery:true; shipToHome:false"
"0026814140000","Wild Caught Pacific Cod Loin","","12.99","1 lb","","inStore:true; curbside:true; delivery:true; shipToHome:false"
"0008449301022","Cajun's Choice™ Premium Blend Blackened Seasoning & Rub","Cajun's Choice","4.99","2.75 oz","HIGH","inStore:true; curbside:true; delivery:true; shipToHome:false"
"0007349015292","Yehuda® Sweet Gefilte Fish","Yehuda","10.99","24 oz","","inStore:false; curbside:false; delivery:false; shipToHome:false"
"0001111086001","Kroger® Farm Raised Swai Fillets Frozen BIG DEAL!","Kroger","10","32 ounces","TEMPORARILY_OUT_OF_STOCK","inStore:false; curbside:false; delivery:false; shipToHome:false"
"0001111065666","Private Selection® Seafood Stuffed Chilean Atlantic Salmon","Kroger","10","15 oz","","inStore:false; curbside:false; delivery:false; shipToHome:false"
"0007284000003","Lascco® Herring in Sour Cream","Lasco","7.79","12 oz","HIGH","inStore:true; curbside:true; delivery:true; shipToHome:false"
"0001529221086","SeaPak Morey's Wild Garlic & Herb Flounder, Frozen","Morey's","11.99","10 oz","HIGH","inStore:false; curbside:false; delivery:false; shipToHome:false"
"0007284000005","Lascco® Herring in Wine Sauce","Lasco","7.79","12 oz","LOW","inStore:true; curbside:true; delivery:true; shipToHome:false"
"0085782800001","Barnsider Spicy Cocktail Sauce","","7.49","16 oz","","inStore:false; curbside:false; delivery:false; shipToHome:false"
"0004123480711","McCormick GOLDEN DIPT Hush Puppy Corn Meal Fry Mix","McCormick","3.69","10 oz","TEMPORARILY_OUT_OF_STOCK","inStore:true; curbside:true; delivery:true; shipToHome:false"
"0004123411083","McCormick GOLDEN DIPT Shrimp & Crab Boil Spice","McCormick","2.49","3 oz","TEMPORARILY_OUT_OF_STOCK","inStore:false; curbside:false; delivery:false; shipToHome:false"
"0007270010079","Manischewitz® Gefilte Fish in Jelled Broth","Manischewitz","11.49","24 oz","","inStore:false; curbside:false; delivery:false; shipToHome:false"
"0004440015840","Gorton’s Crunchy Breaded Fish Taco Tenders, Taco Seasoned, Wild-Caught Pollock, Frozen","Gorton's","9.99","16.2 oz","HIGH","inStore:true; curbside:true; delivery:true; shipToHome:false"
"0008660070910","Bumble Bee Prime™ Protein On The Run™ Olive Oil & Mild Jalapeno Tuna Snack Kit","Bumble Bee","3.49","3.5 oz","HIGH","inStore:true; curbside:true; delivery:true; shipToHome:false"
"0004123470132","McCormick® Golden Dipt Tempura Seafood Batter Mix","McCormick","3.69","8 oz","HIGH","inStore:false; curbside:false; delivery:false; shipToHome:false"
"0008660070911","Bumble Bee™ Protein On The Run™ Olive Oil & Zesty Lemon Tuna Snack Kit","Bumble Bee","3.49","3.5 oz","HIGH","inStore:true; curbside:true; delivery:true; shipToHome:false"
"0005527096125","Grace® Jack Mackerel In Tomato Sauce","Grace","4.99","15 oz","","inStore:false; curbside:false; delivery:false; shipToHome:false"
"0004679829254","Tetra Reptomin® Floating Food Sticks","Tetra","8.49","3.7 oz","","inStore:true; curbside:true; delivery:true; shipToHome:false"
"0004123401130","McCormick GOLDEN DIPT Scampi Seafood Sauce","McCormick","5.49","7.5 oz","HIGH","inStore:true; curbside:true; delivery:true; shipToHome:false"
"0008449303151","Cajun's Choice® Cajun Shrimp Seasoning Mix","Cajun's Choice","1.89","0.3 oz","TEMPORARILY_OUT_OF_STOCK","inStore:true; curbside:true; delivery:true; shipToHome:false"
"0001111062920","Private Selection® Frozen Wild Caught Swordfish Steaks","Private Selection","10.99","12 oz","HIGH","inStore:true; curbside:true; delivery:true; shipToHome:false"
"0001111064147","Private Selection® Tilapia Marinated in Garlic Butter","Private Selection","9.99","12 oz","LOW","inStore:true; curbside:true; delivery:true; shipToHome:false"
"0001111065673","Private Selection® Southern Style Crab Bake Dip","Private Selection","11.99","12 oz","HIGH","inStore:true; curbside:true; delivery:true; shipToHome:false"
"0026848740000","Walleye Fillet Wild Caught (sustainably sourced)","","16.99","1 lb","","inStore:false; curbside:false; delivery:false; shipToHome:false"
"0004679877127","Tetra® Goldfish Food Flakes","Tetra","5.99","2.2 oz","","inStore:true; curbside:true; delivery:true; shipToHome:false"
"0003549300077","Sea Cuisine® Potato & Herb Cod","Sea Cuisine","12.49","8.7 oz","HIGH","inStore:true; curbside:true; delivery:true; shipToHome:false"
"0004440015750","Gorton’s Crispy Battered Fish 100% Whole Fillets (Not Minced), Wild Caught Alaskan Pollock, Frozen","Gorton's","9.99","10 ct / 19 oz","HIGH","inStore:true; curbside:true; delivery:true; shipToHome:false"
"0004123411476","McCormick GOLDEN DIPT Extra Hot Seafood Cocktail Sauce","McCormick","3.69","8 fl oz","HIGH","inStore:false; curbside:false; delivery:false; shipToHome:false"
"0004123411676","McCormick® Fat Free Tartar Sauce","McCormick","","8 fl oz","","inStore:true; curbside:true; delivery:true; shipToHome:false"
"0026802240000","Wild Caught Lake Bass Fillet","","9.99","1 lb","","inStore:true; curbside:true; delivery:true; shipToHome:false"
"0007030302216","Season Brand® Skinless & Boneless Sardines in 100% Olive Oil","Season Brand","4.99","4.375 oz","","inStore:true; curbside:true; delivery:true; shipToHome:false"
"0026888840000","Swordfish Steak Wild Caught (sustainably sourced)","","9.99","1 lb","","inStore:true; curbside:true; delivery:true; shipToHome:false"
"0004902901210","Alaska Cod Pieces Retail (1 lbs)","Oyster Bay","10","1 lbs","HIGH","inStore:true; curbside:true; delivery:true; shipToHome:false"
"0001529221009","Morey's Butter and Herb Wild Cod","Morey's","11.99","2 ct / 10 oz","LOW","inStore:true; curbside:true; delivery:true; shipToHome:false"
"0007030305516","Season Wild Caught Skinless & Boneless Sardine Fillets In 100% Olive Oil","Season","12.99","5 cans / 4.375 oz","TEMPORARILY_OUT_OF_STOCK","inStore:true; curbside:true; delivery:true; shipToHome:false"
"0007030302206","Season Brand® Skinless & Boneless No Salt Added Sardines in Water","Season Brand","4.99","4.25 oz","","inStore:true; curbside:true; delivery:true; shipToHome:false"
"0001111062866","Kroger® Wild Caught Flounder Fillets Frozen BIG DEAL!","Kroger","14.29","32 ounces","HIGH","inStore:true; curbside:true; delivery:true; shipToHome:false"
"0026901800000","Steelhead Fillet (Fresh Farm Raised)","","10.99","1 lb","","inStore:false; curbside:false; delivery:false; shipToHome:false"
"0085007555707","Sanlei Steelhead Trout Portions","Sanlei","11.99","16 oz","HIGH","inStore:true; curbside:true; delivery:true; shipToHome:false"
"0003888271071","Meyer's Fresh Ground Horseradish","Meyer's","1.89","5.5 oz","HIGH","inStore:true; curbside:true; delivery:true; shipToHome:false"
"0088681700602","Reveal Grain-Free Ocean Fish in Broth Wet Cat Food","Reveal","1.99","2.47 oz","HIGH","inStore:true; curbside:true; delivery:true; shipToHome:false"
"0007035118500","Kentucky Kernel Seasoned Fish Fry","Kentucky Kernel","3.29","9 oz","HIGH","inStore:true; curbside:true; delivery:true; shipToHome:false"
"0086000201570","Red Boat® Fish Sauce","Red Boat","4.99","3.38 fl oz","","inStore:true; curbside:true; delivery:true; shipToHome:false"
"0003520440094","Andy's Seasoning™ Yellow Corn Meal Fish Breading","Andy's","1.99","10 oz","HIGH","inStore:true; curbside:true; delivery:true; shipToHome:false"
"0005000057579","Purina Friskies Surfin' & Turfin' Favorites Adult Dry Cat Food Poultry Beef & Fish Flavors","Purina","17.49","16 lb","LOW","inStore:true; curbside:true; delivery:true; shipToHome:false"
"0030761012718","Basic Fish Oil Softgels","Basic","13.99","90 ct","","inStore:true; curbside:true; delivery:true; shipToHome:false"
"0001111062757","Sand Bar™ Pacific Whiting Dressed & Headless Fish","Sand Bar","9.99","3 lb","TEMPORARILY_OUT_OF_STOCK","inStore:false; curbside:false; delivery:false; shipToHome:false"
"0007431217130","Nature's Bounty Fish Oil 2400 mg Heart Health Support Softgels","Nature's Bounty","27.99","90 ct","LOW","inStore:true; curbside:true; delivery:true; shipToHome:false"
"0007046243123","SWEDISH FISH Soft & Chewy Gummy Candy","Swedish Fish","1.5","3.1 oz","HIGH","inStore:true; curbside:true; delivery:true; shipToHome:false"
"0030761017120","Basic Odorless Coated Fish Oil Softgels 1000mg","Basic","16.99","100 ct","","inStore:false; curbside:false; delivery:false; shipToHome:false"
"0004126001880","Kroger® Fish Oil Wild Alaskan Softgels 1200mg","Kroger","32.99","250 ct","HIGH","inStore:true; curbside:true; delivery:true; shipToHome:false"
"0084024314067","Blue Buffalo Tastefuls Natural Adult Flaked Wet Cat Food in Gravy Fish & Shrimp","Blue Buffalo","1.69","5.5 oz","HIGH","inStore:true; curbside:true; delivery:true; shipToHome:false"
"0002310012401","Sheba Perfect Portions Adult Wet Cat Food Cuts in Gravy Tuna Salmon White Fish & Tuna Variety Pack","Sheba","27.99","48 ct / 1.3 oz","HIGH","inStore:true; curbside:true; delivery:true; shipToHome:false"
"0066980920020","SmartSweets Sweet Fish","Smart Sweets","3.49","1.08 oz","HIGH","inStore:true; curbside:true; delivery:true; shipToHome:false"
"0084223400012","Gardein Ultimate Plant-Based Crispy Breaded F'sh Filets, Frozen Fish Alternative","Gardein®","9.49","15 oz","LOW","inStore:true; curbside:true; delivery:true; shipToHome:false"
"0002802944386","Trident Seafoods® The Ultimate Fish Stick®","Trident Seafoods","14.99","48 oz","HIGH","inStore:true; curbside:true; delivery:true; shipToHome:false"
"0003160401328","Nature Made Fish Oil 1200 mg Softgels","Nature Made","17.99","100","LOW","inStore:true; curbside:true; delivery:true; shipToHome:false"
"0007046200585","SWEDISH FISH Mini Soft & Chewy Gummy Candy Family Size","Swedish Fish","8.79","28.8 oz","LOW","inStore:true; curbside:true; delivery:true; shipToHome:false"
"0004679816359","Tetra Pond Koi Vibrance Sticks","Tetra","7.99","4.94 oz","","inStore:true; curbside:true; delivery:true; shipToHome:false"
"0003160402657","Nature Made® Burp-Less Fish Oil Omega-3 Dietary Supplement Softgels","Nature Made","42.99","200 ct","HIGH","inStore:true; curbside:true; delivery:true; shipToHome:false"
"0003160402697","Nature Made® Burp-Less Ultra Omega-3 Fish Oil Softgels","Nature Made","21.99","45 ct","LOW","inStore:true; curbside:true; delivery:true; shipToHome:false"
"0076899001760","Nordic Naturals® Omega-3 Lemon Flavored Fish Oil Soft Gels","Nordic Naturals","18.99","60 ct","LOW","inStore:true; curbside:true; delivery:true; shipToHome:false"
"0003915600929","Louisiana Fish Fry Products Fruit Cobbler Mix","Louisiana Fish Fry","2.99","10.58 oz","HIGH","inStore:true; curbside:true; delivery:true; shipToHome:false"
"0003160404294","Nature Made® Fish Oil Softgels","Nature Made","23.99","150 ct","LOW","inStore:true; curbside:true; delivery:true; shipToHome:false"
"0084024314058","Blue Buffalo Tastefuls Natural Adult Pate Wet Cat Food Ocean Fish & Tuna","Blue Buffalo","1.69","5.5 oz","HIGH","inStore:true; curbside:true; delivery:true; shipToHome:false"
"0007431227800","Nature's Bounty Fish Oil with Omega 3 Supports Heart Health Softgels, 1000 Mg","Nature's Bounty","24.99","120 ct","LOW","inStore:true; curbside:true; delivery:true; shipToHome:false"
"0003915600609","Louisiana Fish Fry At Home Chicken Tender Mix","Louisiana Fish Fry","1.69","4.5 oz","HIGH","inStore:true; curbside:true; delivery:true; shipToHome:false"
"0073762800100","Thai Kitchen Gluten Free Premium Fish Sauce","Thai Kitchen","5.49","6.76 fl oz","HIGH","inStore:true; curbside:true; delivery:true; shipToHome:false"
"0084009310077","Nature’s Truth Fish Oil 2,400mg per 2 Lemon Flavor 100+20 SG","Nature's Truth","16.49","120 ct","HIGH","inStore:true; curbside:true; delivery:true; shipToHome:false"
"0008130832497","Fish Eye Merlot Australia Red Wine","FishEye Winery","8.99","750 ml","","inStore:true; curbside:true; delivery:true; shipToHome:false"
"0084223400166","Gardein Plant-Based F'sh Filets, Frozen Fish Alternative","Gardein®","5.49","10.100 oz","HIGH","inStore:true; curbside:true; delivery:true; shipToHome:false"
"0004126001878","Kroger® Fish Oil Wild Alaskan Softgels 1000mg","Kroger","13.99","60 ct","HIGH","inStore:true; curbside:true; delivery:true; shipToHome:false"
"0004126001879","Kroger® Fish Oil Wild Alaskan Softgels 1000mg","Kroger","36.99","400 ct","HIGH","inStore:true; curbside:true; delivery:true; shipToHome:false"
"0003160401416","Nature Made® Burp Less Fish Oil Dietary Supplement 1200mg Softgels","Nature Made","18.99","60 ct","HIGH","inStore:true; curbside:true; delivery:true; shipToHome:false"
"0003915600013","Louisiana Fish Fry Products Seasoned Chicken Fry Chicken Batter Mix","Louisiana Fish Fry","2.29","9 oz","HIGH","inStore:true; curbside:true; delivery:true; shipToHome:false"
"0001380044730","Lean Cuisine Tortilla Crusted Fish Frozen Meal","Lean Cuisine","3.99","net wt 8 oz","TEMPORARILY_OUT_OF_STOCK","inStore:false; curbside:false; delivery:false; shipToHome:false"
"0005000057797","Purina Friskies Tasty Treasures Wet Cat Food Prime Filets Ocean Fish & Tuna in Sauce","Friskies","0.9","5.5 oz","HIGH","inStore:true; curbside:true; delivery:true; shipToHome:false"
"0088681700582","Reveal Grain-Free Fish Selection Cat Food in Broth Multipack","Reveal","18.49","12 ct / 2.47 oz","HIGH","inStore:true; curbside:true; delivery:true; shipToHome:false"
"0003160402664","Nature Made® Burp-Less Fish Oil Omega-3 Softgels","Nature Made","37.99","120 ct","TEMPORARILY_OUT_OF_STOCK","inStore:true; curbside:true; delivery:true; shipToHome:false"
"0076899001770","Nordic Naturals® Complete Omega™ Lemon-Flavored Fish Oil Soft Gels","Nordic Naturals","19.99","60 ct","HIGH","inStore:true; curbside:true; delivery:true; shipToHome:false"
"0003160404246","Nature Made® Extra Strength Omega-3 2800 mg Fish Oil Softgels","Nature Made","29.99","60 ct","HIGH","inStore:true; curbside:true; delivery:true; shipToHome:false"
"0001380010201","Stouffer's Fish Filet Frozen Meal","Stouffer's","4.99","9 oz","HIGH","inStore:true; curbside:true; delivery:true; shipToHome:false"
"0007431203822","Nature's Bounty Fish Oil With Omega 3 Heart Health Support Softgels, 1000 mg","Nature's Bounty","26.99","145 ct","LOW","inStore:true; curbside:true; delivery:true; shipToHome:false"
"0007046203598","SWEDISH FISH Soft & Chewy Gummy Candy Bag","Swedish Fish","3.29","8 oz","TEMPORARILY_OUT_OF_STOCK","inStore:true; curbside:true; delivery:true; shipToHome:false"
"0001111035864","Kroger® Fish Oil 1000mg Heart Support Softgels","Kroger","31.99","180 ct","HIGH","inStore:false; curbside:false; delivery:false; shipToHome:false"
"0003160402915","Nature Made® Ultra Omega 3 Fish Oil Soft Gels 1400mg","Nature Made","37.99","90 ct","HIGH","inStore:true; curbside:true; delivery:true; shipToHome:false"
"0007431218678","Nature's Bounty Mini Fish Oil Odorless Supports Heart Health Softgels, 1290 Mg","Nature's Bounty","25.99","90 ct","HIGH","inStore:true; curbside:true; delivery:true; shipToHome:false"
"0007431213102","Nature's Bounty Fish Oil Omega 3 Supports Heart Health Softgels, 1200 Mg","Nature's Bounty","28.99","200 ct","HIGH","inStore:true; curbside:true; delivery:true; shipToHome:false"
"0005000042874","Purina Fancy Feast Wet Cat Food Flaked Fish and Shrimp Feast","Fancy Feast","1","3 oz","HIGH","inStore:true; curbside:true; delivery:true; shipToHome:false"
"0005000046715","Purina Fancy Feast Adult Dry Cat Food Ocean Fish & Salmon","Purina","9.99","3 lb","HIGH","inStore:true; curbside:true; delivery:true; shipToHome:false"
"0008312084207","Bay Bridge Chardonnay White Wine","Bay Bridge","5.88","750 ml","","inStore:true; curbside:true; delivery:true; shipToHome:false"
"0001111096007","Kroger® Wild Caught Pollock Fillets Frozen BIG DEAL!","Kroger","12.99","32 ounces","HIGH","inStore:true; curbside:true; delivery:true; shipToHome:false"
"0005000054907","Purina® Friskies® Wet Cat Food Meaty Bits with Ocean Fish","Purina","2.19","13.5 oz","HIGH","inStore:true; curbside:true; delivery:true; shipToHome:false"
"0085006366197","Fire & Smoke Society® Fish Fry Seasoned Coating Mix","Fire & Smoke Society","4.99","12.1 oz (343g)","HIGH","inStore:true; curbside:true; delivery:true; shipToHome:false"
"0001529220709","Morey's Wild Salmon Steakhouse, 2 Fillets, Individually Wrapped Frozen Seafood","SeaPak","16.99","20 oz","HIGH","inStore:false; curbside:false; delivery:false; shipToHome:false"
"0008500001201","Whitehaven Sauvignon Blanc New Zealand White Wine","Whitehaven","21.99","750 ml","","inStore:true; curbside:true; delivery:true; shipToHome:false"
"0008500001443","Barefoot Cellars Pinot Grigio California White Wine","Barefoot","14.99","1.5 l","","inStore:true; curbside:true; delivery:true; shipToHome:false"
"0001111098022","Private Selection Halibut 12 oz","Kroger","24.99","6.8x10.2","HIGH","inStore:true; curbside:true; delivery:true; shipToHome:false"
"0087066100802","Oyster Bay Sauvignon Blanc New Zealand White Wine","Oyster Bay","15.99","750 ml","","inStore:true; curbside:true; delivery:true; shipToHome:false"
"0002354540177","Blue Rock Salted Alaskan Pollock Fillets Bag","Blue Rock","","12 oz","TEMPORARILY_OUT_OF_STOCK","inStore:true; curbside:true; delivery:true; shipToHome:false"
"0008500001444","Barefoot Cellars Pinot Grigio California White Wine","Barefoot","8.99","750 ml","","inStore:true; curbside:true; delivery:true; shipToHome:false"
"0008981915802","Matua Sauvignon Blanc New Zealand White Wine","Matua Valley","14.99","750 ml","","inStore:true; curbside:true; delivery:true; shipToHome:false"
"0005000029220","Purina Fancy Feast Delights Wet Cat Food with Cheddar Grilled Chicken Turkey and Fish Variety Pack","Fancy Feast","23.49","24 ct / 3 oz","HIGH","inStore:true; curbside:true; delivery:true; shipToHome:false"
"0008158401310","Kendall-Jackson Vintner's Reserve Chardonnay California White Wine","Kendall-Jackson","14.99","750 ml","","inStore:true; curbside:true; delivery:true; shipToHome:false"
"0001111065667","Private Selection® Shallot and Herb Butter Chilean Atlantic Salmon","Kroger","10","10 oz","","inStore:false; curbside:false; delivery:false; shipToHome:false"
"0001111064018","Private Selection® Farm Raised Norwegian Atlantic Salmon Traditional Pre-Sliced Cold Smoked","Private Selection","28.99","12 ounces","HIGH","inStore:true; curbside:true; delivery:true; shipToHome:false"
"0084024314074","Blue Buffalo™ Tastefuls™ Natural Adult Cat Wet Food, Tuna, Chicken, Fish & Shrimp, Flaked","Blue Buffalo","16.49","2.25 lb","HIGH","inStore:true; curbside:true; delivery:true; shipToHome:false"
"0001111013707","Pet Pride® All Life Stages Wet Cat Food Pouches Fish Variety Pack","Pet Pride","9.29","12 ct / 3 oz","LOW","inStore:true; curbside:true; delivery:true; shipToHome:false"
"0084024314072","Blue Buffalo Tastefuls Natural Adult Pate Wet Cat Food Variety Pack Salmon Ocean Fish & Tuna Chicken","Blue Buffalo","16.49","12 ct / 3 oz","HIGH","inStore:true; curbside:true; delivery:true; shipToHome:false"
"0008312000282","Bay Bridge Vineyards Pinot Grigio/Colombard, White Wine, 750ml","Bay Bridge","5.88","750ml","","inStore:true; curbside:true; delivery:true; shipToHome:false"
"0068935200961","Kim Crawford Sauvignon Blanc Marlborough","Kim Crawford","16.99","750 ml","","inStore:true; curbside:true; delivery:true; shipToHome:false"
"0008520061874","Sutter Home Chardonnay California White Wine 4 bottles/ 187 ml","Sutter Home","7.99","4 bottles / 187 ml","","inStore:true; curbside:true; delivery:true; shipToHome:false"
"0008500001773","La Marca Prosecco Sparkling Wine","La Marca","20.99","750 ml","","inStore:true; curbside:true; delivery:true; shipToHome:false"
"0001111062921","Simple Truth® Wild Caught Sockeye Salmon Portions Frozen Skin On","Simple Truth","18.99","12 ounces","HIGH","inStore:true; curbside:true; delivery:true; shipToHome:false"
"0008600387388","Woodbridge Chardonnay California White Wine","Woodbridge by Robert Mondavi","14.99","1.5 l","","inStore:true; curbside:true; delivery:true; shipToHome:false"
"0001780015757","Purina Kit & Kaboodle Adult Dry Cat Food Poultry Liver and Ocean Fish Flavors","Kit & Kaboodle","28.99","30 lb","LOW","inStore:true; curbside:true; delivery:true; shipToHome:false"
"0005000029452","Purina Friskies Fish-A-Licious Wet Cat Food in Extra Gravy Variety Pack","Friskies","27.49","32 ct / 5.5 oz","HIGH","inStore:true; curbside:true; delivery:true; shipToHome:false"
"0085516500507","Meiomi California Pinot Noir Red Wine","Meiomi","21.99","750 ml","","inStore:true; curbside:true; delivery:true; shipToHome:false"
"0019305204376","Zuru Robo Alive Series 3 Fish","Zuru","10.99","1 ct","HIGH","inStore:true; curbside:true; delivery:true; shipToHome:false"
"0001529220461","Morey's Wild Salmon Seasoned Grill, 2 Fillets, Individually Wrapped Frozen Seafood","SeaPak","16.99","20 oz","HIGH","inStore:false; curbside:false; delivery:false; shipToHome:false"
"0001111064585","Kroger® Farm Raised Frozen Steelhead Trout Portions","Kroger","10","8 ounces","","inStore:true; curbside:true; delivery:true; shipToHome:false"
"0018690500008","Lefty's Spices Fish-N-Chicken Mix","Lefty's Spices","4.58","16 oz","TEMPORARILY_OUT_OF_STOCK","inStore:false; curbside:false; delivery:false; shipToHome:false"
"0084024315388","Blue Buffalo Tastefuls Adult Cat Dry Food, Multi-Protein Salmon & Ocean Fish Recipe, 5-lb Bag","Blue Buffalo","23.99","5 lb","HIGH","inStore:true; curbside:true; delivery:true; shipToHome:false"
"0003125900145","Josh Cellars Pinot Grigio Washington White Wine","Josh Cellars","15.99","750 ml","","inStore:true; curbside:true; delivery:true; shipToHome:false"
"0001111062926","Private Selection® Wild Caught Boneless & Skin On Grouper Fillet Portions","Private Selection","13.99","12 oz","HIGH","inStore:true; curbside:true; delivery:true; shipToHome:false"
"0001780014098","Purina Kit and Kaboodle Adult Crunchy Dry Cat Food Poultry Liver and Ocean Fish Flavors","Kit & Kaboodle","14.49","13 lb","LOW","inStore:true; curbside:true; delivery:true; shipToHome:false"
"0084024314570","Blue Buffalo Tastefuls Natural Adult Flaked Wet Cat Food Variety Pack Tuna Fish & Shrimp Chicken","Blue Buffalo","39.99","24 ct / 5.5 oz","HIGH","inStore:true; curbside:true; delivery:true; shipToHome:false"
"0001111064477","Kroger® Wild Caught Ahi Tuna Steak","Kroger","7","8 oz","","inStore:true; curbside:true; delivery:true; shipToHome:false"
"0008061704091","Cajun Land Seasoned Fish Fry","Cajun Land","2.99","10 oz","","inStore:false; curbside:false; delivery:false; shipToHome:false"
"0084024314569","Blue Buffalo Tastefuls Natural Adult Pate Wet Cat Food Variety Pack Turkey Ocean Fish & Tuna Chicken","Blue Buffalo","39.99","24 ct / 5.5 oz","HIGH","inStore:true; curbside:true; delivery:true; shipToHome:false"
"0008520011875","Sutter Home Pinot Grigio California White Wine 4 bottles/ 187 ml","Sutter Home","7.99","4 bottles / 187 ml","","inStore:true; curbside:true; delivery:true; shipToHome:false"
"0008823200316","Vendange® Chardonnay White Wine","Vendange","4.49","500 ml","","inStore:true; curbside:true; delivery:true; shipToHome:false"
"0003549300366","Sea Cuisine® Honey Chipotle Salmon","Sea Cuisine","15.99","22 oz","TEMPORARILY_OUT_OF_STOCK","inStore:true; curbside:true; delivery:true; shipToHome:false"
"0004132223366","SeaPak Beer Battered Frozen Cod","SeaPak","10.99","10 oz","LOW","inStore:true; curbside:true; delivery:true; shipToHome:false"
"0003125904697","Josh Cellars Sauvignon Blanc California White Wine","Josh Cellars","15.99","750 ml","","inStore:true; curbside:true; delivery:true; shipToHome:false"
"0001111063239","Simple Truth® Wild Caught Mahi Mahi Fillets","Simple Truth","10.49","12 oz (340 g)","HIGH","inStore:true; curbside:true; delivery:true; shipToHome:false"
"0005000059301","PURINA® Fancy Feast® Gems® Gourmet Cat Food Mousse Pate with Ocean Fish","Purina","2.49","2 ct / 2 oz","HIGH","inStore:true; curbside:true; delivery:true; shipToHome:false"
"0008941900017","La Vieille Ferme France Rose Wine","La Vieille Ferme","12.99","750 ml","","inStore:false; curbside:false; delivery:false; shipToHome:false"
"0085774400132","Josh Cellars Chardonnay California White Wine","Josh Cellars","15.99","750 ml","","inStore:true; curbside:true; delivery:true; shipToHome:false"
"0001111064522","Kroger® Farm Raised Catfish Nuggets","Kroger","5","16 oz","","inStore:true; curbside:true; delivery:true; shipToHome:false"
"0004154817354","OREO Frozen Dairy Dessert Oreo Mint 1.5qt Container","Oreo","3.99","1.5 qt","LOW","inStore:true; curbside:true; delivery:true; shipToHome:false"
"0007585606105","Breyers CarbSmart Frozen Dairy Dessert Vanilla Bars","Breyers","5.29","6 ct","HIGH","inStore:true; curbside:true; delivery:true; shipToHome:false"
"0001111006844","Kroger® All American Collection Cherry Pie Ice Cream Pint","Kroger","2.29","16 fl oz","HIGH","inStore:true; curbside:true; delivery:true; shipToHome:false"
"0004154889846","Kit Kat Frozen Dairy Dessert, 14 Fl Oz","Kit Kat","3.69","14 oz","LOW","inStore:false; curbside:false; delivery:false; shipToHome:false"
"0007756722482","Breyers Frozen Dairy Dessert Cookies and Cream","Breyers","5.49","48 oz","HIGH","inStore:true; curbside:true; delivery:true; shipToHome:false"
"0001111050719","Kroger® Cookies and Cream Ice Cream Tub","Kroger","2.99","48 oz","HIGH","inStore:true; curbside:true; delivery:true; shipToHome:false"
"0004100005315","Good Humor Frozen Dairy Dessert Bars Strawberry Shortcake","Good Humor","6.99","3.0 oz","HIGH","inStore:true; curbside:true; delivery:true; shipToHome:false"
"0007064002154","Halo Top Chocolate Caramel Brownie Light Ice Cream","Halo Top","5.49","1 pint","HIGH","inStore:true; curbside:true; delivery:true; shipToHome:false"
"0007255400154","Nestle Drumstick The Original Vanilla Frozen Dairy Dessert Cones","Drumstick","9.99","36.8 fluid ounces","HIGH","inStore:true; curbside:true; delivery:true; shipToHome:false"
"0001111006839","Kroger® All American Collection Seventh Inning Swirl Ice Cream Pint","Kroger","2.29","16 fl oz","HIGH","inStore:true; curbside:true; delivery:true; shipToHome:false"
"0007255481457","Oreo Mini Frozen Dairy Dessert Bars Mini 18.5 fl oz","Oreo","9.99","18.5 fluid ounces","HIGH","inStore:true; curbside:true; delivery:true; shipToHome:false"
"0007283008109","Tillamook Old-Fashioned Vanilla Ice Cream Tub","Tillamook","7.99","48 oz","HIGH","inStore:true; curbside:true; delivery:true; shipToHome:false"
"0001111050512","Kroger® Butterfinger® Peanut Butter Candy Crunch Frozen Dairy Dessert Tub","Kroger","2.99","48 oz","HIGH","inStore:true; curbside:true; delivery:true; shipToHome:false"
"0007756700390","Breyers Good Humor Frozen Dairy Dessert Strawberry Shortcake","Breyers","5.49","48 oz","HIGH","inStore:true; curbside:true; delivery:true; shipToHome:false"
"0007756720518","Breyers Chocolate Frozen Dairy Dessert with Reese's Peanut Butter Cups and Peanut Butter Swirl","Breyers","5.49","48 oz","HIGH","inStore:true; curbside:true; delivery:true; shipToHome:false"
"0004100005152","Good Humor Frozen Dairy Dessert Bars, Chocolate Eclair, Certified Kosher, 3.0 oz, 6 Bars","Good Humor","6.99","3.0 oz","TEMPORARILY_OUT_OF_STOCK","inStore:false; curbside:false; delivery:false; shipToHome:false"
"0007756700352","Breyers CarbSmart™ Frozen Dairy Dessert Chocolate Peanut Butter, 48 oz","Breyers","5.49","48 oz","LOW","inStore:true; curbside:true; delivery:true; shipToHome:false"
"0001111006876","Kroger® All American Collection Banana Split Social Ice Cream Pint","Kroger","2.29","16 fl oz","HIGH","inStore:true; curbside:true; delivery:true; shipToHome:false"
"0007255427656","OREO Frozen Dairy Dessert Bars, 5 Count","Oreo","6.29","5 ct","HIGH","inStore:true; curbside:true; delivery:true; shipToHome:false"
"0001111010960","Kroger® 1883 Vanilla Ice Cream Party Pail BIG DEAL!","Kroger","7.99","1 gal","HIGH","inStore:true; curbside:true; delivery:true; shipToHome:false"
"0007756725004","Breyers Frozen Dairy Dessert Extra Creamy Vanilla","Breyers","5.49","48 oz","HIGH","inStore:true; curbside:true; delivery:true; shipToHome:false"
"0001111011011","Kroger® Chocolatey Fudge Frozen Dairy Dessert Bars","Kroger","3.49","12 ct","HIGH","inStore:true; curbside:true; delivery:true; shipToHome:false"
"0007756725440","Breyers Frozen Dairy Dessert Butter Pecan","Breyers","5.49","48 oz","HIGH","inStore:true; curbside:true; delivery:true; shipToHome:false"
"0001111016149","Kroger® Red White and Blue Cherry, Lime and Blue Raspberry Frozen Dairy Dessert Sandwiches","Kroger","3.29","12 ct / 3.5 fl oz","HIGH","inStore:true; curbside:true; delivery:true; shipToHome:false"
"0001111050508","Kroger® Jammed Chocolate Chip Cookie Dough Frozen Dairy Dessert Tub","Kroger","2.99","48 oz","HIGH","inStore:true; curbside:true; delivery:true; shipToHome:false"
"0007756728190","Breyers No Sugar Added Vanilla Frozen Dairy Dessert Tub","Breyers","5.49","48 oz","HIGH","inStore:true; curbside:true; delivery:true; shipToHome:false"
"0001111009381","Kroger® Orange Cream Frozen Dairy Dessert Bars","Kroger","3.49","12 ct","TEMPORARILY_OUT_OF_STOCK","inStore:true; curbside:true; delivery:true; shipToHome:false"
"0007255429883","Kit Kat Frozen Dairy Dessert Cones, Wafer with Fudge & Chocolate Wafer, 8 Count","Kit Kat","9.99","36.8 fl oz","LOW","inStore:true; curbside:true; delivery:true; shipToHome:false"
"0007585601113","Klondike Heath Frozen Dairy Dessert Bars","Klondike","4.79","6 ct","LOW","inStore:true; curbside:true; delivery:true; shipToHome:false"
"0007756700320","Breyers CarbSmart Mint Fudge Cookie Frozen Dairy Dessert","Breyers","5.49","48 oz","TEMPORARILY_OUT_OF_STOCK","inStore:true; curbside:true; delivery:true; shipToHome:false"
"0085000587219","Van Leeuwen Honeycomb French Ice Cream","Van Leeuwen Ice Cream","6.99","14 oz","LOW","inStore:true; curbside:true; delivery:true; shipToHome:false"
"0001111012353","Kroger® Vanilla Chocolatey Dipped Frozen Dairy Dessert Bars","Kroger","3.49","12 ct","HIGH","inStore:true; curbside:true; delivery:true; shipToHome:false"
"0001111012397","Kroger® Chocolate Dipped Toffee Frozen Dairy Dessert Bars","Kroger","3.49","12 ct","TEMPORARILY_OUT_OF_STOCK","inStore:true; curbside:true; delivery:true; shipToHome:false"
"0001111011828","Kroger® Neapolitan Frozen Dairy Dessert Sandwiches","Kroger","3.29","12 ct","HIGH","inStore:true; curbside:true; delivery:true; shipToHome:false"
"0001111009373","Kroger® Cookies and Cream Frozen Dairy Dessert Sandwiches","Kroger","3.99","6 ct","TEMPORARILY_OUT_OF_STOCK","inStore:false; curbside:false; delivery:false; shipToHome:false"
"0001111009374","Kroger® Vanilla Chocolate Chip Frozen Dairy Dessert Sandwiches","Kroger","3.99","6 ct","HIGH","inStore:true; curbside:true; delivery:true; shipToHome:false"
"0001111011827","Kroger® Vanilla Frozen Dairy Dessert Sandwiches","Kroger","3.29","12 ct","HIGH","inStore:true; curbside:true; delivery:true; shipToHome:false"
"0001111011825","Kroger® Chocolate Chip Frozen Dairy Dessert Sandwiches","Kroger","3.29","12 ct","HIGH","inStore:true; curbside:true; delivery:true; shipToHome:false"
"0007756728320","Breyers CarbSmart™ Chocolate Frozen Dairy Dessert Tub","Breyers","5.49","48 oz","HIGH","inStore:true; curbside:true; delivery:true; shipToHome:false"
"0004154839636","OREO Frozen Dairy Dessert 1.5qt Container","Oreo","3.99","1.5 qt","HIGH","inStore:true; curbside:true; delivery:true; shipToHome:false"
"0004154830838","OREO Frozen Dairy Dessert, 14-Fluid Ounce Scoopable Tub","Oreo","3.69","14 fl oz","HIGH","inStore:true; curbside:true; delivery:true; shipToHome:false"
"0007756728323","Breyers CarbSmart™ Vanilla Frozen Dairy Dessert Tub","Breyers","5.49","48 oz","HIGH","inStore:true; curbside:true; delivery:true; shipToHome:false"
"0007585602415","Klondike Reese's Frozen Dairy Dessert Bars","Klondike","4.79","6 ct / 4 fl oz","LOW","inStore:true; curbside:true; delivery:true; shipToHome:false"
"0001111009406","Kroger® Vanilla Mini Frozen Dairy Dessert Sandwiches","Kroger","3.29","16 ct","HIGH","inStore:true; curbside:true; delivery:true; shipToHome:false"
"0007064002578","Kinder Bueno Frozen Dairy Dessert Cones","Kinder","5.99","12.2 fluid ounces","LOW","inStore:true; curbside:true; delivery:true; shipToHome:false"
"0001111012081","Kroger® Limited Edition Red White and Blue Frozen Dairy Dessert Tub","Kroger","2.99","48 oz","HIGH","inStore:true; curbside:true; delivery:true; shipToHome:false"
"0001111011830","Kroger® Vanilla Frozen Dairy Dessert Sandwiches","Kroger","5.79","24 ct","HIGH","inStore:true; curbside:true; delivery:true; shipToHome:false"
"0007255436388","OREO Frozen Dairy Dessert Sandwiches, 4 Count","Oreo","6.29","4 ct","HIGH","inStore:true; curbside:true; delivery:true; shipToHome:false"
"0001111009365","Kroger® Vanilla Chocolatey Dipped Frozen Dairy Dessert Bars","Kroger","3.49","12 ct","HIGH","inStore:true; curbside:true; delivery:true; shipToHome:false"
"0001111050729","Kroger® 1883 Vanilla Ice Cream Tub","Kroger","2.99","48 oz","HIGH","inStore:true; curbside:true; delivery:true; shipToHome:false"
"0001111016770","Kroger® Vanilla Chocolate Chip Cookie Frozen Dairy Dessert Sandwiches","Kroger","3.99","6 ct / 24 fl oz","HIGH","inStore:true; curbside:true; delivery:true; shipToHome:false"
"0007684010132","Ben & Jerry's Half Baked® Ice Cream Pint","Ben & Jerry's","6.49","16 oz","HIGH","inStore:true; curbside:true; delivery:true; shipToHome:false"
"0019816881446","Mint To Bee Mint Chip French Ice Cream","Ice Cream for Bears","7.99","14 fl oz","TEMPORARILY_OUT_OF_STOCK","inStore:false; curbside:false; delivery:false; shipToHome:false"
"0001111016771","Kroger® Chocolate Chocolate Chip Cookie Frozen Dairy Dessert Sandwiches","Kroger","3.99","6 ct / 24 fl oz","HIGH","inStore:true; curbside:true; delivery:true; shipToHome:false"
"0001111050721","Kroger® Neapolitan Ice Cream Tub","Kroger","2.99","48 oz","HIGH","inStore:true; curbside:true; delivery:true; shipToHome:false"
"0007283008119","Tillamook Mudslide Ice Cream Tub","Tillamook","7.99","48 oz","LOW","inStore:true; curbside:true; delivery:true; shipToHome:false"
"0007756722600","Breyers Classics Ice Cream Homemade Vanilla","Breyers","5.49","48 oz","HIGH","inStore:true; curbside:true; delivery:true; shipToHome:false"
"0007283008114","Tillamook Vanilla Bean Ice Cream Tub","Tillamook","7.99","48 oz","HIGH","inStore:true; curbside:true; delivery:true; shipToHome:false"
"0007255484792","Oreo Mini Sandwiches Toy Story Frozen Dairy Dessert Sandwiches 12 Pack 15 Oz","Oreo","9.99","15 oz","HIGH","inStore:true; curbside:true; delivery:true; shipToHome:false"
"0001111010959","Kroger® Neapolitan Ice Cream Party Pail BIG DEAL!","Kroger","7.99","1 gal","HIGH","inStore:true; curbside:true; delivery:true; shipToHome:false"
"0007255400033","OREO® Frozen Dairy Dessert Cones","Oreo","6.29","18.4 fl oz","HIGH","inStore:true; curbside:true; delivery:true; shipToHome:false"
"0001111050711","Kroger® Mint Chocolate Chip Ice Cream Tub","Kroger","2.99","48 oz","HIGH","inStore:true; curbside:true; delivery:true; shipToHome:false"
"0001111052934","Kroger® Chocolate Cookie Crumble Ice Cream Tub","Kroger","2.99","48 oz","HIGH","inStore:true; curbside:true; delivery:true; shipToHome:false"
"0001111050712","Kroger® Chocolate Ice Cream Tub","Kroger","2.99","48 oz","HIGH","inStore:true; curbside:true; delivery:true; shipToHome:false"
"0007283008105","Tillamook® Cookies & Cream Ice Cream Tub","Tillamook","7.99","48 oz","HIGH","inStore:true; curbside:true; delivery:true; shipToHome:false"
"0085000587229","Van Leeuwen Brooklyn Brown Sugar Chunk French Ice Cream Pint","Van Leeuwen Ice Cream","6.99","14 fl oz","HIGH","inStore:false; curbside:false; delivery:false; shipToHome:false"
"0085007502405","ButterBear Butterscotch Caramel French Ice Cream","Ice Cream for Bears","7.99","14 fl oz","TEMPORARILY_OUT_OF_STOCK","inStore:false; curbside:false; delivery:false; shipToHome:false"
"0007283008111","Tillamook® Chocolate Chip Cookie Dough Ice Cream Tub","Tillamook","7.99","48 oz","LOW","inStore:true; curbside:true; delivery:true; shipToHome:false"
"0085007502408","Cubbies & Cream Cookies & Cream French Ice Cream","Ice Cream for Bears","7.99","14 fl oz","TEMPORARILY_OUT_OF_STOCK","inStore:false; curbside:false; delivery:false; shipToHome:false"
"0001111009662","Kroger® Ice Cream Cups","Kroger","2.69","24 ct","HIGH","inStore:true; curbside:true; delivery:true; shipToHome:false"
"0085007502403","Queen & Bean Vanilla Bean French Ice Cream","Ice Cream for Bears","7.99","14 fl oz","HIGH","inStore:true; curbside:true; delivery:true; shipToHome:false"
"0004154802685","Edy's/Dreyer's Extra Rocky Road, 1.5 Qt","Edy's","3.99","48 oz","LOW","inStore:true; curbside:true; delivery:true; shipToHome:false"
"0085007502404","Chocturnal Triple Chocolate French Ice Cream","Ice Cream for Bears","7.99","14 fl oz","TEMPORARILY_OUT_OF_STOCK","inStore:false; curbside:false; delivery:false; shipToHome:false"
"0001111081667","Kroger® Strawberry Shortcake Ice Cream Bars","Kroger","3.49","8 ct","HIGH","inStore:true; curbside:true; delivery:true; shipToHome:false"
"0085000587220","Van Leeuwen Sicilian Pistachio Ice Cream","Van Leeuwen Ice Cream","6.99","14 oz","HIGH","inStore:true; curbside:true; delivery:true; shipToHome:false"
"0001111052606","Private Selection® Sea Salt Caramel Truffle Ice Cream Tub","Private Selection","5.99","48 oz","HIGH","inStore:true; curbside:true; delivery:true; shipToHome:false"
"0001111050701","Kroger® Artisan Vanilla Bean Ice Cream Tub","Kroger","2.99","48 oz","HIGH","inStore:true; curbside:true; delivery:true; shipToHome:false"
"0085808900315","Halo Top Sea Salt Caramel Light Ice Cream","Halo Top","5.49","1 pint","HIGH","inStore:true; curbside:true; delivery:true; shipToHome:false"
"0085000587218","Van Leeuwan Vanilla Bean French Ice Cream","Van Leeuwen Ice Cream","6.99","14 oz","TEMPORARILY_OUT_OF_STOCK","inStore:false; curbside:false; delivery:false; shipToHome:false"
"0019816873924","Honey Honey Honey Swirl French Ice Cream","Ice Cream for Bears","7.99","14 fl oz","LOW","inStore:true; curbside:true; delivery:true; shipToHome:false"
"0007260903789","Alden's Organic French Vanilla Ice Cream","Alden's Organic","9.99","48 fl oz","TEMPORARILY_OUT_OF_STOCK","inStore:false; curbside:false; delivery:false; shipToHome:false"
"0007283008143","Tillamook® Campfire Peanut Butter Cup Ice Cream Tub","Tillamook","7.99","48 oz","HIGH","inStore:true; curbside:true; delivery:true; shipToHome:false"
"0085808900322","Halo Top Peanut Butter Cup Light Ice Cream","Halo Top","5.49","1 pint","HIGH","inStore:true; curbside:true; delivery:true; shipToHome:false"
"0001111009372","Kroger® Big Wheels Vanilla Frozen Dairy Dessert Sandwiches","Kroger","3.99","6 ct","TEMPORARILY_OUT_OF_STOCK","inStore:false; curbside:false; delivery:false; shipToHome:false"
"0001111011829","Kroger® Strawberry Cheesecake Frozen Dairy Dessert Sandwiches","Kroger","","12 ct","HIGH","inStore:true; curbside:true; delivery:true; shipToHome:false"
"0081012681091","Van Leeuwen® Dr. Seuss™ Swirly Whirly Blue Thing French Ice Cream Pint","Van Leeuwen Ice Cream","6.99","1 ct","TEMPORARILY_OUT_OF_STOCK","inStore:false; curbside:false; delivery:false; shipToHome:false"
"0081012681093","Van Leeuwen® Dr. Seuss™ Hat's Off Sundae Swirl Ice Cream Pint","Van Leeuwen Ice Cream","6.99","16 fl oz","TEMPORARILY_OUT_OF_STOCK","inStore:false; curbside:false; delivery:false; shipToHome:false"
"0081012681092","Van Leeuwen® Dr. Seuss™ Double Trouble Berry Thing Ice Cream Pint","Van Leeuwen Ice Cream","6.99","16 fl oz","TEMPORARILY_OUT_OF_STOCK","inStore:false; curbside:false; delivery:false; shipToHome:false"
"0085000587294","Van Leeuwen® Coffee Affogato French Ice Cream Pint","Van Leeuwen Ice Cream","6.99","14 oz","HIGH","inStore:false; curbside:false; delivery:false; shipToHome:false"
"0007255427399","OREO Frozen Dairy Dessert Cones, 8 Count","Dreyer's/Edy's","9.99","8 ct","HIGH","inStore:true; curbside:true; delivery:true; shipToHome:false"
"0001111001801","Kroger® Chocolate Chocolate Chip Cookie Frozen Dairy Dessert Sandwiches","Kroger","3.99","6 ct","HIGH","inStore:true; curbside:true; delivery:true; shipToHome:false"
"0007260974185","Alden's Organic® Vanilla Bean Ice Cream","Alden's Organic","9.99","1.5 qt","LOW","inStore:true; curbside:true; delivery:true; shipToHome:false"
"0085808900305","Halo Top Low-Calorie Vanilla Bean Light Ice Cream","Halo Top","5.49","1 pint","HIGH","inStore:true; curbside:true; delivery:true; shipToHome:false"
"0007255400014","Oreo Mini Cones Toy Story Frozen Dairy Dessert Bars 6 Pack 13.5 Oz","Oreo","6.29","13.5 oz","HIGH","inStore:true; curbside:true; delivery:true; shipToHome:false"
"0007260974181","Alden's Organic® Chocolate Chocolate Chip Ice Cream","Alden's Organic","9.99","48 fl oz","LOW","inStore:true; curbside:true; delivery:true; shipToHome:false"
"0007260974182","Alden's Organic Cookies & Cream Ice Cream","Alden's Organic","9.99","48 fl oz","TEMPORARILY_OUT_OF_STOCK","inStore:true; curbside:true; delivery:true; shipToHome:false"
"0007756725423","Breyers Classics Ice Cream Natural Vanilla","Breyers","5.49","48 oz","HIGH","inStore:true; curbside:true; delivery:true; shipToHome:false"
"0085808900310","Halo Top Mint Chip Light Ice Cream","Halo Top","5.49","1 pint","HIGH","inStore:true; curbside:true; delivery:true; shipToHome:false"
"0085808900312","Halo Top Birthday Cake Light Ice Cream","Halo Top","5.49","1 pint","TEMPORARILY_OUT_OF_STOCK","inStore:false; curbside:false; delivery:false; shipToHome:false"
"0001111009361","Kroger® Vanilla Peanut Top Frozen Dairy Dessert Sundae Cones","Kroger","6.49","8 ct","HIGH","inStore:true; curbside:true; delivery:true; shipToHome:false"
"0001111050725","Kroger® Rocky Road Ice Cream Tub","Kroger","2.99","48 oz","HIGH","inStore:true; curbside:true; delivery:true; shipToHome:false"
"0085103500344","Yasso Frozen Greek Yogurt Bars Cookies n' Cream Bars","Yasso","5.99","4 ct / 3.5 fl oz","HIGH","inStore:true; curbside:true; delivery:true; shipToHome:false"
"0007093499908","My Mochi™ Ice Cream - Cookies and Cream","My Mochi","5.99","6 ct / 1.25 oz","TEMPORARILY_OUT_OF_STOCK","inStore:true; curbside:true; delivery:true; shipToHome:false"
"0085006736600","Protein Pints® Mint Chip Ice Cream Pint","Protein Pints","7.99","16 oz","TEMPORARILY_OUT_OF_STOCK","inStore:false; curbside:false; delivery:false; shipToHome:false"
"0085314900821","Rebel Pistachio Ice Cream","Rebel","6.49","473 ml","TEMPORARILY_OUT_OF_STOCK","inStore:false; curbside:false; delivery:false; shipToHome:false"
"0007189962427","Blue Bell® Dutch Chocolate and Homemade Vanilla Ice Cream Cups","Blue Bell","8.49","12 ct / 3 fl oz","","inStore:true; curbside:true; delivery:true; shipToHome:false"
"0085000197457","Yasso Frozen Greek Yogurt Bars Fudge Chocolate Crunch Bars","Yasso","5.99","4 ct / 2.65 fl oz","HIGH","inStore:true; curbside:true; delivery:true; shipToHome:false"
"0007093499904","My Mochi™ Ice Cream - Strawberry","My Mochi","5.99","6 ct / 1.25 oz","HIGH","inStore:true; curbside:true; delivery:true; shipToHome:false"
"0007093499905","My Mochi™ Ice Cream - Mango","My Mochi","5.99","6 ct / 1.25 oz","HIGH","inStore:true; curbside:true; delivery:true; shipToHome:false"
"0085314900819","Rebel Keto Peanut Butter Caramel Chip Ice Cream Pint","Rebel","6.49","16 oz","HIGH","inStore:true; curbside:true; delivery:true; shipToHome:false"
"0001111050718","Kroger® French Vanilla Magnifique Ice Cream Tub","Kroger","2.99","48 oz","HIGH","inStore:true; curbside:true; delivery:true; shipToHome:false"
"0085000968212","Nick's Cookies and Kram Light Ice Cream Pint","Nick's","6.99","1 pt","TEMPORARILY_OUT_OF_STOCK","inStore:false; curbside:false; delivery:false; shipToHome:false"
"0085103500332","Yasso Frozen Greek Yogurt Bars Coffee Chocolate Chip Bars","Yasso","5.99","3.5 fl oz","HIGH","inStore:true; curbside:true; delivery:true; shipToHome:false"
"0085103500331","Yasso Frozen Greek Yogurt Bars Chocolate Chip Cookie Dough Bars","Yasso","5.99","3.5 fl oz","HIGH","inStore:true; curbside:true; delivery:true; shipToHome:false"
"0007189900375","Blue Bell® Homemade Vanilla Ice Cream Cups","Blue Bell","8.49","12 ct / 3 fl oz","","inStore:true; curbside:true; delivery:true; shipToHome:false"
"0085000968213","Nick's Birthday Cake Light Ice Cream Pint","Nick's","6.99","1 pint","TEMPORARILY_OUT_OF_STOCK","inStore:false; curbside:false; delivery:false; shipToHome:false"
"0084047340015","Yasso ® Ice Cream Chocolate Chip Cookie Dough 14 Fl Oz","Yasso","6.49","14 fl oz","HIGH","inStore:true; curbside:true; delivery:true; shipToHome:false"
"0084047340017","Yasso ® Ice Cream Fudge Brownie 14 Fl Oz","Yasso","6.49","14 fl oz","HIGH","inStore:false; curbside:false; delivery:false; shipToHome:false"
"0007260974121","Alden's Organic® Old School Vanilla Ice Cream Sandwiches","Alden's Organic","6.99","6 ct","HIGH","inStore:true; curbside:true; delivery:true; shipToHome:false"
"0085000968294","Nick's Cheesecake Brownie Ice Cream Pint","Nick's","6.99","16 oz","TEMPORARILY_OUT_OF_STOCK","inStore:false; curbside:false; delivery:false; shipToHome:false"
"0085000197406","Yasso Frozen Greek Yogurt Bars Sea Salt Caramel Chocolate Crunch Bars","Yasso","5.99","2.65fl oz","TEMPORARILY_OUT_OF_STOCK","inStore:true; curbside:true; delivery:true; shipToHome:false"
"0085000197405","Yasso Frozen Greek Yogurt Bars Vanilla Chocolate Crunch Bars","Yasso","5.99","2.65 fl oz","HIGH","inStore:false; curbside:false; delivery:false; shipToHome:false"
"0085103500324","Yasso Yasso Frozen Greek Yogurt Bars Sea Salt Caramel Bars","Yasso","5.99","4 ct / 3.5 fl oz","LOW","inStore:true; curbside:true; delivery:true; shipToHome:false"
"0085103500323","Yasso Frozen Greek Yogurt Bars Mint Chocolate Chip Bars","Yasso","5.99","4 ct / 3.5 fl oz","HIGH","inStore:true; curbside:true; delivery:true; shipToHome:false"
"0085000968200","Nick's Vanilj Light Ice Cream Pint","Nick's","6.99","1 pt","TEMPORARILY_OUT_OF_STOCK","inStore:false; curbside:false; delivery:false; shipToHome:false"
"0085103500322","Yasso Frozen Greek Yogurt Bars Chocolate Fudge Bars","Yasso","5.99","3.5 fl oz","TEMPORARILY_OUT_OF_STOCK","inStore:true; curbside:true; delivery:true; shipToHome:false"
"0085000968205","Nick's Salta Karamell Light Ice Cream Pint","Nick's","6.99","16 pt","TEMPORARILY_OUT_OF_STOCK","inStore:false; curbside:false; delivery:false; shipToHome:false"
"0085314900806","Rebel Keto Butter Pecan Ice Cream Pint","Rebel","6.49","16 oz","HIGH","inStore:true; curbside:true; delivery:true; shipToHome:false"
"0085000968204","Nick's Mint Chokladchip Light Ice Cream Pint","Nick's","6.99","1 pt","TEMPORARILY_OUT_OF_STOCK","inStore:false; curbside:false; delivery:false; shipToHome:false"
"0085103500363","Yasso Frozen Greek Yogurt Bars Fudge Brownie Bars","Yasso","5.99","4 ct / 3.5 fl oz","LOW","inStore:true; curbside:true; delivery:true; shipToHome:false"
"0085314900807","Rebel Lactose Free Coffee Chip Ice Cream Pint","Rebel","6.49","16 oz","LOW","inStore:true; curbside:true; delivery:true; shipToHome:false"
"0085314900804","Rebel Keto Mint Chip Ice Cream Pint","Rebel","6.49","16 oz","TEMPORARILY_OUT_OF_STOCK","inStore:true; curbside:true; delivery:true; shipToHome:false"
"0081009263035","Keto Pint Zero Added Sugar Triple Chocolate Crunch Ice Cream Bars 4pk, 2.75 fl Oz Bars","Keto Foods","7.99","4 pk","HIGH","inStore:true; curbside:true; delivery:true; shipToHome:false"
"0074447372011","So Delicious Dairy Free Vegan Creamy Vanilla Soy Milk Frozen Dessert Pint","SO Delicious","7.29","1 qt","LOW","inStore:true; curbside:true; delivery:true; shipToHome:false"
"0084047340019","Yasso ® Ice Cream Mint Chocolate Chip 14 Fl Oz","Yasso","6.49","14 fl oz","HIGH","inStore:false; curbside:false; delivery:false; shipToHome:false"
"0085000968208","Nick's Triple Choklad Light Ice Cream Pint","Nick's","6.99","16 oz","TEMPORARILY_OUT_OF_STOCK","inStore:false; curbside:false; delivery:false; shipToHome:false"
"0085314900813","Rebel Keto Salted Caramel Ice Cream Pint","Rebel","6.49","16 oz","HIGH","inStore:true; curbside:true; delivery:true; shipToHome:false"
"0085103500356","Yasso Frozen Greek Yogurt Bars Black Raspberry Chip Bars","Yasso","5.99","3.5 fl oz","HIGH","inStore:true; curbside:true; delivery:true; shipToHome:false"
"0081009263029","Keto Pint Zero Added Sugar Salted Caramel Almond Ice Cream Bars 4pk, 2.75 fl Oz Bars","Keto Foods","7.99","4 pk","LOW","inStore:true; curbside:true; delivery:true; shipToHome:false"
"0085003750728","Nightingale Ice Cream Sandwiches® Banana Pudding Chomp Size Ice Cream Sandwiches","Nightingale","7.49","4 ct / 2.6 oz","","inStore:true; curbside:true; delivery:true; shipToHome:false"
"0084047340037","Yasso ® Ice Cream Cookies and Cream 14 Fl Oz","Yasso","6.49","14 fl oz","HIGH","inStore:false; curbside:false; delivery:false; shipToHome:false"
"0085824100688","Jeni's Chocolate Silk Pie Ice Cream Sandwiches","Jeni's","7.99","3 ct / 3.5 fl oz","LOW","inStore:true; curbside:true; delivery:true; shipToHome:false"
"0085808900307","Halo Top Strawberry Light Ice Cream","Halo Top","5.49","1 pint","TEMPORARILY_OUT_OF_STOCK","inStore:true; curbside:true; delivery:true; shipToHome:false"
"0085314900810","Rebel Keto Triple Chocolate Ice Cream Pint","Rebel","6.49","16 oz","LOW","inStore:true; curbside:true; delivery:true; shipToHome:false"
"0084047340036","Yasso ® Ice Cream Coffee Chocolate Chip 14 Fl Oz","Yasso","6.49","14 fl oz","HIGH","inStore:false; curbside:false; delivery:false; shipToHome:false"
"0085000197468","Yasso Frozen Greek Yogurt Bars Creamy Mango Bars","Yasso","5.99","4 ct / 3.5 fl oz","TEMPORARILY_OUT_OF_STOCK","inStore:true; curbside:true; delivery:true; shipToHome:false"
"0085000197469","Yasso Frozen Greek Yogurt Sandwiches Vanilla Bean Sandwiches","Yasso","5.99","3 ct / 3.5 fl oz","LOW","inStore:true; curbside:true; delivery:true; shipToHome:false"
"0085808900313","Halo Top Cookies and Cream Light Ice Cream Pint, 16 fl oz","Halo Top","5.49","1 pint","TEMPORARILY_OUT_OF_STOCK","inStore:false; curbside:false; delivery:false; shipToHome:false"
"0001111050728","Kroger® Strawberry Surf Ice Cream Tub","Kroger","2.99","48 oz","HIGH","inStore:true; curbside:true; delivery:true; shipToHome:false"
"0001111050726","Kroger® Southern Style Butter Pecan Crunch Ice Cream Tub","Kroger","2.99","48 oz","HIGH","inStore:true; curbside:true; delivery:true; shipToHome:false"
"0001111050722","Kroger® Orange Cream Ice Cream Tub","Kroger","2.99","48 oz","HIGH","inStore:true; curbside:true; delivery:true; shipToHome:false"
"0007189903731","Blue Bell® Cookies n Cream Ice Cream Tub","Blue Bell","9.99","64 fl oz","","inStore:true; curbside:true; delivery:true; shipToHome:false"
"0001111014595","Kroger® Lemon Cheesecake Ice Cream Tub","Kroger","2.99","48 fl oz","TEMPORARILY_OUT_OF_STOCK","inStore:true; curbside:true; delivery:true; shipToHome:false"
"0007756726530","Breyers Light Ice Cream Snickers","Breyers","5.49","48 fl oz","LOW","inStore:true; curbside:true; delivery:true; shipToHome:false"
"0007283008116","Tillamook® Chocolate Peanut Butter Ice Cream Tub","Tillamook","7.99","48 oz","LOW","inStore:true; curbside:true; delivery:true; shipToHome:false"
"0001111000464","Private Selection® Amaretto Cherry Cordial Ice Cream Tub","Private Selection","5.99","48 oz","HIGH","inStore:true; curbside:true; delivery:true; shipToHome:false"
"0001111000465","Private Selection® English Toffee Ice Cream Tub","Private Selection","5.99","48 oz","HIGH","inStore:true; curbside:true; delivery:true; shipToHome:false"
"0001111000468","Private Selection® Black Raspberry Fudge Chunk Ice Cream Tub","Private Selection","5.99","48 oz","HIGH","inStore:true; curbside:true; delivery:true; shipToHome:false"
"0007189903735","Blue Bell® Homemade Vanilla Ice Cream Tub","Blue Bell","9.99","64 fl oz","","inStore:true; curbside:true; delivery:true; shipToHome:false"
"0007756725438","Breyers Classics Ice Cream French Vanilla","Breyers","5.49","48 oz","LOW","inStore:true; curbside:true; delivery:true; shipToHome:false"
"0007756725434","Breyers Ice Cream Natural Strawberry","Breyers","5.49","48 oz","LOW","inStore:true; curbside:true; delivery:true; shipToHome:false"
"0001111010274","Kroger® Cookies and Cream Latte Ice Cream Tub","Kroger","2.99","48 oz","HIGH","inStore:true; curbside:true; delivery:true; shipToHome:false"
"0007756722480","Breyers Peanut Butter Light Ice Cream with Reese's Peanut Butter Cups and Peanut Butter Swirl 1 Tub","Breyers","5.49","48 oz","HIGH","inStore:true; curbside:true; delivery:true; shipToHome:false"
"0001111010957","Kroger® Chocolate Ice Cream Party Pail BIG DEAL!","Kroger","7.99","1 gal","HIGH","inStore:true; curbside:true; delivery:true; shipToHome:false"
"0001111010958","Kroger® Fudge Swirl Ice Cream Party Pail BIG DEAL!","Kroger","7.99","1 gal","HIGH","inStore:true; curbside:true; delivery:true; shipToHome:false"
"0001111010955","Kroger® Chocolate Chip Ice Cream Party Pail BIG DEAL!","Kroger","7.99","1 gal","TEMPORARILY_OUT_OF_STOCK","inStore:true; curbside:true; delivery:true; shipToHome:false"
"0001111010956","Kroger® Cookies N' Cream Ice Cream Party Pail BIG DEAL!","Kroger","7.99","1 gal","HIGH","inStore:true; curbside:true; delivery:true; shipToHome:false"
"0001111052937","Kroger® Best of Both Chocolate & French Vanilla Ice Cream Tub","Kroger","2.99","48 oz","HIGH","inStore:true; curbside:true; delivery:true; shipToHome:false"
"0001111050710","Kroger® Chocolate Chip Ice Cream Tub","Kroger","2.99","48 oz","HIGH","inStore:true; curbside:true; delivery:true; shipToHome:false"
"0001111009948","Private Selection® Denali® Extreme Maximum Fudge Moose Tracks® Ice Cream Tub","Private Selection","5.99","48 oz","TEMPORARILY_OUT_OF_STOCK","inStore:true; curbside:true; delivery:true; shipToHome:false"
"0007283008108","Tillamook® French Vanilla Ice Cream Tub","Tillamook","7.99","48 oz","LOW","inStore:true; curbside:true; delivery:true; shipToHome:false"
"0001111000453","Private Selection® Double Vanilla Ice Cream Tub","Private Selection","5.99","48 oz","HIGH","inStore:true; curbside:true; delivery:true; shipToHome:false"
"0001111000454","Private Selection® Vanilla Bean Ice Cream Tub","Private Selection","5.99","48 oz","HIGH","inStore:true; curbside:true; delivery:true; shipToHome:false"
"0001111009944","Private Selection® Denali® Extreme Moose Tracks® Ice Cream Tub","Private Selection","5.99","48 oz","HIGH","inStore:true; curbside:true; delivery:true; shipToHome:false"
"0001111009945","Private Selection® Denali® Moose Tracks® Ice Cream Tub","Private Selection","5.99","48 oz","HIGH","inStore:true; curbside:true; delivery:true; shipToHome:false"
"0007283008104","Tillamook® Mint Chocolate Chip Ice Cream Tub","Tillamook","7.99","48 oz","LOW","inStore:true; curbside:true; delivery:true; shipToHome:false"
"0004154800186","Edy’s/Dreyer’s Slow Churned Classic Vanilla Light Ice Cream, 1.5 Qt","Dreyer's/Edy's","3.99","48 oz","HIGH","inStore:true; curbside:true; delivery:true; shipToHome:false"
"0007283008110","Tillamook Oregon Strawberry Ice Cream Tub","Tillamook","7.99","48 oz","LOW","inStore:true; curbside:true; delivery:true; shipToHome:false"
"0004154800386","Edy’s/Dreyer’s Slow Churned Vanilla Bean Light Ice Cream, 1.5 Qt","Dreyer's/Edy's","3.99","1.5 qt","HIGH","inStore:true; curbside:true; delivery:true; shipToHome:false"
"0001111050709","Kroger® Chocolate Cherry Nut Truffle Ice Cream Tub","Kroger","2.99","48 oz","HIGH","inStore:true; curbside:true; delivery:true; shipToHome:false"
"0001111050504","Kroger® Lactose Free No Sugar Added 1883 Vanilla Ice Cream Tub","Kroger","2.99","48 oz","HIGH","inStore:true; curbside:true; delivery:true; shipToHome:false"
"0001111050501","Kroger® Churned Lactose Free No Sugar Added Peanut Butter Fudge Swirl Ice Cream Tub","Kroger","2.99","48 oz","HIGH","inStore:true; curbside:true; delivery:true; shipToHome:false"
"0001111014013","Private Selection® Strawberry Cheesecake Ice Cream","Private Selection","5.99","48 oz","HIGH","inStore:true; curbside:true; delivery:true; shipToHome:false"
"0007283008136","Tillamook® Salty Caramel Pretzel Ice Cream 1.5 qt","Tillamook","7.99","48 oz","LOW","inStore:true; curbside:true; delivery:true; shipToHome:false"
"0007756722700","Breyers Light Ice Cream Vanilla Ice Cream","Breyers","5.49","48 oz","HIGH","inStore:true; curbside:true; delivery:true; shipToHome:false"
"0001111012079","Kroger® Black Raspberry Cookies and Cream Ice Cream Tub","Kroger","2.99","48 oz","HIGH","inStore:true; curbside:true; delivery:true; shipToHome:false"
"0004154834586","Edy's/Dreyer's Slow Churned Caramel Delight Light Ice Cream, 1.5 Qt","Edy's","3.99","1.5 qt","HIGH","inStore:true; curbside:true; delivery:true; shipToHome:false"
"0004154855086","Edy’s/Dreyer’s Slow Churned Cookie Dough Light Ice Cream, 1.5 Qt","Dreyer's/Edy's","3.99","48 oz","LOW","inStore:true; curbside:true; delivery:true; shipToHome:false"
"0001111050776","Kroger® Churned Lactose Free No Sugar Added Chocolate Ice Cream Tub","Kroger","2.99","48 oz","HIGH","inStore:true; curbside:true; delivery:true; shipToHome:false"
"0001111050495","Kroger® Churned Cookies and Cream Light Ice Cream Tub","Kroger","2.99","48 oz","HIGH","inStore:true; curbside:true; delivery:true; shipToHome:false"
"0001111050493","Kroger® Churned Caramel Delight Light Ice Cream Tub","Kroger","2.99","48 oz","HIGH","inStore:true; curbside:true; delivery:true; shipToHome:false"
"0001111050490","Kroger® Churned Artisan Vanilla Bean Light Ice Cream Tub","Kroger","2.99","48 oz","LOW","inStore:true; curbside:true; delivery:true; shipToHome:false"
"0007283008126","Tillamook Waffle Cone Swirl Ice Cream Tub","Tillamook","7.99","48 oz","LOW","inStore:true; curbside:true; delivery:true; shipToHome:false"
"0001111050491","Kroger® Churned Mint Chocolate Chip Light Ice Cream Tub","Kroger","2.99","48 oz","LOW","inStore:true; curbside:true; delivery:true; shipToHome:false"
"0007756725426","Breyers Original Ice Cream Vanilla Chocolate Strawberry","Breyers","5.49","48 oz","HIGH","inStore:true; curbside:true; delivery:true; shipToHome:false"
"0007756725424","Breyers Ice Cream Mint Chocolate Chip","Breyers","5.49","48 oz","HIGH","inStore:true; curbside:true; delivery:true; shipToHome:false"
"0007283008132","Tillamook Neapolitan Ice Cream Tub","Tillamook","7.99","48 oz","HIGH","inStore:true; curbside:true; delivery:true; shipToHome:false"
"0007756725420","Breyers Ice Cream Chocolate Ice Cream","Breyers","5.49","48 oz","HIGH","inStore:true; curbside:true; delivery:true; shipToHome:false"
"0001111014546","Kroger® Lemon Creme Ice Cream Tub","Kroger","2.99","48 fl oz","HIGH","inStore:true; curbside:true; delivery:true; shipToHome:false"
"0001111014943","Kroger® Tie Dye Burst Ice Cream Tub","Kroger","2.99","48 oz","HIGH","inStore:true; curbside:true; delivery:true; shipToHome:false"
"0007189903733","Blue Bell® Dutch Chocolate Ice Cream Tub","Blue Bell","9.99","64 fl oz","","inStore:false; curbside:false; delivery:false; shipToHome:false"
"0007189903730","Blue Bell® Cookie Two Step® Ice Cream Tub","Blue Bell","9.99","64 fl oz","","inStore:true; curbside:true; delivery:true; shipToHome:false"
"0004154806186","Edy’s/Dreyer’s Slow Churned Mint Chocolate Chip Light Ice Cream, 1.5 Qt","Dreyer's/Edy's","3.99","48 oz","HIGH","inStore:true; curbside:true; delivery:true; shipToHome:false"
"0001111000463","Private Selection® Semi-Sweet Chocolate Chip Ice Cream Tub","Private Selection","5.99","48 oz","LOW","inStore:true; curbside:true; delivery:true; shipToHome:false"
"0007189903739","Blue Bell® Moo-llennium Crunch® Ice Cream Tub","Blue Bell","9.99","64 fl oz","","inStore:true; curbside:true; delivery:true; shipToHome:false"
"0007189903738","Blue Bell® Mint Chocolate Chip Ice Cream Tub","Blue Bell","9.99","64 fl oz","","inStore:true; curbside:true; delivery:true; shipToHome:false"
"0004154876686","Edy's/Dreyer's Slow Churned Chocolate Chip Light Ice Cream, 1.5 Qt","Dreyer's/Edy's","3.99","48 oz","TEMPORARILY_OUT_OF_STOCK","inStore:true; curbside:true; delivery:true; shipToHome:false"
"0007283008121","Tillamook Udderly Chocolate Ice Cream Tub","Tillamook","7.99","48 oz","LOW","inStore:true; curbside:true; delivery:true; shipToHome:false"
"0001111000460","Private Selection® Chocolate Ganache Ice Cream Tub","Private Selection","5.99","48 oz","LOW","inStore:true; curbside:true; delivery:true; shipToHome:false"
"0001111014597","Private Selection® Creamsicle Swirl Ice Cream Pint","Private Selection","3.99","16 fl oz","HIGH","inStore:true; curbside:true; delivery:true; shipToHome:false"
"0001111014438","Private Selection® Cookies & Cream Ice Cream Tub","Private Selection","5.99","48 oz","LOW","inStore:true; curbside:true; delivery:true; shipToHome:false"
"0001111014083","Private Selection Triple Brownie Ice Cream","Private Selection","5.99","48 oz","HIGH","inStore:true; curbside:true; delivery:true; shipToHome:false"
"0004410019300","Lactaid Vanilla Ice Cream, 1 Quart","Lactaid","4.79","32 oz","TEMPORARILY_OUT_OF_STOCK","inStore:true; curbside:true; delivery:true; shipToHome:false"
"0007283008107","Tillamook® Coffee Almond Fudge Ice Cream Tub","Tillamook","7.99","48 oz","LOW","inStore:true; curbside:true; delivery:true; shipToHome:false"
"0007189903728","Blue Bell® Chocolate Chip Cookie Dough Ice Cream Tub","Blue Bell","9.99","64 fl oz","","inStore:true; curbside:true; delivery:true; shipToHome:false"
"0007631044002","Homemade™ Brand Chocolate Chip Ice Cream Tub","Homemade Brand","6.79","48 oz","HIGH","inStore:true; curbside:true; delivery:true; shipToHome:false"
"0007189903725","Blue Bell® Buttered Pecan Ice Cream Tub","Blue Bell","9.99","64 fl oz","","inStore:true; curbside:true; delivery:true; shipToHome:false"
"0001111000457","Private Selection® Southern Butter Pecan Ice Cream Tub","Private Selection","5.99","48 oz","HIGH","inStore:true; curbside:true; delivery:true; shipToHome:false"
"0007631044000","Homemade Brand Vanilla Ice Cream Tub","Homemade Brand","6.79","48 oz","HIGH","inStore:true; curbside:true; delivery:true; shipToHome:false"
"0001111014082","Private Selection® Caramel & Praline Pecan Ice Cream Tub","Private Selection","5.99","48 oz","HIGH","inStore:true; curbside:true; delivery:true; shipToHome:false"
"0001111009947","Private Selection® Denali® Chocolate Peanut Butter Moose Tracks® Ice Cream Tub","Private Selection","5.99","48 oz","HIGH","inStore:true; curbside:true; delivery:true; shipToHome:false"
"0004154804786","Edy's/Dreyer's Slow Churned Cookies N' Cream Light Ice Cream, 1.5 Qt","Edy's","3.99","48 oz","TEMPORARILY_OUT_OF_STOCK","inStore:true; curbside:true; delivery:true; shipToHome:false"
"0007631044003","Homemade Brand Cookies 'N Cream Ice Cream Tub","Homemade Brand","6.79","48 oz","HIGH","inStore:true; curbside:true; delivery:true; shipToHome:false"
"0001111061158","Private Selection® Brown Butter Bourbon Truffle Ice Cream Tub","Private Selection","5.99","48 oz","LOW","inStore:true; curbside:true; delivery:true; shipToHome:false"
"0004154873786","Edy's/Dreyer's Slow Churned French Vanilla Light Ice Cream, 1.5 Qt","Dreyer's/Edy's","3.99","48 oz","HIGH","inStore:true; curbside:true; delivery:true; shipToHome:false"
"0004410019313","Lactaid Cookies & Cream Ice Cream, 1 Quart","Lactaid","4.79","32 oz","HIGH","inStore:true; curbside:true; delivery:true; shipToHome:false"
"0001111014574","Private Selection® Wedding Cake Ice Cream Tub","Private Selection","5.99","48 fl oz","HIGH","inStore:true; curbside:true; delivery:true; shipToHome:false"
"0007283008139","Tillamook® Chocolate Collection Brownie Batter Ice Cream Tub","Tillamook","7.99","48 oz","LOW","inStore:true; curbside:true; delivery:true; shipToHome:false"
"0007283008138","Tillamook® Chocolate Collection Dark Chocolate Hazelnut Ice Cream Tub","Tillamook","7.99","48 oz","HIGH","inStore:true; curbside:true; delivery:true; shipToHome:false"
"0007585600106","Breyers Campfire Collection Ice Cream S'mores","Breyers","5.49","48 oz","HIGH","inStore:true; curbside:true; delivery:true; shipToHome:false"
"0007283008137","Tillamook® Strawberries and Cream Ice Cream Tub","Tillamook","7.99","48 oz","TEMPORARILY_OUT_OF_STOCK","inStore:true; curbside:true; delivery:true; shipToHome:false"
"0007631044011","Homemade Brand Cherry Cordial Ice Cream Tub","Homemade Brand","6.79","48 oz","HIGH","inStore:true; curbside:true; delivery:true; shipToHome:false"
"0007631044016","Homemade Brand Natural Vanilla Bean Ice Cream Tub","Homemade Brand","6.79","48 oz","HIGH","inStore:true; curbside:true; delivery:true; shipToHome:false"
"0007283008141","Tillamook® Chocolate Collection Dark Chocolate Cookies & Cream Ice Cream Tub","Tillamook","7.99","48 oz","HIGH","inStore:true; curbside:true; delivery:true; shipToHome:false"
"0007283008144","Tillamook Orange & Cream Ice Cream Tub","Tillamook","7.99","48 oz","LOW","inStore:true; curbside:true; delivery:true; shipToHome:false"
"0007283008140","Tillamook® Chocolate Collection German Chocolate Cake Ice Cream Tub","Tillamook","7.99","48 oz","HIGH","inStore:true; curbside:true; delivery:true; shipToHome:false"
"0007631044018","Homemade™ Brand Peanut Butter 'N Chip Ice Cream Tub","Homemade Brand","6.79","48 oz","HIGH","inStore:true; curbside:true; delivery:true; shipToHome:false"
"0004154803486","Edy's/Dreyer's Slow Churned Butter Pecan Light Ice Cream, 1.5 Qt","Edy's","3.99","48 oz","LOW","inStore:true; curbside:true; delivery:true; shipToHome:false"
"0001111014531","Kroger® Mint Chip Ice Cream Party Pail BIG DEAL!","Kroger","7.99","1 gal","LOW","inStore:true; curbside:true; delivery:true; shipToHome:false"
"0007189903740","Blue Bell® Natural Vanilla Bean Ice Cream Tub","Blue Bell","9.99","64 fl oz","","inStore:true; curbside:true; delivery:true; shipToHome:false"
"0001111050498","Kroger® 1883 Vanilla Churned Light Ice Cream Tub","Kroger","2.99","48 oz","LOW","inStore:true; curbside:true; delivery:true; shipToHome:false"
"0004154807486","Edy's/Dreyer's Slow Churned Double Fudge Brownie Light Ice Cream, 1.5 Qt","Dreyer's/Edy's","3.99","1.5 qt","HIGH","inStore:true; curbside:true; delivery:true; shipToHome:false"
"0007283008129","Tillamook® Butter Pecan Ice Cream Tub","Tillamook","7.99","48 oz","HIGH","inStore:true; curbside:true; delivery:true; shipToHome:false"
"0007283008123","Tillamook Oregon Dark Cherry Ice Cream Tub","Tillamook","7.99","48 oz","LOW","inStore:true; curbside:true; delivery:true; shipToHome:false"
"0007189903747","Blue Bell® Ultimate Neapolitan Ice Cream Tub","Blue Bell","9.99","64 fl oz","","inStore:true; curbside:true; delivery:true; shipToHome:false"
"0007283008125","Tillamook Peaches & Cream Ice Cream Tub","Tillamook","7.99","48 oz","LOW","inStore:true; curbside:true; delivery:true; shipToHome:false"
"0007189903746","Blue Bell® The Great Divide® Ice Cream Tub","Blue Bell","9.99","64 fl oz","","inStore:false; curbside:false; delivery:false; shipToHome:false"
"0007756725425","Breyers Ice Cream Vanilla Chocolate","Breyers","5.49","48 oz","LOW","inStore:true; curbside:true; delivery:true; shipToHome:false"
"0085843600579","Hudsonville Traverse City Cherry Fudge Ice Cream Tub","Hudsonville","4.79","48 oz","TEMPORARILY_OUT_OF_STOCK","inStore:false; curbside:false; delivery:false; shipToHome:false"
"0085843600577","Hudsonville Superscoop Ice Cream Tub","Hudsonville","4.79","48 oz","TEMPORARILY_OUT_OF_STOCK","inStore:false; curbside:false; delivery:false; shipToHome:false"
"0007684010098","Ben & Jerry's Phish Food® Chocolate Ice Cream Pint","Ben & Jerry's","6.49","16 oz","HIGH","inStore:true; curbside:true; delivery:true; shipToHome:false"
"0004767748531","DOVE Vanilla & Strawberry Ice Cream Mini Milk Chocolate Individually Wrapped Ice Cream Bars","Dove Ice Cream","5.99","10 ct / 7.5 fl oz","HIGH","inStore:true; curbside:true; delivery:true; shipToHome:false"
"0073149305180","MADAGASCAR VANILLA ICE CREAM 56 Oz","Graeter's","19.99","1.75qt","","inStore:true; curbside:true; delivery:true; shipToHome:false"
"0085006736602","Protein Pints® Cookies & Cream High-Protein Dessert Pint","Protein Pints","7.99","1 pt","TEMPORARILY_OUT_OF_STOCK","inStore:true; curbside:true; delivery:true; shipToHome:false"
"0007631044035","Homemade Brand Milk Chocolate Peanut Butter Cup Ice Cream Tub","Homemade Brand","6.79","48 oz","HIGH","inStore:true; curbside:true; delivery:true; shipToHome:false"
"0007684040021","Ben & Jerry's Strawberry Cheesecake Ice Cream Pint","Ben & Jerry's","6.49","16 oz","HIGH","inStore:true; curbside:true; delivery:true; shipToHome:false"
"0074447300028","So Delicious Dairy Free Vegan Chocolate Cookies N’ Cream Cashew Milk Frozen Dessert Pint","SO Delicious","5.99","16 fl oz","HIGH","inStore:true; curbside:true; delivery:true; shipToHome:false"
"0085843600580","Hudsonville Triple Peanut Butter Cup Ice Cream Tub","Hudsonville","4.79","48 oz","TEMPORARILY_OUT_OF_STOCK","inStore:false; curbside:false; delivery:false; shipToHome:false"
"0007684010015","Ben & Jerry's Cherry Garcia® Ice Cream Pint","Ben & Jerry's","6.49","16 oz","HIGH","inStore:true; curbside:true; delivery:true; shipToHome:false"
"0085000587268","Van Leeuwen® Strawberry Shortcake French Ice Cream Bar","Van Leeuwen Ice Cream","7.99","6 ct / 3 fl oz","LOW","inStore:true; curbside:true; delivery:true; shipToHome:false"
"0007631044080","Homemade Brand Coconut Almond Chip Ice Cream Tub","Homemade Brand","6.79","48 oz","LOW","inStore:true; curbside:true; delivery:true; shipToHome:false"
"0004767750002","DOVE Ice Cream Minis, Milk Chocolate Salted Caramel Chocolate Ice Cream Bars","Dove Ice Cream","5.99","10 pk / 6.5 oz","HIGH","inStore:true; curbside:true; delivery:true; shipToHome:false"
"0007631044086","Homemade™ Brand Seasonal Recipe Peaches & Peaches Ice Cream Tub","Homemade Brand","6.79","48 oz","HIGH","inStore:true; curbside:true; delivery:true; shipToHome:false"
"0085002805172","JonnyPops® Orange Cream Minis Frozen Pops 6pk","JonnyPops","6.99","6.72 fl oz","HIGH","inStore:true; curbside:true; delivery:true; shipToHome:false"
"0007631044001","Homemade Brand Butter Pecan Ice Cream Tub","Homemade Brand","6.79","48 oz","HIGH","inStore:true; curbside:true; delivery:true; shipToHome:false"
"0085002805171","JonnyPops® Chocolate Fudge Cream Minis Frozen Pops 6pk","JonnyPops","6.99","6.72 fl oz","HIGH","inStore:true; curbside:true; delivery:true; shipToHome:false"
"0007260904747","Alden's Orange Cream Bars","Alden's Organic","5.99","4 ct / 3 oz","HIGH","inStore:true; curbside:true; delivery:true; shipToHome:false"
"0073149305110","BLACK RASPBERRY CHIP ICE CREAM 56 Oz","Graeter's","19.99","1.75qt","","inStore:true; curbside:true; delivery:true; shipToHome:false"
"0007631044006","Homemade™ Brand Natural Strawberry Ice Cream Tub","Homemade Brand","6.79","48 oz","HIGH","inStore:true; curbside:true; delivery:true; shipToHome:false"
"0007684048511","Ben & Jerry's The Tonight Dough with Cookie Dough and Caramel and Chocolate Ice Cream Pint","Ben & Jerry's","6.49","16 oz","HIGH","inStore:true; curbside:true; delivery:true; shipToHome:false"
"0007631044005","Homemade Brand Black Raspberry Chip Ice Cream Tub","Homemade Brand","6.79","48 oz","HIGH","inStore:true; curbside:true; delivery:true; shipToHome:false"
"0007631044004","Homemade Brand Dutch Almond Chocolate Ice Cream Tub","Homemade Brand","6.79","48 oz","HIGH","inStore:true; curbside:true; delivery:true; shipToHome:false"
"0085843600559","Hudsonville Blue Moon Ice Cream Tub","Hudsonville","4.79","48 oz","TEMPORARILY_OUT_OF_STOCK","inStore:false; curbside:false; delivery:false; shipToHome:false"
"0007631044007","Homemade Brand Chocolate Ice Cream Tub","Homemade Brand","6.79","48 oz","HIGH","inStore:true; curbside:true; delivery:true; shipToHome:false"
"0004767748525","DOVE Ice Cream Vanilla & Chocolate Mini Dark Chocolate Individually Wrapped Ice Cream Bar Assortment","Dove Ice Cream","5.99","10 ct / 7.5 fl oz","HIGH","inStore:true; curbside:true; delivery:true; shipToHome:false"
"0004767748527","DOVE Vanilla & Chocolate Ice Cream Mini Milk Chocolate Individually Wrapped Ice Cream Bar Assortment","Dove Ice Cream","5.99","10 ct / 7.5 fl oz","LOW","inStore:true; curbside:true; delivery:true; shipToHome:false"
"0085000587298","Van Leeuwen® Swirls Coffee & Cream French Ice Cream Bar","Van Leeuwen Ice Cream","7.99","4 ct / 3 fl oz","HIGH","inStore:true; curbside:true; delivery:true; shipToHome:false"
"0007631044092","Homemade™ Brand Sea Salt Caramel Ice Cream Tub","Homemade Brand","6.79","48 oz","HIGH","inStore:true; curbside:true; delivery:true; shipToHome:false"
"0007457065057","Häagen-Dazs Vanilla Bean Ice Cream, 14 Oz.","Haagen-Dazs","6.49","14 fl oz","HIGH","inStore:true; curbside:true; delivery:true; shipToHome:false"
"0007631044099","UDF Homemade™ Blueberry Lemon Crunch Ice Cream Tub","United Dairy Farmers","6.79","1.5 qt","HIGH","inStore:true; curbside:true; delivery:true; shipToHome:false"
"0081012681009","Van Leeuwen Ice Cream Cake French Ice Cream","Van Leeuwen Ice Cream","6.99","14 oz","HIGH","inStore:false; curbside:false; delivery:false; shipToHome:false"
"0073149305160","DOUBLE CHOCOLATE CHIP ICE CREAM 56 Oz","Graeter's","19.99","1.75qt","","inStore:true; curbside:true; delivery:true; shipToHome:false"
"0007631044014","Homemade Brand Mint Chocolate Chip Ice Cream Tub","Homemade Brand","6.79","48 oz","HIGH","inStore:true; curbside:true; delivery:true; shipToHome:false"
"0085843600569","Hudsonville Mint Chocolate Chip Ice Cream Tub","Hudsonville","4.79","48 oz","TEMPORARILY_OUT_OF_STOCK","inStore:false; curbside:false; delivery:false; shipToHome:false"
"0081012681054","Van Leeuwen® Honeycomb French Ice Cream Bars","Van Leeuwen Ice Cream","7.99","4 ct / 3 fl oz","HIGH","inStore:true; curbside:true; delivery:true; shipToHome:false"
"0085843600565","Hudsonville Deer Traxx Ice Cream Tub","Hudsonville","4.79","48 oz","TEMPORARILY_OUT_OF_STOCK","inStore:false; curbside:false; delivery:false; shipToHome:false"
"0007457002400","Haagen-Dazs Strawberry Ice Cream, 14 Oz.","Haagen-Dazs","6.49","14 fl oz","HIGH","inStore:true; curbside:true; delivery:true; shipToHome:false"
"0085843600561","Hudsonville Caramel Deer Traxx Ice Cream Tub","Hudsonville","4.79","48 oz","TEMPORARILY_OUT_OF_STOCK","inStore:false; curbside:false; delivery:false; shipToHome:false"
"0081012681090","Van Leeuwen Dubai Chocolate Cone Ice Cream Pint","Van Leeuwen Ice Cream","6.99","14 fl oz","LOW","inStore:true; curbside:true; delivery:true; shipToHome:false"
"0007189903745","Blue Bell® Strawberry Ice Cream Tub","Blue Bell","9.99","64 fl oz","","inStore:true; curbside:true; delivery:true; shipToHome:false"
"0007631044020","Homemade™ Brand Chocolate Chip Cookie Dough Ice Cream Tub","Homemade Brand","6.79","48 oz","HIGH","inStore:true; curbside:true; delivery:true; shipToHome:false"
"0007631044063","Homemade Brand Toffee 'N Chip Ice Cream Tub","Homemade Brand","6.79","48 oz","HIGH","inStore:true; curbside:true; delivery:true; shipToHome:false"
"0007631044024","Homemade™ Brand French Vanilla Ice Cream Tub","Homemade Brand","6.79","48 oz","HIGH","inStore:true; curbside:true; delivery:true; shipToHome:false"
"0007631044067","UDF Homemade™ Sefari Tacks Ice Cream Tub","United Dairy Farmers","6.79","1.5 qt","HIGH","inStore:true; curbside:true; delivery:true; shipToHome:false"
"0007631044066","Homemade™ Brand Peanut Butter Chocolate Chip Cookie Dough Ice Cream Tub","Homemade Brand","6.79","48 oz","HIGH","inStore:true; curbside:true; delivery:true; shipToHome:false"
"0073149305130","VANILLA CHOCOLATE CHIP ICE CREAM 56 Oz","Graeter's","19.99","56oz","","inStore:true; curbside:true; delivery:true; shipToHome:false"
"0004767739128","DOVE Vanilla Ice Cream Bars Coated With Milk Chocolate Individually Wrapped Dessert","Dove Ice Cream","5.99","3 ct / 8.67 fl oz","HIGH","inStore:true; curbside:true; delivery:true; shipToHome:false"
"0004767739129","DOVE Vanilla Ice Cream Bars Coated With Dark Chocolate Individually Wrapped Dessert","Dove Ice Cream","5.99","3 ct / 8.67 fl oz","TEMPORARILY_OUT_OF_STOCK","inStore:true; curbside:true; delivery:true; shipToHome:false"
"0085843600575","Hudsonville Seaside Caramel Ice Cream Tub","Hudsonville","4.79","48 oz","TEMPORARILY_OUT_OF_STOCK","inStore:false; curbside:false; delivery:false; shipToHome:false"
"0007457003400","Haagen-Dazs Coffee Ice Cream, 14 Oz.","Haagen-Dazs","6.49","14 fl oz","HIGH","inStore:true; curbside:true; delivery:true; shipToHome:false"
